{
  "generation": 1229,
  "timestamp": "2026-03-20T22:26:36",
  "results": [
    {
      "annual_return": 190.0151,
      "max_drawdown": 14.3758,
      "win_rate": 31.4286,
      "sharpe": 2.6353,
      "calmar": 13.2177,
      "total_trades": 105,
      "profit_factor": 1.9823,
      "fitness": 113.155,
      "dna": {
        "min_score": 1,
        "rsi_buy_threshold": 13.708774830817763,
        "rsi_sell_threshold": 73.87744919739448,
        "r2_min": 0.21628330515895106,
        "slope_min": 0.2741524875516198,
        "volume_ratio_min": 0.683220062030405,
        "hold_days": 2,
        "stop_loss_pct": 1.2850245455340021,
        "take_profit_pct": 13.249824595380414,
        "max_positions": 1,
        "dip_threshold_pct": 6.250218287784561,
        "r2_trend_min": 0.6727627043620171,
        "w_momentum": 0.0,
        "w_mean_reversion": 0.6307,
        "w_volume": 0.2875,
        "w_trend": 0.0456,
        "w_pattern": 0.0363
      }
    },
    {
      "annual_return": 77.0998,
      "max_drawdown": 15.9501,
      "win_rate": 45.2174,
      "sharpe": 1.9756,
      "calmar": 4.8338,
      "total_trades": 230,
      "profit_factor": 1.6089,
      "fitness": 45.3477,
      "dna": {
        "min_score": 1,
        "rsi_buy_threshold": 31.809032420699786,
        "rsi_sell_threshold": 84.0273025410981,
        "r2_min": 0.16944686372827286,
        "slope_min": 0.2741524875516198,
        "volume_ratio_min": 0.5,
        "hold_days": 2,
        "stop_loss_pct": 1.6112398799595615,
        "take_profit_pct": 11.411490522290219,
        "max_positions": 1,
        "dip_threshold_pct": 8.029024060587558,
        "r2_trend_min": 0.4780221922764766,
        "w_momentum": 0.0083,
        "w_mean_reversion": 0.6864,
        "w_volume": 0.2394,
        "w_trend": 0.0329,
        "w_pattern": 0.033
      }
    },
    {
      "annual_return": 87.9472,
      "max_drawdown": 20.173,
      "win_rate": 42.4242,
      "sharpe": 2.0242,
      "calmar": 4.3596,
      "total_trades": 231,
      "profit_factor": 1.571,
      "fitness": 39.8916,
      "dna": {
        "min_score": 1,
        "rsi_buy_threshold": 25.37781530304361,
        "rsi_sell_threshold": 94.43796005719693,
        "r2_min": 0.13719351329734752,
        "slope_min": 0.2741524875516198,
        "volume_ratio_min": 0.7832899976756262,
        "hold_days": 2,
        "stop_loss_pct": 1.683884522600122,
        "take_profit_pct": 9.313341762887264,
        "max_positions": 1,
        "dip_threshold_pct": 6.650201987267484,
        "r2_trend_min": 0.6278853999319467,
        "w_momentum": 0.0,
        "w_mean_reversion": 0.6434,
        "w_volume": 0.2868,
        "w_trend": 0.0505,
        "w_pattern": 0.0193
      }
    },
    {
      "annual_return": 62.8056,
      "max_drawdown": 16.8507,
      "win_rate": 39.6552,
      "sharpe": 1.5727,
      "calmar": 3.7272,
      "total_trades": 232,
      "profit_factor": 1.3633,
      "fitness": 30.8537,
      "dna": {
        "min_score": 1,
        "rsi_buy_threshold": 25.37781530304361,
        "rsi_sell_threshold": 94.43796005719693,
        "r2_min": 0.14613297672984646,
        "slope_min": 0.20330559786024,
        "volume_ratio_min": 0.7030034465671514,
        "hold_days": 2,
        "stop_loss_pct": 1.683884522600122,
        "take_profit_pct": 12.02088879928577,
        "max_positions": 1,
        "dip_threshold_pct": 8.85853025359989,
        "r2_trend_min": 0.548306764048498,
        "w_momentum": 0.0,
        "w_mean_reversion": 0.6072,
        "w_volume": 0.3213,
        "w_trend": 0.0388,
        "w_pattern": 0.0327
      }
    },
    {
      "annual_return": 57.9423,
      "max_drawdown": 16.2447,
      "win_rate": 42.2222,
      "sharpe": 1.3018,
      "calmar": 3.5668,
      "total_trades": 45,
      "profit_factor": 1.2997,
      "fitness": 29.2111,
      "dna": {
        "min_score": 1,
        "rsi_buy_threshold": 18.472166015271895,
        "rsi_sell_threshold": 73.87744919739448,
        "r2_min": 0.14613297672984646,
        "slope_min": 0.36036163836819485,
        "volume_ratio_min": 0.7520253754820556,
        "hold_days": 2,
        "stop_loss_pct": 2.302852431621396,
        "take_profit_pct": 14.961066273318385,
        "max_positions": 1,
        "dip_threshold_pct": 8.85853025359989,
        "r2_trend_min": 0.6199064916063833,
        "w_momentum": 0.0094,
        "w_mean_reversion": 0.5421,
        "w_volume": 0.3847,
        "w_trend": 0.0346,
        "w_pattern": 0.0292
      }
    }
  ]
}