{
  "generation": 959,
  "timestamp": "2026-03-20T20:32:02",
  "results": [
    {
      "annual_return": 215.0479,
      "max_drawdown": 30.515,
      "win_rate": 50.6494,
      "sharpe": 2.066,
      "calmar": 7.0473,
      "total_trades": 231,
      "profit_factor": 1.5346,
      "fitness": 70.8783,
      "dna": {
        "min_score": 1,
        "rsi_buy_threshold": 50.0,
        "rsi_sell_threshold": 80.57541740762771,
        "r2_min": 0.14385048417142401,
        "slope_min": 0.1,
        "volume_ratio_min": 1.4141227448596778,
        "hold_days": 2,
        "stop_loss_pct": 7.030840062393712,
        "take_profit_pct": 15.5818439481509,
        "max_positions": 1,
        "dip_threshold_pct": 11.33212596625019,
        "r2_trend_min": 0.2,
        "w_momentum": 0.0,
        "w_mean_reversion": 0.1822,
        "w_volume": 0.7718,
        "w_trend": 0.0105,
        "w_pattern": 0.0355
      }
    },
    {
      "annual_return": 121.2251,
      "max_drawdown": 23.9055,
      "win_rate": 49.569,
      "sharpe": 1.883,
      "calmar": 5.071,
      "total_trades": 232,
      "profit_factor": 1.5616,
      "fitness": 49.148,
      "dna": {
        "min_score": 1,
        "rsi_buy_threshold": 31.541177093441117,
        "rsi_sell_threshold": 72.51942481257723,
        "r2_min": 0.11366497876600601,
        "slope_min": 0.1,
        "volume_ratio_min": 1.2311647979182636,
        "hold_days": 2,
        "stop_loss_pct": 5.121822577891962,
        "take_profit_pct": 17.263770964865863,
        "max_positions": 1,
        "dip_threshold_pct": 13.214281367353319,
        "r2_trend_min": 0.2,
        "w_momentum": 0.0,
        "w_mean_reversion": 0.1758,
        "w_volume": 0.7796,
        "w_trend": 0.0,
        "w_pattern": 0.0446
      }
    },
    {
      "annual_return": 186.7696,
      "max_drawdown": 41.3796,
      "win_rate": 48.4848,
      "sharpe": 1.9462,
      "calmar": 4.5136,
      "total_trades": 231,
      "profit_factor": 1.5222,
      "fitness": 43.6614,
      "dna": {
        "min_score": 1,
        "rsi_buy_threshold": 50.0,
        "rsi_sell_threshold": 93.30154251878093,
        "r2_min": 0.1106485725978081,
        "slope_min": 0.1,
        "volume_ratio_min": 1.4141227448596778,
        "hold_days": 2,
        "stop_loss_pct": 7.030840062393712,
        "take_profit_pct": 13.994398837836556,
        "max_positions": 1,
        "dip_threshold_pct": 11.33212596625019,
        "r2_trend_min": 0.2,
        "w_momentum": 0.0,
        "w_mean_reversion": 0.1785,
        "w_volume": 0.756,
        "w_trend": 0.0103,
        "w_pattern": 0.0551
      }
    },
    {
      "annual_return": 159.0502,
      "max_drawdown": 38.4233,
      "win_rate": 52.6087,
      "sharpe": 1.9657,
      "calmar": 4.1394,
      "total_trades": 230,
      "profit_factor": 1.5249,
      "fitness": 41.8278,
      "dna": {
        "min_score": 1,
        "rsi_buy_threshold": 50.0,
        "rsi_sell_threshold": 80.57541740762771,
        "r2_min": 0.14385048417142401,
        "slope_min": 0.1,
        "volume_ratio_min": 1.4141227448596778,
        "hold_days": 2,
        "stop_loss_pct": 7.030840062393712,
        "take_profit_pct": 13.994398837836556,
        "max_positions": 1,
        "dip_threshold_pct": 11.33212596625019,
        "r2_trend_min": 0.2,
        "w_momentum": 0.0,
        "w_mean_reversion": 0.1803,
        "w_volume": 0.7636,
        "w_trend": 0.0104,
        "w_pattern": 0.0457
      }
    },
    {
      "annual_return": 122.9964,
      "max_drawdown": 31.3264,
      "win_rate": 51.9481,
      "sharpe": 1.7316,
      "calmar": 3.9263,
      "total_trades": 231,
      "profit_factor": 1.3001,
      "fitness": 38.0989,
      "dna": {
        "min_score": 1,
        "rsi_buy_threshold": 50.0,
        "rsi_sell_threshold": 80.57541740762771,
        "r2_min": 0.14385048417142401,
        "slope_min": 0.1,
        "volume_ratio_min": 1.4141227448596778,
        "hold_days": 2,
        "stop_loss_pct": 7.030840062393712,
        "take_profit_pct": 13.994398837836556,
        "max_positions": 1,
        "dip_threshold_pct": 11.33212596625019,
        "r2_trend_min": 0.2,
        "w_momentum": 0.0098,
        "w_mean_reversion": 0.1766,
        "w_volume": 0.748,
        "w_trend": 0.0102,
        "w_pattern": 0.0554
      }
    }
  ]
}