{
  "generation": 1539,
  "timestamp": "2026-03-21T08:06:26",
  "results": [
    {
      "annual_return": 366.447,
      "max_drawdown": 25.843,
      "win_rate": 56.8966,
      "sharpe": 2.8881,
      "calmar": 14.1797,
      "total_trades": 116,
      "profit_factor": 6.4914,
      "fitness": 168.7382,
      "dna": {
        "min_score": 1,
        "rsi_buy_threshold": 31.705443134416054,
        "rsi_sell_threshold": 95.0,
        "r2_min": 0.1,
        "slope_min": 0.29286712970670237,
        "volume_ratio_min": 1.0721622568862805,
        "hold_days": 4,
        "stop_loss_pct": 8.924070783627082,
        "take_profit_pct": 27.403707822903744,
        "max_positions": 1,
        "dip_threshold_pct": 4.586395100948754,
        "r2_trend_min": 0.37111792418246453,
        "w_momentum": 0.0,
        "w_mean_reversion": 0.0721,
        "w_volume": 0.2798,
        "w_trend": 0.0,
        "w_pattern": 0.0002,
        "w_macd": 0.0891,
        "w_bollinger": 0.2102,
        "w_kdj": 0.0301,
        "w_obv": 0.1556,
        "w_support": 0.1563,
        "w_volume_profile": 0.0066
      }
    },
    {
      "annual_return": 266.5688,
      "max_drawdown": 18.8946,
      "win_rate": 53.7634,
      "sharpe": 2.4545,
      "calmar": 14.1082,
      "total_trades": 93,
      "profit_factor": 3.0117,
      "fitness": 154.2281,
      "dna": {
        "min_score": 1,
        "rsi_buy_threshold": 42.33717403860534,
        "rsi_sell_threshold": 73.55636043340179,
        "r2_min": 0.1,
        "slope_min": 0.3251436335404614,
        "volume_ratio_min": 0.8290461226115846,
        "hold_days": 5,
        "stop_loss_pct": 10.0,
        "take_profit_pct": 27.403707822903744,
        "max_positions": 1,
        "dip_threshold_pct": 4.586395100948754,
        "r2_trend_min": 0.37111792418246453,
        "w_momentum": 0.0,
        "w_mean_reversion": 0.0826,
        "w_volume": 0.2817,
        "w_trend": 0.0,
        "w_pattern": 0.0002,
        "w_macd": 0.0897,
        "w_bollinger": 0.2116,
        "w_kdj": 0.0202,
        "w_obv": 0.1566,
        "w_support": 0.1573,
        "w_volume_profile": 0.0
      }
    },
    {
      "annual_return": 181.8321,
      "max_drawdown": 16.4931,
      "win_rate": 60.0,
      "sharpe": 2.3734,
      "calmar": 11.0248,
      "total_trades": 115,
      "profit_factor": 2.1598,
      "fitness": 125.9341,
      "dna": {
        "min_score": 1,
        "rsi_buy_threshold": 35.93742165738858,
        "rsi_sell_threshold": 95.0,
        "r2_min": 0.1,
        "slope_min": 0.22066385594421878,
        "volume_ratio_min": 1.077171990416895,
        "hold_days": 4,
        "stop_loss_pct": 8.924070783627082,
        "take_profit_pct": 19.15211379160712,
        "max_positions": 1,
        "dip_threshold_pct": 4.0064194822549855,
        "r2_trend_min": 0.4214518803762179,
        "w_momentum": 0.0,
        "w_mean_reversion": 0.0795,
        "w_volume": 0.2709,
        "w_trend": 0.0,
        "w_pattern": 0.0002,
        "w_macd": 0.1054,
        "w_bollinger": 0.2036,
        "w_kdj": 0.032,
        "w_obv": 0.1507,
        "w_support": 0.1514,
        "w_volume_profile": 0.0064
      }
    },
    {
      "annual_return": 250.4895,
      "max_drawdown": 22.8636,
      "win_rate": 55.6522,
      "sharpe": 2.6388,
      "calmar": 10.9558,
      "total_trades": 115,
      "profit_factor": 3.1919,
      "fitness": 124.8643,
      "dna": {
        "min_score": 1,
        "rsi_buy_threshold": 35.93742165738858,
        "rsi_sell_threshold": 74.3114847961846,
        "r2_min": 0.1,
        "slope_min": 0.22441148378057996,
        "volume_ratio_min": 1.0721622568862805,
        "hold_days": 4,
        "stop_loss_pct": 10.0,
        "take_profit_pct": 27.403707822903744,
        "max_positions": 1,
        "dip_threshold_pct": 4.586395100948754,
        "r2_trend_min": 0.271833075004983,
        "w_momentum": 0.0,
        "w_mean_reversion": 0.0887,
        "w_volume": 0.2583,
        "w_trend": 0.0,
        "w_pattern": 0.0002,
        "w_macd": 0.0963,
        "w_bollinger": 0.2271,
        "w_kdj": 0.0325,
        "w_obv": 0.1208,
        "w_support": 0.1689,
        "w_volume_profile": 0.0071
      }
    },
    {
      "annual_return": 278.9135,
      "max_drawdown": 27.5554,
      "win_rate": 57.3913,
      "sharpe": 2.5417,
      "calmar": 10.1219,
      "total_trades": 115,
      "profit_factor": 2.781,
      "fitness": 115.6613,
      "dna": {
        "min_score": 1,
        "rsi_buy_threshold": 32.93184037411628,
        "rsi_sell_threshold": 95.0,
        "r2_min": 0.1,
        "slope_min": 0.29286712970670237,
        "volume_ratio_min": 1.1731509981021513,
        "hold_days": 4,
        "stop_loss_pct": 8.924070783627082,
        "take_profit_pct": 21.873837464593514,
        "max_positions": 1,
        "dip_threshold_pct": 3.2612236506784473,
        "r2_trend_min": 0.37111792418246453,
        "w_momentum": 0.0,
        "w_mean_reversion": 0.085,
        "w_volume": 0.2899,
        "w_trend": 0.0,
        "w_pattern": 0.0002,
        "w_macd": 0.0924,
        "w_bollinger": 0.2178,
        "w_kdj": 0.0107,
        "w_obv": 0.1422,
        "w_support": 0.1619,
        "w_volume_profile": 0.0
      }
    }
  ]
}