{
  "generation": 719,
  "timestamp": "2026-03-20T18:31:46",
  "results": [
    {
      "annual_return": 95.116,
      "max_drawdown": 9.2051,
      "win_rate": 23.3766,
      "sharpe": 2.4589,
      "calmar": 10.333,
      "total_trades": 231,
      "profit_factor": 2.0376,
      "fitness": 74.5288,
      "dna": {
        "min_score": 1,
        "rsi_buy_threshold": 44.62095379846276,
        "rsi_sell_threshold": 68.01788342348961,
        "r2_min": 0.36338881689134556,
        "slope_min": 0.1255768251954884,
        "volume_ratio_min": 2.42043329662973,
        "hold_days": 2,
        "stop_loss_pct": 0.641710918484583,
        "take_profit_pct": 7.839363188488592,
        "max_positions": 1,
        "dip_threshold_pct": 3.0,
        "r2_trend_min": 0.24532298605186276,
        "w_momentum": 0.0106,
        "w_mean_reversion": 0.5511,
        "w_volume": 0.4383,
        "w_trend": 0.0,
        "w_pattern": 0.0
      }
    },
    {
      "annual_return": 91.1825,
      "max_drawdown": 13.1731,
      "win_rate": 25.0,
      "sharpe": 2.3086,
      "calmar": 6.9219,
      "total_trades": 232,
      "profit_factor": 1.9913,
      "fitness": 50.5895,
      "dna": {
        "min_score": 1,
        "rsi_buy_threshold": 44.62095379846276,
        "rsi_sell_threshold": 68.01788342348961,
        "r2_min": 0.36338881689134556,
        "slope_min": 0.11305221598889936,
        "volume_ratio_min": 2.42043329662973,
        "hold_days": 2,
        "stop_loss_pct": 0.7816692941978101,
        "take_profit_pct": 7.839363188488592,
        "max_positions": 1,
        "dip_threshold_pct": 3.43289882601925,
        "r2_trend_min": 0.2,
        "w_momentum": 0.0106,
        "w_mean_reversion": 0.5512,
        "w_volume": 0.4383,
        "w_trend": 0.0,
        "w_pattern": 0.0
      }
    },
    {
      "annual_return": 119.6203,
      "max_drawdown": 25.2752,
      "win_rate": 43.5345,
      "sharpe": 2.346,
      "calmar": 4.7327,
      "total_trades": 232,
      "profit_factor": 2.0133,
      "fitness": 45.8783,
      "dna": {
        "min_score": 1,
        "rsi_buy_threshold": 42.22162903038783,
        "rsi_sell_threshold": 69.22047867313508,
        "r2_min": 0.3358930645479591,
        "slope_min": 0.13268798429422818,
        "volume_ratio_min": 2.458881906651559,
        "hold_days": 2,
        "stop_loss_pct": 1.7086804049118771,
        "take_profit_pct": 9.970192623704019,
        "max_positions": 1,
        "dip_threshold_pct": 3.0,
        "r2_trend_min": 0.22455734830913968,
        "w_momentum": 0.0202,
        "w_mean_reversion": 0.6238,
        "w_volume": 0.346,
        "w_trend": 0.01,
        "w_pattern": 0.0
      }
    },
    {
      "annual_return": 88.2425,
      "max_drawdown": 19.3556,
      "win_rate": 37.6623,
      "sharpe": 2.0487,
      "calmar": 4.559,
      "total_trades": 154,
      "profit_factor": 1.8257,
      "fitness": 39.4421,
      "dna": {
        "min_score": 1,
        "rsi_buy_threshold": 50.0,
        "rsi_sell_threshold": 55.0,
        "r2_min": 0.47006365355138624,
        "slope_min": 0.14971779488163464,
        "volume_ratio_min": 5.0,
        "hold_days": 3,
        "stop_loss_pct": 1.7110968529686699,
        "take_profit_pct": 8.434994864000922,
        "max_positions": 1,
        "dip_threshold_pct": 3.0,
        "r2_trend_min": 0.22455734830913968,
        "w_momentum": 0.0,
        "w_mean_reversion": 0.6441,
        "w_volume": 0.3415,
        "w_trend": 0.0033,
        "w_pattern": 0.011
      }
    },
    {
      "annual_return": 83.0126,
      "max_drawdown": 19.1225,
      "win_rate": 39.6552,
      "sharpe": 2.0313,
      "calmar": 4.3411,
      "total_trades": 232,
      "profit_factor": 1.6904,
      "fitness": 38.4429,
      "dna": {
        "min_score": 1,
        "rsi_buy_threshold": 42.22162903038783,
        "rsi_sell_threshold": 61.48231205726685,
        "r2_min": 0.4084733996631855,
        "slope_min": 0.14971779488163464,
        "volume_ratio_min": 1.7611250497461863,
        "hold_days": 2,
        "stop_loss_pct": 1.4303088405746882,
        "take_profit_pct": 7.964427938483606,
        "max_positions": 1,
        "dip_threshold_pct": 3.0,
        "r2_trend_min": 0.22455734830913968,
        "w_momentum": 0.0299,
        "w_mean_reversion": 0.6177,
        "w_volume": 0.3425,
        "w_trend": 0.0,
        "w_pattern": 0.0099
      }
    }
  ]
}