{
  "generation": 599,
  "timestamp": "2026-03-20T17:26:12",
  "results": [
    {
      "annual_return": 237.9651,
      "max_drawdown": 18.6689,
      "win_rate": 53.8793,
      "sharpe": 2.8516,
      "calmar": 12.7466,
      "total_trades": 232,
      "profit_factor": 2.1464,
      "fitness": 146.9246,
      "dna": {
        "min_score": 1,
        "rsi_buy_threshold": 39.38359771423825,
        "rsi_sell_threshold": 72.70143699643685,
        "r2_min": 0.8648536941767022,
        "slope_min": 0.2916561715107281,
        "volume_ratio_min": 3.17469018128833,
        "hold_days": 2,
        "stop_loss_pct": 2.861386123404471,
        "take_profit_pct": 18.00053820965388,
        "max_positions": 1,
        "dip_threshold_pct": 3.0,
        "r2_trend_min": 0.3842451807840377,
        "w_momentum": 0.0,
        "w_mean_reversion": 0.7296,
        "w_volume": 0.2316,
        "w_trend": 0.0284,
        "w_pattern": 0.0104
      }
    },
    {
      "annual_return": 93.0181,
      "max_drawdown": 14.5173,
      "win_rate": 45.6897,
      "sharpe": 2.1816,
      "calmar": 6.4074,
      "total_trades": 232,
      "profit_factor": 1.6023,
      "fitness": 62.2073,
      "dna": {
        "min_score": 1,
        "rsi_buy_threshold": 27.78853460698014,
        "rsi_sell_threshold": 72.70143699643685,
        "r2_min": 0.7070154545101525,
        "slope_min": 0.2916561715107281,
        "volume_ratio_min": 3.17469018128833,
        "hold_days": 2,
        "stop_loss_pct": 2.0385528744240844,
        "take_profit_pct": 20.602427185123304,
        "max_positions": 1,
        "dip_threshold_pct": 3.0,
        "r2_trend_min": 0.46972243679878845,
        "w_momentum": 0.0088,
        "w_mean_reversion": 0.6943,
        "w_volume": 0.2598,
        "w_trend": 0.0272,
        "w_pattern": 0.01
      }
    },
    {
      "annual_return": 141.0641,
      "max_drawdown": 27.5141,
      "win_rate": 50.8621,
      "sharpe": 2.146,
      "calmar": 5.127,
      "total_trades": 232,
      "profit_factor": 1.7378,
      "fitness": 52.2578,
      "dna": {
        "min_score": 1,
        "rsi_buy_threshold": 45.71416983140519,
        "rsi_sell_threshold": 59.442410241638484,
        "r2_min": 0.7070154545101525,
        "slope_min": 0.32449792210702955,
        "volume_ratio_min": 3.17469018128833,
        "hold_days": 2,
        "stop_loss_pct": 3.216834240532876,
        "take_profit_pct": 24.716855634639955,
        "max_positions": 1,
        "dip_threshold_pct": 3.0,
        "r2_trend_min": 0.4072193676227446,
        "w_momentum": 0.0099,
        "w_mean_reversion": 0.6606,
        "w_volume": 0.2872,
        "w_trend": 0.031,
        "w_pattern": 0.0114
      }
    },
    {
      "annual_return": 107.1006,
      "max_drawdown": 19.1884,
      "win_rate": 47.4138,
      "sharpe": 1.7908,
      "calmar": 5.5815,
      "total_trades": 232,
      "profit_factor": 1.6141,
      "fitness": 52.1984,
      "dna": {
        "min_score": 1,
        "rsi_buy_threshold": 37.00886339468673,
        "rsi_sell_threshold": 72.70143699643685,
        "r2_min": 0.7070154545101525,
        "slope_min": 0.32449792210702955,
        "volume_ratio_min": 3.17469018128833,
        "hold_days": 2,
        "stop_loss_pct": 3.216834240532876,
        "take_profit_pct": 22.036597641219565,
        "max_positions": 1,
        "dip_threshold_pct": 3.0,
        "r2_trend_min": 0.4072193676227446,
        "w_momentum": 0.0,
        "w_mean_reversion": 0.6822,
        "w_volume": 0.274,
        "w_trend": 0.032,
        "w_pattern": 0.0118
      }
    },
    {
      "annual_return": 155.0141,
      "max_drawdown": 31.9519,
      "win_rate": 51.9481,
      "sharpe": 2.2678,
      "calmar": 4.8515,
      "total_trades": 231,
      "profit_factor": 1.9625,
      "fitness": 50.8267,
      "dna": {
        "min_score": 1,
        "rsi_buy_threshold": 45.392538621674504,
        "rsi_sell_threshold": 72.70143699643685,
        "r2_min": 0.7070154545101525,
        "slope_min": 0.32831021597977295,
        "volume_ratio_min": 3.17469018128833,
        "hold_days": 2,
        "stop_loss_pct": 3.216834240532876,
        "take_profit_pct": 21.560274946862698,
        "max_positions": 1,
        "dip_threshold_pct": 3.001005315094244,
        "r2_trend_min": 0.46972243679878845,
        "w_momentum": 0.0,
        "w_mean_reversion": 0.6174,
        "w_volume": 0.3299,
        "w_trend": 0.0385,
        "w_pattern": 0.0142
      }
    }
  ]
}