{
  "generation": 289,
  "timestamp": "2026-03-20T14:58:54",
  "results": [
    {
      "annual_return": 295.298,
      "max_drawdown": 21.8585,
      "win_rate": 58.0645,
      "sharpe": 3.0152,
      "calmar": 13.5095,
      "total_trades": 155,
      "profit_factor": 2.9783,
      "fitness": 165.0215,
      "dna": {
        "min_score": 1,
        "rsi_buy_threshold": 42.06863121929326,
        "rsi_sell_threshold": 73.60900469027406,
        "r2_min": 0.1438220291002738,
        "slope_min": 0.16382795136398176,
        "volume_ratio_min": 1.4971990502139498,
        "hold_days": 3,
        "stop_loss_pct": 9.14344997345663,
        "take_profit_pct": 13.716820818334982,
        "max_positions": 1,
        "dip_threshold_pct": 3.173171673995144,
        "r2_trend_min": 0.4275915960470201,
        "w_momentum": 0.0,
        "w_mean_reversion": 0.2013,
        "w_volume": 0.0618,
        "w_trend": 0.0289,
        "w_pattern": 0.708
      }
    },
    {
      "annual_return": 155.2016,
      "max_drawdown": 31.0183,
      "win_rate": 54.2636,
      "sharpe": 1.7999,
      "calmar": 5.0036,
      "total_trades": 129,
      "profit_factor": 1.5986,
      "fitness": 50.1265,
      "dna": {
        "min_score": 1,
        "rsi_buy_threshold": 37.1085194272954,
        "rsi_sell_threshold": 79.24628698627794,
        "r2_min": 0.1,
        "slope_min": 0.16382795136398176,
        "volume_ratio_min": 1.4971990502139498,
        "hold_days": 2,
        "stop_loss_pct": 9.14344997345663,
        "take_profit_pct": 18.292347501696653,
        "max_positions": 1,
        "dip_threshold_pct": 3.0,
        "r2_trend_min": 0.26873122482808603,
        "w_momentum": 0.0,
        "w_mean_reversion": 0.0555,
        "w_volume": 0.0525,
        "w_trend": 0.0265,
        "w_pattern": 0.8655
      }
    },
    {
      "annual_return": 100.2021,
      "max_drawdown": 24.7013,
      "win_rate": 52.2581,
      "sharpe": 1.6787,
      "calmar": 4.0565,
      "total_trades": 155,
      "profit_factor": 1.4962,
      "fitness": 39.1702,
      "dna": {
        "min_score": 1,
        "rsi_buy_threshold": 42.06863121929326,
        "rsi_sell_threshold": 73.60900469027406,
        "r2_min": 0.1438220291002738,
        "slope_min": 0.16382795136398176,
        "volume_ratio_min": 1.7634757430771033,
        "hold_days": 3,
        "stop_loss_pct": 9.14344997345663,
        "take_profit_pct": 13.716820818334982,
        "max_positions": 1,
        "dip_threshold_pct": 3.173171673995144,
        "r2_trend_min": 0.47546080546590574,
        "w_momentum": 0.0,
        "w_mean_reversion": 0.1671,
        "w_volume": 0.0659,
        "w_trend": 0.0199,
        "w_pattern": 0.747
      }
    },
    {
      "annual_return": 134.3545,
      "max_drawdown": 34.0484,
      "win_rate": 48.4848,
      "sharpe": 1.7696,
      "calmar": 3.946,
      "total_trades": 231,
      "profit_factor": 1.6236,
      "fitness": 37.2006,
      "dna": {
        "min_score": 1,
        "rsi_buy_threshold": 37.1085194272954,
        "rsi_sell_threshold": 79.24628698627794,
        "r2_min": 0.1,
        "slope_min": 0.142773119287362,
        "volume_ratio_min": 1.341644646434031,
        "hold_days": 2,
        "stop_loss_pct": 9.14344997345663,
        "take_profit_pct": 15.276930797753817,
        "max_positions": 1,
        "dip_threshold_pct": 3.0,
        "r2_trend_min": 0.26873122482808603,
        "w_momentum": 0.0,
        "w_mean_reversion": 0.0473,
        "w_volume": 0.0744,
        "w_trend": 0.0199,
        "w_pattern": 0.8584
      }
    },
    {
      "annual_return": 104.3292,
      "max_drawdown": 30.1142,
      "win_rate": 55.4839,
      "sharpe": 1.734,
      "calmar": 3.4645,
      "total_trades": 155,
      "profit_factor": 1.667,
      "fitness": 34.7552,
      "dna": {
        "min_score": 1,
        "rsi_buy_threshold": 43.52737940237233,
        "rsi_sell_threshold": 73.60900469027406,
        "r2_min": 0.16882012313246142,
        "slope_min": 0.20733704578341733,
        "volume_ratio_min": 1.4971990502139498,
        "hold_days": 3,
        "stop_loss_pct": 10.0,
        "take_profit_pct": 13.716820818334982,
        "max_positions": 1,
        "dip_threshold_pct": 3.173171673995144,
        "r2_trend_min": 0.2610950676820097,
        "w_momentum": 0.0,
        "w_mean_reversion": 0.1309,
        "w_volume": 0.0544,
        "w_trend": 0.0375,
        "w_pattern": 0.7772
      }
    }
  ]
}