{
  "generation": 1379,
  "timestamp": "2026-03-21T01:34:35",
  "results": [
    {
      "annual_return": 170.7296,
      "max_drawdown": 12.4884,
      "win_rate": 52.1552,
      "sharpe": 2.4097,
      "calmar": 13.671,
      "total_trades": 232,
      "profit_factor": 1.9756,
      "fitness": 146.3129,
      "dna": {
        "min_score": 1,
        "rsi_buy_threshold": 18.022351044716924,
        "rsi_sell_threshold": 95.0,
        "r2_min": 0.16787396997133194,
        "slope_min": 0.33553934651481154,
        "volume_ratio_min": 0.5,
        "hold_days": 2,
        "stop_loss_pct": 4.941108134800463,
        "take_profit_pct": 42.06755617676303,
        "max_positions": 1,
        "dip_threshold_pct": 6.21067217534905,
        "r2_trend_min": 0.30039824468913484,
        "w_momentum": 0.0,
        "w_mean_reversion": 0.0359,
        "w_volume": 0.4483,
        "w_trend": 0.0,
        "w_pattern": 0.0728,
        "w_macd": 0.092,
        "w_bollinger": 0.0754,
        "w_kdj": 0.0599,
        "w_obv": 0.0565,
        "w_support": 0.1375,
        "w_volume_profile": 0.0218
      }
    },
    {
      "annual_return": 224.3065,
      "max_drawdown": 29.572,
      "win_rate": 50.0,
      "sharpe": 2.3688,
      "calmar": 7.5851,
      "total_trades": 232,
      "profit_factor": 1.7856,
      "fitness": 79.0451,
      "dna": {
        "min_score": 1,
        "rsi_buy_threshold": 12.68424264611864,
        "rsi_sell_threshold": 95.0,
        "r2_min": 0.1,
        "slope_min": 0.42004058581326587,
        "volume_ratio_min": 0.5842119775511175,
        "hold_days": 2,
        "stop_loss_pct": 5.952433918349248,
        "take_profit_pct": 36.250469029002616,
        "max_positions": 1,
        "dip_threshold_pct": 8.494525498125375,
        "r2_trend_min": 0.626800225942008,
        "w_momentum": 0.0,
        "w_mean_reversion": 0.0569,
        "w_volume": 0.5605,
        "w_trend": 0.0,
        "w_pattern": 0.0185,
        "w_macd": 0.1019,
        "w_bollinger": 0.0629,
        "w_kdj": 0.0101,
        "w_obv": 0.0528,
        "w_support": 0.1042,
        "w_volume_profile": 0.0323
      }
    },
    {
      "annual_return": 140.7466,
      "max_drawdown": 19.3168,
      "win_rate": 50.8621,
      "sharpe": 2.2203,
      "calmar": 7.2862,
      "total_trades": 232,
      "profit_factor": 1.7651,
      "fitness": 75.0387,
      "dna": {
        "min_score": 1,
        "rsi_buy_threshold": 15.28623569819659,
        "rsi_sell_threshold": 95.0,
        "r2_min": 0.1,
        "slope_min": 0.49217398719316285,
        "volume_ratio_min": 0.5488087914530743,
        "hold_days": 2,
        "stop_loss_pct": 7.27775192971663,
        "take_profit_pct": 36.250469029002616,
        "max_positions": 1,
        "dip_threshold_pct": 6.923118283797798,
        "r2_trend_min": 0.626800225942008,
        "w_momentum": 0.0,
        "w_mean_reversion": 0.0711,
        "w_volume": 0.432,
        "w_trend": 0.0,
        "w_pattern": 0.054,
        "w_macd": 0.0854,
        "w_bollinger": 0.0594,
        "w_kdj": 0.0663,
        "w_obv": 0.0718,
        "w_support": 0.1152,
        "w_volume_profile": 0.0446
      }
    },
    {
      "annual_return": 153.9852,
      "max_drawdown": 20.462,
      "win_rate": 46.7532,
      "sharpe": 2.0358,
      "calmar": 7.5254,
      "total_trades": 231,
      "profit_factor": 1.6489,
      "fitness": 72.4072,
      "dna": {
        "min_score": 1,
        "rsi_buy_threshold": 10.559531083873537,
        "rsi_sell_threshold": 83.7508632857454,
        "r2_min": 0.1,
        "slope_min": 0.49217398719316285,
        "volume_ratio_min": 0.5842119775511175,
        "hold_days": 2,
        "stop_loss_pct": 7.27775192971663,
        "take_profit_pct": 36.250469029002616,
        "max_positions": 1,
        "dip_threshold_pct": 8.494525498125375,
        "r2_trend_min": 0.626800225942008,
        "w_momentum": 0.0,
        "w_mean_reversion": 0.0578,
        "w_volume": 0.565,
        "w_trend": 0.0,
        "w_pattern": 0.0084,
        "w_macd": 0.0858,
        "w_bollinger": 0.0634,
        "w_kdj": 0.0,
        "w_obv": 0.0486,
        "w_support": 0.1248,
        "w_volume_profile": 0.046
      }
    },
    {
      "annual_return": 143.4583,
      "max_drawdown": 21.5884,
      "win_rate": 50.0,
      "sharpe": 2.0269,
      "calmar": 6.6452,
      "total_trades": 232,
      "profit_factor": 1.7294,
      "fitness": 66.0363,
      "dna": {
        "min_score": 1,
        "rsi_buy_threshold": 10.0,
        "rsi_sell_threshold": 95.0,
        "r2_min": 0.17007208423991704,
        "slope_min": 0.33553934651481154,
        "volume_ratio_min": 0.6653035093287238,
        "hold_days": 2,
        "stop_loss_pct": 4.295964973027925,
        "take_profit_pct": 42.06755617676303,
        "max_positions": 1,
        "dip_threshold_pct": 8.624400714045082,
        "r2_trend_min": 0.4081254274702628,
        "w_momentum": 0.0,
        "w_mean_reversion": 0.0956,
        "w_volume": 0.432,
        "w_trend": 0.0,
        "w_pattern": 0.0377,
        "w_macd": 0.0935,
        "w_bollinger": 0.0766,
        "w_kdj": 0.0708,
        "w_obv": 0.0527,
        "w_support": 0.1141,
        "w_volume_profile": 0.0271
      }
    }
  ]
}