{
  "generation": 919,
  "timestamp": "2026-03-20T20:12:30",
  "results": [
    {
      "annual_return": 168.3379,
      "max_drawdown": 18.5826,
      "win_rate": 46.5517,
      "sharpe": 2.1375,
      "calmar": 9.0589,
      "total_trades": 232,
      "profit_factor": 1.906,
      "fitness": 88.2311,
      "dna": {
        "min_score": 1,
        "rsi_buy_threshold": 26.986953616436274,
        "rsi_sell_threshold": 70.12410483705337,
        "r2_min": 0.1663549376055326,
        "slope_min": 0.10804078793626576,
        "volume_ratio_min": 1.9583481490085577,
        "hold_days": 2,
        "stop_loss_pct": 2.9713891473153433,
        "take_profit_pct": 38.21391692163043,
        "max_positions": 1,
        "dip_threshold_pct": 30.0,
        "r2_trend_min": 0.2,
        "w_momentum": 0.023,
        "w_mean_reversion": 0.4197,
        "w_volume": 0.4833,
        "w_trend": 0.0241,
        "w_pattern": 0.0499
      }
    },
    {
      "annual_return": 171.0771,
      "max_drawdown": 24.0701,
      "win_rate": 43.2314,
      "sharpe": 2.0182,
      "calmar": 7.1075,
      "total_trades": 229,
      "profit_factor": 1.7857,
      "fitness": 65.5949,
      "dna": {
        "min_score": 1,
        "rsi_buy_threshold": 26.986953616436274,
        "rsi_sell_threshold": 77.41263861986396,
        "r2_min": 0.1663549376055326,
        "slope_min": 0.11569908819105354,
        "volume_ratio_min": 1.742231121891791,
        "hold_days": 2,
        "stop_loss_pct": 2.4400230780573207,
        "take_profit_pct": 38.21391692163043,
        "max_positions": 1,
        "dip_threshold_pct": 26.95583096060859,
        "r2_trend_min": 0.2547120359446346,
        "w_momentum": 0.0125,
        "w_mean_reversion": 0.3515,
        "w_volume": 0.5396,
        "w_trend": 0.0334,
        "w_pattern": 0.063
      }
    },
    {
      "annual_return": 127.1048,
      "max_drawdown": 19.2474,
      "win_rate": 36.9565,
      "sharpe": 1.9098,
      "calmar": 6.6037,
      "total_trades": 230,
      "profit_factor": 1.6984,
      "fitness": 55.4789,
      "dna": {
        "min_score": 1,
        "rsi_buy_threshold": 50.0,
        "rsi_sell_threshold": 87.16206958264685,
        "r2_min": 0.1843531970116432,
        "slope_min": 0.1445303535174877,
        "volume_ratio_min": 1.262277604241255,
        "hold_days": 2,
        "stop_loss_pct": 1.7437753877546096,
        "take_profit_pct": 27.924277459777368,
        "max_positions": 1,
        "dip_threshold_pct": 27.248965811359632,
        "r2_trend_min": 0.2,
        "w_momentum": 0.0,
        "w_mean_reversion": 0.3536,
        "w_volume": 0.5933,
        "w_trend": 0.0183,
        "w_pattern": 0.0348
      }
    },
    {
      "annual_return": 116.3488,
      "max_drawdown": 23.645,
      "win_rate": 43.1034,
      "sharpe": 2.0635,
      "calmar": 4.9207,
      "total_trades": 232,
      "profit_factor": 1.7618,
      "fitness": 45.6385,
      "dna": {
        "min_score": 1,
        "rsi_buy_threshold": 36.083820376925864,
        "rsi_sell_threshold": 66.12172220992406,
        "r2_min": 0.1663549376055326,
        "slope_min": 0.1445303535174877,
        "volume_ratio_min": 1.664759067101404,
        "hold_days": 2,
        "stop_loss_pct": 1.9088601288119895,
        "take_profit_pct": 19.55991407939402,
        "max_positions": 1,
        "dip_threshold_pct": 30.0,
        "r2_trend_min": 0.2,
        "w_momentum": 0.0118,
        "w_mean_reversion": 0.37,
        "w_volume": 0.5364,
        "w_trend": 0.0225,
        "w_pattern": 0.0592
      }
    },
    {
      "annual_return": 99.1559,
      "max_drawdown": 19.5595,
      "win_rate": 32.9004,
      "sharpe": 1.7155,
      "calmar": 5.0694,
      "total_trades": 231,
      "profit_factor": 1.4765,
      "fitness": 39.0545,
      "dna": {
        "min_score": 1,
        "rsi_buy_threshold": 43.04653122403653,
        "rsi_sell_threshold": 87.16206958264685,
        "r2_min": 0.13827162844236984,
        "slope_min": 0.11367930727727742,
        "volume_ratio_min": 1.4547063933068807,
        "hold_days": 2,
        "stop_loss_pct": 1.7437753877546096,
        "take_profit_pct": 20.56952628070481,
        "max_positions": 1,
        "dip_threshold_pct": 27.248965811359632,
        "r2_trend_min": 0.2247939049210393,
        "w_momentum": 0.0,
        "w_mean_reversion": 0.3432,
        "w_volume": 0.5913,
        "w_trend": 0.0226,
        "w_pattern": 0.0429
      }
    }
  ]
}