{
  "generation": 1409,
  "timestamp": "2026-03-21T03:07:13",
  "results": [
    {
      "annual_return": 175.0876,
      "max_drawdown": 22.3877,
      "win_rate": 49.5652,
      "sharpe": 2.269,
      "calmar": 7.8207,
      "total_trades": 230,
      "profit_factor": 1.8126,
      "fitness": 80.0466,
      "dna": {
        "min_score": 1,
        "rsi_buy_threshold": 14.61860263049392,
        "rsi_sell_threshold": 72.2459542909164,
        "r2_min": 0.1,
        "slope_min": 0.1,
        "volume_ratio_min": 0.5500812847612514,
        "hold_days": 2,
        "stop_loss_pct": 4.3574639828620025,
        "take_profit_pct": 35.37481226584461,
        "max_positions": 1,
        "dip_threshold_pct": 8.115982235304205,
        "r2_trend_min": 0.2,
        "w_momentum": 0.0,
        "w_mean_reversion": 0.0858,
        "w_volume": 0.26,
        "w_trend": 0.0133,
        "w_pattern": 0.0822,
        "w_macd": 0.0774,
        "w_bollinger": 0.0331,
        "w_kdj": 0.1402,
        "w_obv": 0.0882,
        "w_support": 0.1691,
        "w_volume_profile": 0.0506
      }
    },
    {
      "annual_return": 142.6485,
      "max_drawdown": 21.1775,
      "win_rate": 52.1552,
      "sharpe": 2.1989,
      "calmar": 6.7359,
      "total_trades": 232,
      "profit_factor": 1.6084,
      "fitness": 70.039,
      "dna": {
        "min_score": 1,
        "rsi_buy_threshold": 13.450690634303038,
        "rsi_sell_threshold": 95.0,
        "r2_min": 0.1,
        "slope_min": 0.1,
        "volume_ratio_min": 0.5,
        "hold_days": 2,
        "stop_loss_pct": 4.3574639828620025,
        "take_profit_pct": 26.158607495305475,
        "max_positions": 1,
        "dip_threshold_pct": 3.637992843592104,
        "r2_trend_min": 0.2,
        "w_momentum": 0.0,
        "w_mean_reversion": 0.1106,
        "w_volume": 0.2967,
        "w_trend": 0.0289,
        "w_pattern": 0.0774,
        "w_macd": 0.0845,
        "w_bollinger": 0.0352,
        "w_kdj": 0.0761,
        "w_obv": 0.064,
        "w_support": 0.1728,
        "w_volume_profile": 0.0538
      }
    },
    {
      "annual_return": 133.8517,
      "max_drawdown": 19.4294,
      "win_rate": 48.4848,
      "sharpe": 2.0457,
      "calmar": 6.8891,
      "total_trades": 231,
      "profit_factor": 1.6523,
      "fitness": 67.596,
      "dna": {
        "min_score": 1,
        "rsi_buy_threshold": 12.733907119440392,
        "rsi_sell_threshold": 95.0,
        "r2_min": 0.1241842917057749,
        "slope_min": 0.1,
        "volume_ratio_min": 0.5734979090528269,
        "hold_days": 2,
        "stop_loss_pct": 5.117109211520326,
        "take_profit_pct": 33.99411902265175,
        "max_positions": 1,
        "dip_threshold_pct": 6.3294368365285125,
        "r2_trend_min": 0.23617006052316206,
        "w_momentum": 0.0,
        "w_mean_reversion": 0.0739,
        "w_volume": 0.2191,
        "w_trend": 0.0313,
        "w_pattern": 0.059,
        "w_macd": 0.1146,
        "w_bollinger": 0.0645,
        "w_kdj": 0.0996,
        "w_obv": 0.0855,
        "w_support": 0.2089,
        "w_volume_profile": 0.0436
      }
    },
    {
      "annual_return": 111.0545,
      "max_drawdown": 18.9436,
      "win_rate": 51.7241,
      "sharpe": 2.0768,
      "calmar": 5.8624,
      "total_trades": 232,
      "profit_factor": 1.5502,
      "fitness": 59.6741,
      "dna": {
        "min_score": 1,
        "rsi_buy_threshold": 13.450690634303038,
        "rsi_sell_threshold": 95.0,
        "r2_min": 0.1,
        "slope_min": 0.1,
        "volume_ratio_min": 0.5,
        "hold_days": 2,
        "stop_loss_pct": 4.3574639828620025,
        "take_profit_pct": 33.99411902265175,
        "max_positions": 1,
        "dip_threshold_pct": 3.099408818424279,
        "r2_trend_min": 0.23617006052316206,
        "w_momentum": 0.0,
        "w_mean_reversion": 0.1246,
        "w_volume": 0.2595,
        "w_trend": 0.0326,
        "w_pattern": 0.0676,
        "w_macd": 0.0952,
        "w_bollinger": 0.0396,
        "w_kdj": 0.0857,
        "w_obv": 0.0721,
        "w_support": 0.1626,
        "w_volume_profile": 0.0606
      }
    },
    {
      "annual_return": 136.5037,
      "max_drawdown": 28.9297,
      "win_rate": 51.5152,
      "sharpe": 2.1491,
      "calmar": 4.7185,
      "total_trades": 231,
      "profit_factor": 1.7739,
      "fitness": 48.4227,
      "dna": {
        "min_score": 1,
        "rsi_buy_threshold": 10.0,
        "rsi_sell_threshold": 70.16954143891891,
        "r2_min": 0.11729579783749587,
        "slope_min": 0.11471595120041586,
        "volume_ratio_min": 0.5,
        "hold_days": 2,
        "stop_loss_pct": 6.261385293598112,
        "take_profit_pct": 33.99411902265175,
        "max_positions": 1,
        "dip_threshold_pct": 3.0,
        "r2_trend_min": 0.35381229111133855,
        "w_momentum": 0.0,
        "w_mean_reversion": 0.0987,
        "w_volume": 0.313,
        "w_trend": 0.0193,
        "w_pattern": 0.0784,
        "w_macd": 0.0908,
        "w_bollinger": 0.0396,
        "w_kdj": 0.0637,
        "w_obv": 0.0951,
        "w_support": 0.1557,
        "w_volume_profile": 0.0458
      }
    }
  ]
}