{
  "generation": 949,
  "timestamp": "2026-03-20T20:27:17",
  "results": [
    {
      "annual_return": 486.7077,
      "max_drawdown": 32.9639,
      "win_rate": 48.0519,
      "sharpe": 2.4332,
      "calmar": 14.7649,
      "total_trades": 231,
      "profit_factor": 1.9582,
      "fitness": 152.1575,
      "dna": {
        "min_score": 1,
        "rsi_buy_threshold": 37.24250301265869,
        "rsi_sell_threshold": 60.69165708647558,
        "r2_min": 0.12307759182075029,
        "slope_min": 0.11703252094747077,
        "volume_ratio_min": 1.7036252161339813,
        "hold_days": 2,
        "stop_loss_pct": 5.734716568591176,
        "take_profit_pct": 38.276865360773975,
        "max_positions": 1,
        "dip_threshold_pct": 14.469485762654676,
        "r2_trend_min": 0.2,
        "w_momentum": 0.0079,
        "w_mean_reversion": 0.2841,
        "w_volume": 0.6418,
        "w_trend": 0.0,
        "w_pattern": 0.0661
      }
    },
    {
      "annual_return": 187.9925,
      "max_drawdown": 25.3298,
      "win_rate": 54.1126,
      "sharpe": 2.223,
      "calmar": 7.4218,
      "total_trades": 231,
      "profit_factor": 1.6936,
      "fitness": 78.869,
      "dna": {
        "min_score": 1,
        "rsi_buy_threshold": 46.312135978011646,
        "rsi_sell_threshold": 60.69165708647558,
        "r2_min": 0.12307759182075029,
        "slope_min": 0.1,
        "volume_ratio_min": 1.139612663926854,
        "hold_days": 2,
        "stop_loss_pct": 5.738036754431169,
        "take_profit_pct": 14.165627346878177,
        "max_positions": 1,
        "dip_threshold_pct": 22.33686989832705,
        "r2_trend_min": 0.2,
        "w_momentum": 0.0101,
        "w_mean_reversion": 0.2968,
        "w_volume": 0.5968,
        "w_trend": 0.0,
        "w_pattern": 0.0963
      }
    },
    {
      "annual_return": 188.1842,
      "max_drawdown": 30.6704,
      "win_rate": 53.4483,
      "sharpe": 2.2435,
      "calmar": 6.1357,
      "total_trades": 232,
      "profit_factor": 2.0887,
      "fitness": 64.9842,
      "dna": {
        "min_score": 1,
        "rsi_buy_threshold": 50.0,
        "rsi_sell_threshold": 60.69165708647558,
        "r2_min": 0.12307759182075029,
        "slope_min": 0.1,
        "volume_ratio_min": 1.1934844527119262,
        "hold_days": 2,
        "stop_loss_pct": 5.893822255786401,
        "take_profit_pct": 13.000642316575226,
        "max_positions": 1,
        "dip_threshold_pct": 19.22576556053287,
        "r2_trend_min": 0.2,
        "w_momentum": 0.0,
        "w_mean_reversion": 0.3542,
        "w_volume": 0.5639,
        "w_trend": 0.0093,
        "w_pattern": 0.0726
      }
    },
    {
      "annual_return": 219.6824,
      "max_drawdown": 34.4158,
      "win_rate": 48.4848,
      "sharpe": 2.1831,
      "calmar": 6.3832,
      "total_trades": 231,
      "profit_factor": 1.7814,
      "fitness": 63.8533,
      "dna": {
        "min_score": 1,
        "rsi_buy_threshold": 41.001360836736346,
        "rsi_sell_threshold": 55.0,
        "r2_min": 0.10791904262648808,
        "slope_min": 0.1,
        "volume_ratio_min": 1.139612663926854,
        "hold_days": 2,
        "stop_loss_pct": 5.738036754431169,
        "take_profit_pct": 18.82704588686341,
        "max_positions": 1,
        "dip_threshold_pct": 24.842838026743163,
        "r2_trend_min": 0.2536509722070343,
        "w_momentum": 0.0098,
        "w_mean_reversion": 0.2881,
        "w_volume": 0.5792,
        "w_trend": 0.0,
        "w_pattern": 0.1229
      }
    },
    {
      "annual_return": 212.8891,
      "max_drawdown": 39.5723,
      "win_rate": 49.1379,
      "sharpe": 2.1086,
      "calmar": 5.3797,
      "total_trades": 232,
      "profit_factor": 1.8808,
      "fitness": 53.615,
      "dna": {
        "min_score": 1,
        "rsi_buy_threshold": 50.0,
        "rsi_sell_threshold": 55.0,
        "r2_min": 0.12307759182075029,
        "slope_min": 0.10637479347093169,
        "volume_ratio_min": 0.9653138899383583,
        "hold_days": 2,
        "stop_loss_pct": 5.734716568591176,
        "take_profit_pct": 28.079906786416075,
        "max_positions": 1,
        "dip_threshold_pct": 10.77389413343429,
        "r2_trend_min": 0.2,
        "w_momentum": 0.0001,
        "w_mean_reversion": 0.1696,
        "w_volume": 0.7879,
        "w_trend": 0.0006,
        "w_pattern": 0.0418
      }
    }
  ]
}