{
  "generation": 1519,
  "timestamp": "2026-03-21T07:44:33",
  "results": [
    {
      "annual_return": 360.6932,
      "max_drawdown": 11.8891,
      "win_rate": 66.9565,
      "sharpe": 3.1764,
      "calmar": 30.3382,
      "total_trades": 115,
      "profit_factor": 4.5823,
      "fitness": 405.9567,
      "dna": {
        "min_score": 1,
        "rsi_buy_threshold": 50.0,
        "rsi_sell_threshold": 68.82226200301682,
        "r2_min": 0.1,
        "slope_min": 0.3293009690665073,
        "volume_ratio_min": 0.681575407606041,
        "hold_days": 4,
        "stop_loss_pct": 7.5449928825613695,
        "take_profit_pct": 31.475049002362663,
        "max_positions": 1,
        "dip_threshold_pct": 3.2236710698087654,
        "r2_trend_min": 0.256993527404983,
        "w_momentum": 0.0,
        "w_mean_reversion": 0.0483,
        "w_volume": 0.381,
        "w_trend": 0.0247,
        "w_pattern": 0.0338,
        "w_macd": 0.0675,
        "w_bollinger": 0.1263,
        "w_kdj": 0.0512,
        "w_obv": 0.12,
        "w_support": 0.1239,
        "w_volume_profile": 0.0234
      }
    },
    {
      "annual_return": 388.4595,
      "max_drawdown": 16.4795,
      "win_rate": 54.3103,
      "sharpe": 2.5192,
      "calmar": 23.5723,
      "total_trades": 116,
      "profit_factor": 2.8828,
      "fitness": 261.2433,
      "dna": {
        "min_score": 1,
        "rsi_buy_threshold": 50.0,
        "rsi_sell_threshold": 58.26797652862565,
        "r2_min": 0.1,
        "slope_min": 0.3863295620202378,
        "volume_ratio_min": 0.8243357225738933,
        "hold_days": 4,
        "stop_loss_pct": 5.963776962286746,
        "take_profit_pct": 50.0,
        "max_positions": 1,
        "dip_threshold_pct": 5.583740923047492,
        "r2_trend_min": 0.2913953614698167,
        "w_momentum": 0.0,
        "w_mean_reversion": 0.0018,
        "w_volume": 0.2969,
        "w_trend": 0.0102,
        "w_pattern": 0.0366,
        "w_macd": 0.1148,
        "w_bollinger": 0.174,
        "w_kdj": 0.0543,
        "w_obv": 0.1526,
        "w_support": 0.1147,
        "w_volume_profile": 0.0441
      }
    },
    {
      "annual_return": 218.8184,
      "max_drawdown": 14.5979,
      "win_rate": 55.6522,
      "sharpe": 2.5502,
      "calmar": 14.9897,
      "total_trades": 115,
      "profit_factor": 2.9252,
      "fitness": 168.8593,
      "dna": {
        "min_score": 1,
        "rsi_buy_threshold": 30.317384545292676,
        "rsi_sell_threshold": 58.26797652862565,
        "r2_min": 0.1,
        "slope_min": 0.3863295620202378,
        "volume_ratio_min": 0.8243357225738933,
        "hold_days": 4,
        "stop_loss_pct": 5.963776962286746,
        "take_profit_pct": 28.596893947153678,
        "max_positions": 1,
        "dip_threshold_pct": 5.583740923047492,
        "r2_trend_min": 0.2913953614698167,
        "w_momentum": 0.0,
        "w_mean_reversion": 0.0017,
        "w_volume": 0.3168,
        "w_trend": 0.0,
        "w_pattern": 0.0319,
        "w_macd": 0.1086,
        "w_bollinger": 0.1647,
        "w_kdj": 0.0513,
        "w_obv": 0.1444,
        "w_support": 0.1388,
        "w_volume_profile": 0.0418
      }
    },
    {
      "annual_return": 230.226,
      "max_drawdown": 19.0903,
      "win_rate": 51.7241,
      "sharpe": 2.2391,
      "calmar": 12.0598,
      "total_trades": 116,
      "profit_factor": 2.1872,
      "fitness": 125.5748,
      "dna": {
        "min_score": 1,
        "rsi_buy_threshold": 50.0,
        "rsi_sell_threshold": 68.82226200301682,
        "r2_min": 0.1,
        "slope_min": 0.40303446447914115,
        "volume_ratio_min": 0.8761766454133009,
        "hold_days": 4,
        "stop_loss_pct": 7.5449928825613695,
        "take_profit_pct": 31.475049002362663,
        "max_positions": 1,
        "dip_threshold_pct": 4.305119868296736,
        "r2_trend_min": 0.256993527404983,
        "w_momentum": 0.0,
        "w_mean_reversion": 0.0489,
        "w_volume": 0.3408,
        "w_trend": 0.0153,
        "w_pattern": 0.0342,
        "w_macd": 0.0682,
        "w_bollinger": 0.1277,
        "w_kdj": 0.0421,
        "w_obv": 0.1376,
        "w_support": 0.1616,
        "w_volume_profile": 0.0237
      }
    },
    {
      "annual_return": 293.5347,
      "max_drawdown": 31.848,
      "win_rate": 57.3913,
      "sharpe": 2.4884,
      "calmar": 9.2167,
      "total_trades": 115,
      "profit_factor": 4.3,
      "fitness": 104.5726,
      "dna": {
        "min_score": 1,
        "rsi_buy_threshold": 30.317384545292676,
        "rsi_sell_threshold": 68.82226200301682,
        "r2_min": 0.1465222525571552,
        "slope_min": 0.3863295620202378,
        "volume_ratio_min": 1.080688587975942,
        "hold_days": 4,
        "stop_loss_pct": 10.0,
        "take_profit_pct": 28.596893947153678,
        "max_positions": 1,
        "dip_threshold_pct": 5.583740923047492,
        "r2_trend_min": 0.2913953614698167,
        "w_momentum": 0.0,
        "w_mean_reversion": 0.0216,
        "w_volume": 0.2978,
        "w_trend": 0.0,
        "w_pattern": 0.03,
        "w_macd": 0.0891,
        "w_bollinger": 0.1274,
        "w_kdj": 0.0482,
        "w_obv": 0.1484,
        "w_support": 0.1982,
        "w_volume_profile": 0.0393
      }
    }
  ]
}