{
  "generation": 619,
  "timestamp": "2026-03-20T17:38:55",
  "results": [
    {
      "annual_return": 164.2353,
      "max_drawdown": 21.7172,
      "win_rate": 51.2931,
      "sharpe": 2.1776,
      "calmar": 7.5625,
      "total_trades": 232,
      "profit_factor": 1.6373,
      "fitness": 77.7501,
      "dna": {
        "min_score": 1,
        "rsi_buy_threshold": 50.0,
        "rsi_sell_threshold": 66.86670144028675,
        "r2_min": 0.5878533512370031,
        "slope_min": 0.4554017102827095,
        "volume_ratio_min": 2.0209411753641953,
        "hold_days": 2,
        "stop_loss_pct": 4.415631136331015,
        "take_profit_pct": 16.57871361439085,
        "max_positions": 1,
        "dip_threshold_pct": 3.7999188625296667,
        "r2_trend_min": 0.2911551255913182,
        "w_momentum": 0.0143,
        "w_mean_reversion": 0.5491,
        "w_volume": 0.4026,
        "w_trend": 0.0335,
        "w_pattern": 0.0005
      }
    },
    {
      "annual_return": 125.1838,
      "max_drawdown": 17.3824,
      "win_rate": 44.8276,
      "sharpe": 2.2118,
      "calmar": 7.2018,
      "total_trades": 232,
      "profit_factor": 1.8171,
      "fitness": 69.5479,
      "dna": {
        "min_score": 1,
        "rsi_buy_threshold": 44.94248363996889,
        "rsi_sell_threshold": 83.80937648340061,
        "r2_min": 0.29385716404481493,
        "slope_min": 0.30843914144133117,
        "volume_ratio_min": 2.839204618192856,
        "hold_days": 2,
        "stop_loss_pct": 2.7142979181054194,
        "take_profit_pct": 13.503619163963123,
        "max_positions": 1,
        "dip_threshold_pct": 4.367830453711276,
        "r2_trend_min": 0.38770172341935644,
        "w_momentum": 0.0126,
        "w_mean_reversion": 0.6776,
        "w_volume": 0.2731,
        "w_trend": 0.0362,
        "w_pattern": 0.0005
      }
    },
    {
      "annual_return": 136.7878,
      "max_drawdown": 22.257,
      "win_rate": 52.9032,
      "sharpe": 2.1505,
      "calmar": 6.1458,
      "total_trades": 155,
      "profit_factor": 1.813,
      "fitness": 63.9274,
      "dna": {
        "min_score": 1,
        "rsi_buy_threshold": 50.0,
        "rsi_sell_threshold": 55.0,
        "r2_min": 0.5878533512370031,
        "slope_min": 0.3995453592352267,
        "volume_ratio_min": 2.0209411753641953,
        "hold_days": 3,
        "stop_loss_pct": 4.415631136331015,
        "take_profit_pct": 12.979517819618268,
        "max_positions": 1,
        "dip_threshold_pct": 3.7999188625296667,
        "r2_trend_min": 0.2911551255913182,
        "w_momentum": 0.0155,
        "w_mean_reversion": 0.5229,
        "w_volume": 0.4361,
        "w_trend": 0.0255,
        "w_pattern": 0.0
      }
    },
    {
      "annual_return": 129.0663,
      "max_drawdown": 29.3938,
      "win_rate": 50.6494,
      "sharpe": 1.9262,
      "calmar": 4.3909,
      "total_trades": 231,
      "profit_factor": 1.653,
      "fitness": 43.2881,
      "dna": {
        "min_score": 1,
        "rsi_buy_threshold": 50.0,
        "rsi_sell_threshold": 66.86670144028675,
        "r2_min": 0.5878533512370031,
        "slope_min": 0.4554017102827095,
        "volume_ratio_min": 2.0209411753641953,
        "hold_days": 2,
        "stop_loss_pct": 4.415631136331015,
        "take_profit_pct": 16.57871361439085,
        "max_positions": 1,
        "dip_threshold_pct": 3.7999188625296667,
        "r2_trend_min": 0.22545426212489578,
        "w_momentum": 0.0142,
        "w_mean_reversion": 0.5437,
        "w_volume": 0.3986,
        "w_trend": 0.0431,
        "w_pattern": 0.0005
      }
    },
    {
      "annual_return": 93.9033,
      "max_drawdown": 21.0388,
      "win_rate": 45.8874,
      "sharpe": 1.7815,
      "calmar": 4.4633,
      "total_trades": 231,
      "profit_factor": 1.4286,
      "fitness": 41.0073,
      "dna": {
        "min_score": 1,
        "rsi_buy_threshold": 44.94248363996889,
        "rsi_sell_threshold": 76.01123448393633,
        "r2_min": 0.4250496970215335,
        "slope_min": 0.2546337037595381,
        "volume_ratio_min": 2.2664608377678226,
        "hold_days": 2,
        "stop_loss_pct": 2.90808663242556,
        "take_profit_pct": 9.62862370785788,
        "max_positions": 1,
        "dip_threshold_pct": 3.436563527064396,
        "r2_trend_min": 0.4500568447636073,
        "w_momentum": 0.0122,
        "w_mean_reversion": 0.6788,
        "w_volume": 0.2633,
        "w_trend": 0.0451,
        "w_pattern": 0.0006
      }
    }
  ]
}