{
  "generation": 779,
  "timestamp": "2026-03-20T19:00:23",
  "results": [
    {
      "annual_return": 168.5098,
      "max_drawdown": 15.0061,
      "win_rate": 52.381,
      "sharpe": 2.68,
      "calmar": 11.2294,
      "total_trades": 231,
      "profit_factor": 1.7184,
      "fitness": 124.8347,
      "dna": {
        "min_score": 1,
        "rsi_buy_threshold": 43.99016872994174,
        "rsi_sell_threshold": 75.12086605846893,
        "r2_min": 0.3085152854781157,
        "slope_min": 0.3194283177935772,
        "volume_ratio_min": 4.083341741389037,
        "hold_days": 2,
        "stop_loss_pct": 3.0540478871232746,
        "take_profit_pct": 8.487102557895259,
        "max_positions": 1,
        "dip_threshold_pct": 4.825488720966154,
        "r2_trend_min": 0.4349580166834164,
        "w_momentum": 0.0026,
        "w_mean_reversion": 0.4581,
        "w_volume": 0.4749,
        "w_trend": 0.0285,
        "w_pattern": 0.0359
      }
    },
    {
      "annual_return": 180.2592,
      "max_drawdown": 15.8493,
      "win_rate": 46.3203,
      "sharpe": 2.5172,
      "calmar": 11.3734,
      "total_trades": 231,
      "profit_factor": 2.0171,
      "fitness": 116.3758,
      "dna": {
        "min_score": 1,
        "rsi_buy_threshold": 42.755972300289294,
        "rsi_sell_threshold": 55.784822470604574,
        "r2_min": 0.4264740166175045,
        "slope_min": 0.3232088566831026,
        "volume_ratio_min": 5.0,
        "hold_days": 2,
        "stop_loss_pct": 2.698070792613149,
        "take_profit_pct": 10.143205635993281,
        "max_positions": 1,
        "dip_threshold_pct": 4.825488720966154,
        "r2_trend_min": 0.23560487891353257,
        "w_momentum": 0.0,
        "w_mean_reversion": 0.4232,
        "w_volume": 0.5452,
        "w_trend": 0.0,
        "w_pattern": 0.0316
      }
    },
    {
      "annual_return": 158.8955,
      "max_drawdown": 18.5327,
      "win_rate": 49.1379,
      "sharpe": 2.72,
      "calmar": 8.5738,
      "total_trades": 232,
      "profit_factor": 1.8962,
      "fitness": 92.7958,
      "dna": {
        "min_score": 1,
        "rsi_buy_threshold": 40.85899569580805,
        "rsi_sell_threshold": 61.76556137284263,
        "r2_min": 0.4264740166175045,
        "slope_min": 0.43045394882849375,
        "volume_ratio_min": 2.8711944470175013,
        "hold_days": 2,
        "stop_loss_pct": 2.698070792613149,
        "take_profit_pct": 6.729447584308196,
        "max_positions": 1,
        "dip_threshold_pct": 4.825488720966154,
        "r2_trend_min": 0.4349580166834164,
        "w_momentum": 0.0023,
        "w_mean_reversion": 0.4988,
        "w_volume": 0.4211,
        "w_trend": 0.0342,
        "w_pattern": 0.0437
      }
    },
    {
      "annual_return": 166.2007,
      "max_drawdown": 25.7966,
      "win_rate": 48.4848,
      "sharpe": 2.5777,
      "calmar": 6.4427,
      "total_trades": 231,
      "profit_factor": 1.7485,
      "fitness": 67.9892,
      "dna": {
        "min_score": 1,
        "rsi_buy_threshold": 42.755972300289294,
        "rsi_sell_threshold": 55.784822470604574,
        "r2_min": 0.4264740166175045,
        "slope_min": 0.2601962272890189,
        "volume_ratio_min": 4.775132397289862,
        "hold_days": 2,
        "stop_loss_pct": 2.698070792613149,
        "take_profit_pct": 8.29006805480483,
        "max_positions": 1,
        "dip_threshold_pct": 4.825488720966154,
        "r2_trend_min": 0.295794020784489,
        "w_momentum": 0.0,
        "w_mean_reversion": 0.4978,
        "w_volume": 0.4747,
        "w_trend": 0.0,
        "w_pattern": 0.0275
      }
    },
    {
      "annual_return": 163.795,
      "max_drawdown": 30.3041,
      "win_rate": 50.655,
      "sharpe": 2.4984,
      "calmar": 5.405,
      "total_trades": 229,
      "profit_factor": 1.7242,
      "fitness": 57.6911,
      "dna": {
        "min_score": 1,
        "rsi_buy_threshold": 42.755972300289294,
        "rsi_sell_threshold": 55.784822470604574,
        "r2_min": 0.4264740166175045,
        "slope_min": 0.2601962272890189,
        "volume_ratio_min": 4.083341741389037,
        "hold_days": 2,
        "stop_loss_pct": 3.0540478871232746,
        "take_profit_pct": 8.29006805480483,
        "max_positions": 1,
        "dip_threshold_pct": 4.283202461332814,
        "r2_trend_min": 0.3774410690905144,
        "w_momentum": 0.0,
        "w_mean_reversion": 0.4144,
        "w_volume": 0.5629,
        "w_trend": 0.0005,
        "w_pattern": 0.0222
      }
    }
  ]
}