{
  "generation": 19,
  "timestamp": "2026-03-20T12:43:34",
  "results": [
    {
      "annual_return": 238.7143,
      "max_drawdown": 32.6024,
      "win_rate": 47.1983,
      "sharpe": 2.2221,
      "calmar": 7.322,
      "total_trades": 464,
      "profit_factor": 1.401,
      "fitness": 72.6584,
      "dna": {
        "min_score": 4,
        "rsi_buy_threshold": 35.159016805750404,
        "rsi_sell_threshold": 69.79817620031332,
        "r2_min": 0.5901411999153842,
        "slope_min": 0.4503715970116014,
        "volume_ratio_min": 1.9700271107842457,
        "hold_days": 1,
        "stop_loss_pct": 3.599829127156862,
        "take_profit_pct": 18.464273954632002,
        "max_positions": 1,
        "dip_threshold_pct": 7.551347943555939,
        "r2_trend_min": 0.4232813930848792,
        "w_momentum": 0.1672,
        "w_mean_reversion": 0.2004,
        "w_volume": 0.1541,
        "w_trend": 0.2685,
        "w_pattern": 0.2097
      }
    },
    {
      "annual_return": 235.7168,
      "max_drawdown": 35.1259,
      "win_rate": 46.7672,
      "sharpe": 2.2051,
      "calmar": 6.7106,
      "total_trades": 464,
      "profit_factor": 1.2586,
      "fitness": 66.1311,
      "dna": {
        "min_score": 4,
        "rsi_buy_threshold": 41.70783659711472,
        "rsi_sell_threshold": 69.79817620031332,
        "r2_min": 0.47254855389997574,
        "slope_min": 0.6280505698426309,
        "volume_ratio_min": 1.9621631748955881,
        "hold_days": 1,
        "stop_loss_pct": 3.599829127156862,
        "take_profit_pct": 25.621936425750345,
        "max_positions": 1,
        "dip_threshold_pct": 6.150496580977326,
        "r2_trend_min": 0.4232813930848792,
        "w_momentum": 0.1415,
        "w_mean_reversion": 0.1501,
        "w_volume": 0.0736,
        "w_trend": 0.3966,
        "w_pattern": 0.2383
      }
    },
    {
      "annual_return": 142.0875,
      "max_drawdown": 30.8493,
      "win_rate": 44.3966,
      "sharpe": 1.8181,
      "calmar": 4.6059,
      "total_trades": 464,
      "profit_factor": 1.2432,
      "fitness": 41.8481,
      "dna": {
        "min_score": 5,
        "rsi_buy_threshold": 29.25880834708965,
        "rsi_sell_threshold": 95.0,
        "r2_min": 0.4904671763193239,
        "slope_min": 0.7093091253211966,
        "volume_ratio_min": 2.318275298501279,
        "hold_days": 1,
        "stop_loss_pct": 2.765618137464924,
        "take_profit_pct": 20.776397450765135,
        "max_positions": 1,
        "dip_threshold_pct": 7.35840298274636,
        "r2_trend_min": 0.5928952788611319,
        "w_momentum": 0.1509,
        "w_mean_reversion": 0.2934,
        "w_volume": 0.149,
        "w_trend": 0.2452,
        "w_pattern": 0.1616
      }
    },
    {
      "annual_return": 138.5153,
      "max_drawdown": 37.9982,
      "win_rate": 46.0215,
      "sharpe": 1.7382,
      "calmar": 3.6453,
      "total_trades": 465,
      "profit_factor": 1.38,
      "fitness": 33.3263,
      "dna": {
        "min_score": 4,
        "rsi_buy_threshold": 29.25880834708965,
        "rsi_sell_threshold": 95.0,
        "r2_min": 0.5507923084215073,
        "slope_min": 0.5688556605028692,
        "volume_ratio_min": 1.9700271107842457,
        "hold_days": 1,
        "stop_loss_pct": 3.1541884576290258,
        "take_profit_pct": 17.61618917380473,
        "max_positions": 1,
        "dip_threshold_pct": 7.35840298274636,
        "r2_trend_min": 0.5928952788611319,
        "w_momentum": 0.1485,
        "w_mean_reversion": 0.3391,
        "w_volume": 0.1182,
        "w_trend": 0.1857,
        "w_pattern": 0.2085
      }
    },
    {
      "annual_return": 147.4859,
      "max_drawdown": 41.5359,
      "win_rate": 42.5806,
      "sharpe": 1.7949,
      "calmar": 3.5508,
      "total_trades": 465,
      "profit_factor": 1.2664,
      "fitness": 31.4881,
      "dna": {
        "min_score": 4,
        "rsi_buy_threshold": 35.04969097537592,
        "rsi_sell_threshold": 55.0,
        "r2_min": 0.4904671763193239,
        "slope_min": 0.5688556605028692,
        "volume_ratio_min": 1.9700271107842457,
        "hold_days": 1,
        "stop_loss_pct": 2.9815024282118054,
        "take_profit_pct": 15.185863795222652,
        "max_positions": 1,
        "dip_threshold_pct": 6.458200088544771,
        "r2_trend_min": 0.6072960424911497,
        "w_momentum": 0.1355,
        "w_mean_reversion": 0.173,
        "w_volume": 0.1195,
        "w_trend": 0.2826,
        "w_pattern": 0.2894
      }
    }
  ]
}