{
  "generation": 1159,
  "timestamp": "2026-03-20T21:51:36",
  "results": [
    {
      "annual_return": 296.2018,
      "max_drawdown": 18.4352,
      "win_rate": 48.0349,
      "sharpe": 2.4847,
      "calmar": 16.0672,
      "total_trades": 229,
      "profit_factor": 2.0442,
      "fitness": 166.6959,
      "dna": {
        "min_score": 1,
        "rsi_buy_threshold": 12.632333521335319,
        "rsi_sell_threshold": 95.0,
        "r2_min": 0.1,
        "slope_min": 0.3074776466660819,
        "volume_ratio_min": 1.4573915631700816,
        "hold_days": 2,
        "stop_loss_pct": 3.688634182850621,
        "take_profit_pct": 22.554337620141553,
        "max_positions": 1,
        "dip_threshold_pct": 24.260884861150018,
        "r2_trend_min": 0.5825747690948316,
        "w_momentum": 0.0098,
        "w_mean_reversion": 0.5018,
        "w_volume": 0.3767,
        "w_trend": 0.0842,
        "w_pattern": 0.0275
      }
    },
    {
      "annual_return": 268.8542,
      "max_drawdown": 20.9104,
      "win_rate": 54.1126,
      "sharpe": 2.6956,
      "calmar": 12.8574,
      "total_trades": 231,
      "profit_factor": 1.9684,
      "fitness": 145.5707,
      "dna": {
        "min_score": 1,
        "rsi_buy_threshold": 10.0,
        "rsi_sell_threshold": 75.45715420689919,
        "r2_min": 0.11335257066355708,
        "slope_min": 0.39794082227484495,
        "volume_ratio_min": 1.4235647737128347,
        "hold_days": 2,
        "stop_loss_pct": 4.9861854461499036,
        "take_profit_pct": 15.148119029039531,
        "max_positions": 1,
        "dip_threshold_pct": 30.0,
        "r2_trend_min": 0.6593467161537385,
        "w_momentum": 0.0205,
        "w_mean_reversion": 0.5441,
        "w_volume": 0.3024,
        "w_trend": 0.0945,
        "w_pattern": 0.0386
      }
    },
    {
      "annual_return": 237.1825,
      "max_drawdown": 22.2231,
      "win_rate": 48.2759,
      "sharpe": 2.2111,
      "calmar": 10.6728,
      "total_trades": 232,
      "profit_factor": 1.5849,
      "fitness": 106.949,
      "dna": {
        "min_score": 1,
        "rsi_buy_threshold": 10.0,
        "rsi_sell_threshold": 76.02330235160116,
        "r2_min": 0.1,
        "slope_min": 0.4525240411192622,
        "volume_ratio_min": 1.9880231903061372,
        "hold_days": 2,
        "stop_loss_pct": 4.9861854461499036,
        "take_profit_pct": 19.377985908449894,
        "max_positions": 1,
        "dip_threshold_pct": 22.620373531293502,
        "r2_trend_min": 0.6593467161537385,
        "w_momentum": 0.0,
        "w_mean_reversion": 0.4296,
        "w_volume": 0.4279,
        "w_trend": 0.0999,
        "w_pattern": 0.0427
      }
    },
    {
      "annual_return": 228.42,
      "max_drawdown": 23.9351,
      "win_rate": 48.2759,
      "sharpe": 2.2867,
      "calmar": 9.5433,
      "total_trades": 232,
      "profit_factor": 1.6024,
      "fitness": 96.6326,
      "dna": {
        "min_score": 1,
        "rsi_buy_threshold": 10.0,
        "rsi_sell_threshold": 86.15142647765097,
        "r2_min": 0.1,
        "slope_min": 0.4525240411192622,
        "volume_ratio_min": 1.2881778487573348,
        "hold_days": 2,
        "stop_loss_pct": 3.9453030178338513,
        "take_profit_pct": 19.377985908449894,
        "max_positions": 1,
        "dip_threshold_pct": 22.620373531293502,
        "r2_trend_min": 0.6593467161537385,
        "w_momentum": 0.0102,
        "w_mean_reversion": 0.4457,
        "w_volume": 0.4013,
        "w_trend": 0.09,
        "w_pattern": 0.0529
      }
    },
    {
      "annual_return": 208.9548,
      "max_drawdown": 25.6843,
      "win_rate": 46.5517,
      "sharpe": 2.2667,
      "calmar": 8.1355,
      "total_trades": 232,
      "profit_factor": 1.7376,
      "fitness": 80.6712,
      "dna": {
        "min_score": 1,
        "rsi_buy_threshold": 12.632333521335319,
        "rsi_sell_threshold": 86.90608782343246,
        "r2_min": 0.11335257066355708,
        "slope_min": 0.39794082227484495,
        "volume_ratio_min": 1.2881778487573348,
        "hold_days": 2,
        "stop_loss_pct": 3.5535936221961353,
        "take_profit_pct": 19.377985908449894,
        "max_positions": 1,
        "dip_threshold_pct": 23.356802503496997,
        "r2_trend_min": 0.7072325074970791,
        "w_momentum": 0.0,
        "w_mean_reversion": 0.5463,
        "w_volume": 0.3188,
        "w_trend": 0.0856,
        "w_pattern": 0.0492
      }
    }
  ]
}