{
  "generation": 349,
  "timestamp": "2026-03-20T15:28:22",
  "results": [
    {
      "annual_return": 376.7952,
      "max_drawdown": 13.8266,
      "win_rate": 53.8793,
      "sharpe": 3.1423,
      "calmar": 27.2516,
      "total_trades": 232,
      "profit_factor": 2.097,
      "fitness": 325.7444,
      "dna": {
        "min_score": 1,
        "rsi_buy_threshold": 50.0,
        "rsi_sell_threshold": 70.88962438358175,
        "r2_min": 0.2079323795632609,
        "slope_min": 0.111791264847595,
        "volume_ratio_min": 1.0368967144860406,
        "hold_days": 2,
        "stop_loss_pct": 5.377103025107825,
        "take_profit_pct": 16.53482579665602,
        "max_positions": 1,
        "dip_threshold_pct": 3.712061807855415,
        "r2_trend_min": 0.2,
        "w_momentum": 0.0,
        "w_mean_reversion": 0.187,
        "w_volume": 0.1029,
        "w_trend": 0.0098,
        "w_pattern": 0.7003
      }
    },
    {
      "annual_return": 297.4214,
      "max_drawdown": 31.234,
      "win_rate": 51.2931,
      "sharpe": 2.4625,
      "calmar": 9.5224,
      "total_trades": 232,
      "profit_factor": 1.7431,
      "fitness": 101.7862,
      "dna": {
        "min_score": 1,
        "rsi_buy_threshold": 50.0,
        "rsi_sell_threshold": 70.88962438358175,
        "r2_min": 0.16882083054824382,
        "slope_min": 0.111791264847595,
        "volume_ratio_min": 1.0368967144860406,
        "hold_days": 2,
        "stop_loss_pct": 6.955456786432954,
        "take_profit_pct": 18.62864940016683,
        "max_positions": 1,
        "dip_threshold_pct": 3.712061807855415,
        "r2_trend_min": 0.22545759168542953,
        "w_momentum": 0.0,
        "w_mean_reversion": 0.187,
        "w_volume": 0.1029,
        "w_trend": 0.0098,
        "w_pattern": 0.7003
      }
    },
    {
      "annual_return": 170.0354,
      "max_drawdown": 30.3614,
      "win_rate": 51.2931,
      "sharpe": 2.2678,
      "calmar": 5.6004,
      "total_trades": 232,
      "profit_factor": 1.7839,
      "fitness": 58.3019,
      "dna": {
        "min_score": 1,
        "rsi_buy_threshold": 40.25367575207009,
        "rsi_sell_threshold": 95.0,
        "r2_min": 0.1,
        "slope_min": 0.13370710315185452,
        "volume_ratio_min": 0.7966935811655562,
        "hold_days": 2,
        "stop_loss_pct": 3.6569303774084316,
        "take_profit_pct": 21.955150150804265,
        "max_positions": 1,
        "dip_threshold_pct": 4.3220266063901605,
        "r2_trend_min": 0.22380151916796637,
        "w_momentum": 0.0,
        "w_mean_reversion": 0.0578,
        "w_volume": 0.0303,
        "w_trend": 0.0,
        "w_pattern": 0.912
      }
    },
    {
      "annual_return": 126.4177,
      "max_drawdown": 22.8952,
      "win_rate": 51.0823,
      "sharpe": 2.0882,
      "calmar": 5.5216,
      "total_trades": 231,
      "profit_factor": 1.7139,
      "fitness": 55.9453,
      "dna": {
        "min_score": 1,
        "rsi_buy_threshold": 40.25367575207009,
        "rsi_sell_threshold": 91.03054992896614,
        "r2_min": 0.1,
        "slope_min": 0.111791264847595,
        "volume_ratio_min": 0.9537107989122149,
        "hold_days": 2,
        "stop_loss_pct": 3.000535290526031,
        "take_profit_pct": 21.955150150804265,
        "max_positions": 1,
        "dip_threshold_pct": 3.712061807855415,
        "r2_trend_min": 0.2,
        "w_momentum": 0.0,
        "w_mean_reversion": 0.0878,
        "w_volume": 0.0231,
        "w_trend": 0.0,
        "w_pattern": 0.889
      }
    },
    {
      "annual_return": 147.9694,
      "max_drawdown": 29.4204,
      "win_rate": 52.1552,
      "sharpe": 2.0684,
      "calmar": 5.0295,
      "total_trades": 232,
      "profit_factor": 1.6075,
      "fitness": 51.3479,
      "dna": {
        "min_score": 1,
        "rsi_buy_threshold": 43.04871049881139,
        "rsi_sell_threshold": 70.88962438358175,
        "r2_min": 0.11894097783447177,
        "slope_min": 0.12308449265058857,
        "volume_ratio_min": 0.9375623321115747,
        "hold_days": 2,
        "stop_loss_pct": 7.12850275425673,
        "take_profit_pct": 21.181364588463566,
        "max_positions": 1,
        "dip_threshold_pct": 3.4499575510483065,
        "r2_trend_min": 0.2,
        "w_momentum": 0.0,
        "w_mean_reversion": 0.2142,
        "w_volume": 0.1068,
        "w_trend": 0.0,
        "w_pattern": 0.679
      }
    }
  ]
}