{
  "generation": 659,
  "timestamp": "2026-03-20T18:05:49",
  "results": [
    {
      "annual_return": 86.6472,
      "max_drawdown": 19.9788,
      "win_rate": 40.5172,
      "sharpe": 1.9676,
      "calmar": 4.337,
      "total_trades": 232,
      "profit_factor": 1.5314,
      "fitness": 38.4694,
      "dna": {
        "min_score": 1,
        "rsi_buy_threshold": 38.37475940445344,
        "rsi_sell_threshold": 70.01802394647962,
        "r2_min": 0.3479548637697309,
        "slope_min": 0.4172941662154685,
        "volume_ratio_min": 1.050134796305864,
        "hold_days": 2,
        "stop_loss_pct": 1.9499003086833078,
        "take_profit_pct": 6.752257178987447,
        "max_positions": 1,
        "dip_threshold_pct": 4.668166931047562,
        "r2_trend_min": 0.32952932781317773,
        "w_momentum": 0.0098,
        "w_mean_reversion": 0.4116,
        "w_volume": 0.5271,
        "w_trend": 0.0418,
        "w_pattern": 0.0098
      }
    },
    {
      "annual_return": 84.7061,
      "max_drawdown": 18.9525,
      "win_rate": 37.069,
      "sharpe": 1.7529,
      "calmar": 4.4694,
      "total_trades": 232,
      "profit_factor": 1.567,
      "fitness": 36.7512,
      "dna": {
        "min_score": 1,
        "rsi_buy_threshold": 50.0,
        "rsi_sell_threshold": 55.0,
        "r2_min": 0.2661427914891174,
        "slope_min": 0.3191152534130721,
        "volume_ratio_min": 1.5731651872243597,
        "hold_days": 2,
        "stop_loss_pct": 1.735877923366348,
        "take_profit_pct": 12.836078553202272,
        "max_positions": 1,
        "dip_threshold_pct": 3.1900809258354945,
        "r2_trend_min": 0.23474239775255404,
        "w_momentum": 0.022,
        "w_mean_reversion": 0.4928,
        "w_volume": 0.4344,
        "w_trend": 0.0509,
        "w_pattern": 0.0
      }
    },
    {
      "annual_return": 65.8369,
      "max_drawdown": 13.7055,
      "win_rate": 31.3043,
      "sharpe": 1.8259,
      "calmar": 4.8037,
      "total_trades": 230,
      "profit_factor": 1.7051,
      "fitness": 36.6916,
      "dna": {
        "min_score": 1,
        "rsi_buy_threshold": 35.959723585445815,
        "rsi_sell_threshold": 62.17388144943336,
        "r2_min": 0.24370582805624152,
        "slope_min": 0.27432573485512846,
        "volume_ratio_min": 1.3107313174963096,
        "hold_days": 2,
        "stop_loss_pct": 1.0366899611471978,
        "take_profit_pct": 12.088447476914379,
        "max_positions": 1,
        "dip_threshold_pct": 4.3241759456165045,
        "r2_trend_min": 0.20909696368862118,
        "w_momentum": 0.0205,
        "w_mean_reversion": 0.4056,
        "w_volume": 0.5303,
        "w_trend": 0.0436,
        "w_pattern": 0.0
      }
    },
    {
      "annual_return": 120.1441,
      "max_drawdown": 27.3907,
      "win_rate": 28.2609,
      "sharpe": 2.2592,
      "calmar": 4.3863,
      "total_trades": 230,
      "profit_factor": 2.1081,
      "fitness": 33.8542,
      "dna": {
        "min_score": 1,
        "rsi_buy_threshold": 25.541673938984626,
        "rsi_sell_threshold": 62.17388144943336,
        "r2_min": 0.21442578036066678,
        "slope_min": 0.27432573485512846,
        "volume_ratio_min": 1.3107313174963096,
        "hold_days": 2,
        "stop_loss_pct": 1.0366899611471978,
        "take_profit_pct": 12.088447476914379,
        "max_positions": 1,
        "dip_threshold_pct": 4.3241759456165045,
        "r2_trend_min": 0.20909696368862118,
        "w_momentum": 0.0214,
        "w_mean_reversion": 0.3686,
        "w_volume": 0.554,
        "w_trend": 0.056,
        "w_pattern": 0.0
      }
    },
    {
      "annual_return": 66.7825,
      "max_drawdown": 16.1962,
      "win_rate": 31.6017,
      "sharpe": 1.6622,
      "calmar": 4.1233,
      "total_trades": 231,
      "profit_factor": 1.4509,
      "fitness": 30.8853,
      "dna": {
        "min_score": 1,
        "rsi_buy_threshold": 31.69289229632774,
        "rsi_sell_threshold": 78.18327300459438,
        "r2_min": 0.31508692355738205,
        "slope_min": 0.35756067328993263,
        "volume_ratio_min": 1.3107313174963096,
        "hold_days": 2,
        "stop_loss_pct": 1.3439966645870762,
        "take_profit_pct": 8.227994647934564,
        "max_positions": 1,
        "dip_threshold_pct": 4.239819467266852,
        "r2_trend_min": 0.25483806998622116,
        "w_momentum": 0.014,
        "w_mean_reversion": 0.3571,
        "w_volume": 0.607,
        "w_trend": 0.0219,
        "w_pattern": 0.0
      }
    }
  ]
}