{
  "generation": 469,
  "timestamp": "2026-03-20T16:27:23",
  "results": [
    {
      "annual_return": 186.6167,
      "max_drawdown": 17.2061,
      "win_rate": 56.129,
      "sharpe": 2.2216,
      "calmar": 10.846,
      "total_trades": 155,
      "profit_factor": 2.1008,
      "fitness": 117.3622,
      "dna": {
        "min_score": 1,
        "rsi_buy_threshold": 21.173771080677525,
        "rsi_sell_threshold": 58.91267965545073,
        "r2_min": 0.15432647988728404,
        "slope_min": 0.23490182109057284,
        "volume_ratio_min": 0.56360609970176,
        "hold_days": 3,
        "stop_loss_pct": 10.0,
        "take_profit_pct": 38.96893511229162,
        "max_positions": 1,
        "dip_threshold_pct": 9.074530000705519,
        "r2_trend_min": 0.2580524465712884,
        "w_momentum": 0.0,
        "w_mean_reversion": 0.0627,
        "w_volume": 0.0122,
        "w_trend": 0.0,
        "w_pattern": 0.9251
      }
    },
    {
      "annual_return": 154.5801,
      "max_drawdown": 26.5005,
      "win_rate": 48.7069,
      "sharpe": 1.9649,
      "calmar": 5.8331,
      "total_trades": 232,
      "profit_factor": 1.4353,
      "fitness": 56.7072,
      "dna": {
        "min_score": 1,
        "rsi_buy_threshold": 21.173771080677525,
        "rsi_sell_threshold": 71.81334517165554,
        "r2_min": 0.15102349951737512,
        "slope_min": 0.23490182109057284,
        "volume_ratio_min": 0.7699190034077033,
        "hold_days": 2,
        "stop_loss_pct": 8.573857549494322,
        "take_profit_pct": 21.12083109392144,
        "max_positions": 1,
        "dip_threshold_pct": 10.265540238270109,
        "r2_trend_min": 0.25796482652665387,
        "w_momentum": 0.0,
        "w_mean_reversion": 0.0404,
        "w_volume": 0.0272,
        "w_trend": 0.0,
        "w_pattern": 0.9324
      }
    },
    {
      "annual_return": 119.7469,
      "max_drawdown": 33.3105,
      "win_rate": 51.6129,
      "sharpe": 1.712,
      "calmar": 3.5949,
      "total_trades": 155,
      "profit_factor": 1.7057,
      "fitness": 34.6693,
      "dna": {
        "min_score": 1,
        "rsi_buy_threshold": 21.173771080677525,
        "rsi_sell_threshold": 73.84567611563425,
        "r2_min": 0.17451576838577001,
        "slope_min": 0.15618136384076142,
        "volume_ratio_min": 0.5,
        "hold_days": 3,
        "stop_loss_pct": 7.050200845439098,
        "take_profit_pct": 32.00212349636684,
        "max_positions": 1,
        "dip_threshold_pct": 8.46499635376178,
        "r2_trend_min": 0.2,
        "w_momentum": 0.0,
        "w_mean_reversion": 0.075,
        "w_volume": 0.0452,
        "w_trend": 0.005,
        "w_pattern": 0.8748
      }
    },
    {
      "annual_return": 115.2924,
      "max_drawdown": 35.4571,
      "win_rate": 49.1379,
      "sharpe": 1.6871,
      "calmar": 3.2516,
      "total_trades": 232,
      "profit_factor": 1.3895,
      "fitness": 30.4842,
      "dna": {
        "min_score": 1,
        "rsi_buy_threshold": 21.173771080677525,
        "rsi_sell_threshold": 88.67375089443969,
        "r2_min": 0.15558066814707647,
        "slope_min": 0.2974009536266648,
        "volume_ratio_min": 0.550468359229505,
        "hold_days": 2,
        "stop_loss_pct": 10.0,
        "take_profit_pct": 21.12083109392144,
        "max_positions": 1,
        "dip_threshold_pct": 8.360814784645058,
        "r2_trend_min": 0.2,
        "w_momentum": 0.0,
        "w_mean_reversion": 0.04,
        "w_volume": 0.0368,
        "w_trend": 0.0,
        "w_pattern": 0.9232
      }
    },
    {
      "annual_return": 84.9342,
      "max_drawdown": 28.1692,
      "win_rate": 52.9032,
      "sharpe": 1.6261,
      "calmar": 3.0151,
      "total_trades": 155,
      "profit_factor": 1.5777,
      "fitness": 29.0627,
      "dna": {
        "min_score": 1,
        "rsi_buy_threshold": 25.765814161746754,
        "rsi_sell_threshold": 95.0,
        "r2_min": 0.17451576838577001,
        "slope_min": 0.2758656973545658,
        "volume_ratio_min": 0.56360609970176,
        "hold_days": 3,
        "stop_loss_pct": 7.050200845439098,
        "take_profit_pct": 14.840901151069188,
        "max_positions": 1,
        "dip_threshold_pct": 8.360814784645058,
        "r2_trend_min": 0.2,
        "w_momentum": 0.0,
        "w_mean_reversion": 0.0645,
        "w_volume": 0.0282,
        "w_trend": 0.0153,
        "w_pattern": 0.892
      }
    }
  ]
}