{
  "generation": 1559,
  "timestamp": "2026-03-21T08:27:37",
  "results": [
    {
      "annual_return": 309.6035,
      "max_drawdown": 13.8085,
      "win_rate": 62.931,
      "sharpe": 3.4234,
      "calmar": 22.4212,
      "total_trades": 116,
      "profit_factor": 3.1898,
      "fitness": 299.6475,
      "dna": {
        "min_score": 1,
        "rsi_buy_threshold": 25.623280071096104,
        "rsi_sell_threshold": 84.77206260920462,
        "r2_min": 0.1,
        "slope_min": 0.7788900088770937,
        "volume_ratio_min": 0.6203124211290301,
        "hold_days": 4,
        "stop_loss_pct": 6.513999625128646,
        "take_profit_pct": 14.544331384295678,
        "max_positions": 1,
        "dip_threshold_pct": 4.654182170409661,
        "r2_trend_min": 0.7114377051401845,
        "w_momentum": 0.011,
        "w_mean_reversion": 0.1105,
        "w_volume": 0.2667,
        "w_trend": 0.0111,
        "w_pattern": 0.0,
        "w_macd": 0.119,
        "w_bollinger": 0.157,
        "w_kdj": 0.0511,
        "w_obv": 0.1272,
        "w_support": 0.1456,
        "w_volume_profile": 0.0008
      }
    },
    {
      "annual_return": 251.9906,
      "max_drawdown": 16.0274,
      "win_rate": 58.6207,
      "sharpe": 2.6518,
      "calmar": 15.7225,
      "total_trades": 116,
      "profit_factor": 2.3838,
      "fitness": 184.2229,
      "dna": {
        "min_score": 1,
        "rsi_buy_threshold": 23.179085425508124,
        "rsi_sell_threshold": 94.26937807756309,
        "r2_min": 0.14651174144717044,
        "slope_min": 0.7660265840189205,
        "volume_ratio_min": 0.9730539974412536,
        "hold_days": 4,
        "stop_loss_pct": 10.0,
        "take_profit_pct": 23.547951736388722,
        "max_positions": 1,
        "dip_threshold_pct": 3.0,
        "r2_trend_min": 0.5639511014250953,
        "w_momentum": 0.0,
        "w_mean_reversion": 0.0855,
        "w_volume": 0.2955,
        "w_trend": 0.0001,
        "w_pattern": 0.0,
        "w_macd": 0.0821,
        "w_bollinger": 0.2582,
        "w_kdj": 0.0458,
        "w_obv": 0.1165,
        "w_support": 0.0907,
        "w_volume_profile": 0.0256
      }
    },
    {
      "annual_return": 257.268,
      "max_drawdown": 20.0607,
      "win_rate": 60.8696,
      "sharpe": 2.7597,
      "calmar": 12.8245,
      "total_trades": 115,
      "profit_factor": 2.8312,
      "fitness": 155.2793,
      "dna": {
        "min_score": 1,
        "rsi_buy_threshold": 23.179085425508124,
        "rsi_sell_threshold": 94.26937807756309,
        "r2_min": 0.14651174144717044,
        "slope_min": 0.8700086129381567,
        "volume_ratio_min": 0.9730539974412536,
        "hold_days": 4,
        "stop_loss_pct": 10.0,
        "take_profit_pct": 18.48053744937865,
        "max_positions": 1,
        "dip_threshold_pct": 3.0,
        "r2_trend_min": 0.6993215005173887,
        "w_momentum": 0.0,
        "w_mean_reversion": 0.082,
        "w_volume": 0.3242,
        "w_trend": 0.0001,
        "w_pattern": 0.0,
        "w_macd": 0.0788,
        "w_bollinger": 0.2477,
        "w_kdj": 0.0439,
        "w_obv": 0.1118,
        "w_support": 0.087,
        "w_volume_profile": 0.0246
      }
    },
    {
      "annual_return": 215.8707,
      "max_drawdown": 7.2349,
      "win_rate": 58.3333,
      "sharpe": 3.1061,
      "calmar": 29.8372,
      "total_trades": 12,
      "profit_factor": 2.1703,
      "fitness": 147.7811,
      "dna": {
        "min_score": 1,
        "rsi_buy_threshold": 25.623280071096104,
        "rsi_sell_threshold": 84.77206260920462,
        "r2_min": 0.1,
        "slope_min": 0.7788900088770937,
        "volume_ratio_min": 0.6203124211290301,
        "hold_days": 3,
        "stop_loss_pct": 6.513999625128646,
        "take_profit_pct": 11.818614073298956,
        "max_positions": 1,
        "dip_threshold_pct": 3.655553942608913,
        "r2_trend_min": 0.853089655825386,
        "w_momentum": 0.0111,
        "w_mean_reversion": 0.1116,
        "w_volume": 0.2694,
        "w_trend": 0.0112,
        "w_pattern": 0.0,
        "w_macd": 0.1202,
        "w_bollinger": 0.1586,
        "w_kdj": 0.0415,
        "w_obv": 0.1285,
        "w_support": 0.1471,
        "w_volume_profile": 0.0008
      }
    },
    {
      "annual_return": 228.7076,
      "max_drawdown": 18.0566,
      "win_rate": 58.6207,
      "sharpe": 2.5569,
      "calmar": 12.6662,
      "total_trades": 116,
      "profit_factor": 2.6837,
      "fitness": 146.5691,
      "dna": {
        "min_score": 1,
        "rsi_buy_threshold": 23.179085425508124,
        "rsi_sell_threshold": 95.0,
        "r2_min": 0.14651174144717044,
        "slope_min": 0.6400587230642872,
        "volume_ratio_min": 0.8356697902105376,
        "hold_days": 4,
        "stop_loss_pct": 10.0,
        "take_profit_pct": 23.547951736388722,
        "max_positions": 1,
        "dip_threshold_pct": 3.0,
        "r2_trend_min": 0.5639511014250953,
        "w_momentum": 0.0,
        "w_mean_reversion": 0.0856,
        "w_volume": 0.3031,
        "w_trend": 0.0,
        "w_pattern": 0.0,
        "w_macd": 0.0736,
        "w_bollinger": 0.2571,
        "w_kdj": 0.041,
        "w_obv": 0.1354,
        "w_support": 0.0813,
        "w_volume_profile": 0.0229
      }
    }
  ]
}