{
  "generation": 879,
  "timestamp": "2026-03-20T19:51:06",
  "results": [
    {
      "annual_return": 227.5576,
      "max_drawdown": 19.8612,
      "win_rate": 42.6724,
      "sharpe": 2.6619,
      "calmar": 11.4574,
      "total_trades": 232,
      "profit_factor": 2.057,
      "fitness": 114.6902,
      "dna": {
        "min_score": 1,
        "rsi_buy_threshold": 50.0,
        "rsi_sell_threshold": 63.94481524355531,
        "r2_min": 0.5951257959535362,
        "slope_min": 0.2921864924393448,
        "volume_ratio_min": 1.4451713977449754,
        "hold_days": 2,
        "stop_loss_pct": 1.8303527067597192,
        "take_profit_pct": 28.220028249624608,
        "max_positions": 1,
        "dip_threshold_pct": 30.0,
        "r2_trend_min": 0.22831253224597936,
        "w_momentum": 0.0,
        "w_mean_reversion": 0.5254,
        "w_volume": 0.3969,
        "w_trend": 0.0421,
        "w_pattern": 0.0355
      }
    },
    {
      "annual_return": 196.3794,
      "max_drawdown": 19.5703,
      "win_rate": 40.9483,
      "sharpe": 2.8233,
      "calmar": 10.0346,
      "total_trades": 232,
      "profit_factor": 2.2965,
      "fitness": 100.4697,
      "dna": {
        "min_score": 1,
        "rsi_buy_threshold": 42.32443772489195,
        "rsi_sell_threshold": 83.1999693049845,
        "r2_min": 0.5951257959535362,
        "slope_min": 0.2921864924393448,
        "volume_ratio_min": 1.4451713977449754,
        "hold_days": 2,
        "stop_loss_pct": 1.6453064581998538,
        "take_profit_pct": 22.32679350464695,
        "max_positions": 1,
        "dip_threshold_pct": 30.0,
        "r2_trend_min": 0.2,
        "w_momentum": 0.0,
        "w_mean_reversion": 0.5307,
        "w_volume": 0.4009,
        "w_trend": 0.0425,
        "w_pattern": 0.0259
      }
    },
    {
      "annual_return": 133.7703,
      "max_drawdown": 13.9189,
      "win_rate": 34.0517,
      "sharpe": 2.0543,
      "calmar": 9.6107,
      "total_trades": 232,
      "profit_factor": 1.8465,
      "fitness": 79.124,
      "dna": {
        "min_score": 1,
        "rsi_buy_threshold": 31.99205469566901,
        "rsi_sell_threshold": 95.0,
        "r2_min": 0.95,
        "slope_min": 0.2651041472248313,
        "volume_ratio_min": 1.969666065532393,
        "hold_days": 2,
        "stop_loss_pct": 1.2217650545292251,
        "take_profit_pct": 21.631857789383485,
        "max_positions": 1,
        "dip_threshold_pct": 22.93589098069629,
        "r2_trend_min": 0.22436134438623484,
        "w_momentum": 0.0094,
        "w_mean_reversion": 0.5417,
        "w_volume": 0.3565,
        "w_trend": 0.0452,
        "w_pattern": 0.0471
      }
    },
    {
      "annual_return": 90.6669,
      "max_drawdown": 12.4097,
      "win_rate": 31.4655,
      "sharpe": 1.9159,
      "calmar": 7.3062,
      "total_trades": 232,
      "profit_factor": 1.7298,
      "fitness": 56.6873,
      "dna": {
        "min_score": 1,
        "rsi_buy_threshold": 25.124161109065703,
        "rsi_sell_threshold": 95.0,
        "r2_min": 0.95,
        "slope_min": 0.33301941242277294,
        "volume_ratio_min": 1.7771263605917205,
        "hold_days": 2,
        "stop_loss_pct": 1.2217650545292251,
        "take_profit_pct": 15.345818040370215,
        "max_positions": 1,
        "dip_threshold_pct": 22.359314511532414,
        "r2_trend_min": 0.2,
        "w_momentum": 0.0109,
        "w_mean_reversion": 0.625,
        "w_volume": 0.2682,
        "w_trend": 0.0422,
        "w_pattern": 0.0537
      }
    },
    {
      "annual_return": 122.0678,
      "max_drawdown": 17.6517,
      "win_rate": 31.4655,
      "sharpe": 2.0759,
      "calmar": 6.9154,
      "total_trades": 232,
      "profit_factor": 1.965,
      "fitness": 54.8966,
      "dna": {
        "min_score": 1,
        "rsi_buy_threshold": 25.124161109065703,
        "rsi_sell_threshold": 95.0,
        "r2_min": 0.95,
        "slope_min": 0.37236555355041384,
        "volume_ratio_min": 2.19638895270021,
        "hold_days": 2,
        "stop_loss_pct": 1.2217650545292251,
        "take_profit_pct": 15.345818040370215,
        "max_positions": 1,
        "dip_threshold_pct": 22.359314511532414,
        "r2_trend_min": 0.2,
        "w_momentum": 0.0108,
        "w_mean_reversion": 0.6187,
        "w_volume": 0.2655,
        "w_trend": 0.0517,
        "w_pattern": 0.0534
      }
    }
  ]
}