{
  "generation": 1289,
  "timestamp": "2026-03-20T22:55:59",
  "results": [
    {
      "annual_return": 147.5007,
      "max_drawdown": 5.137,
      "win_rate": 50.0,
      "sharpe": 2.9983,
      "calmar": 28.7134,
      "total_trades": 18,
      "profit_factor": 1.8663,
      "fitness": 194.8724,
      "dna": {
        "min_score": 1,
        "rsi_buy_threshold": 10.0,
        "rsi_sell_threshold": 64.1911493663922,
        "r2_min": 0.10192640228151564,
        "slope_min": 0.3562295083013377,
        "volume_ratio_min": 0.5,
        "hold_days": 2,
        "stop_loss_pct": 2.3932437573303402,
        "take_profit_pct": 5.609298300068957,
        "max_positions": 1,
        "dip_threshold_pct": 7.184823720040929,
        "r2_trend_min": 0.6530188607022349,
        "w_momentum": 0.0099,
        "w_mean_reversion": 0.5423,
        "w_volume": 0.4155,
        "w_trend": 0.0323,
        "w_pattern": 0.0
      }
    },
    {
      "annual_return": 84.639,
      "max_drawdown": 15.0419,
      "win_rate": 42.8571,
      "sharpe": 2.1614,
      "calmar": 5.6269,
      "total_trades": 231,
      "profit_factor": 1.6856,
      "fitness": 52.7599,
      "dna": {
        "min_score": 1,
        "rsi_buy_threshold": 10.0,
        "rsi_sell_threshold": 55.0,
        "r2_min": 0.11513074661236773,
        "slope_min": 0.4391681103162218,
        "volume_ratio_min": 0.6558132635723963,
        "hold_days": 2,
        "stop_loss_pct": 1.8534218075498794,
        "take_profit_pct": 5.891973992229715,
        "max_positions": 1,
        "dip_threshold_pct": 8.477513953831716,
        "r2_trend_min": 0.853782788198609,
        "w_momentum": 0.0,
        "w_mean_reversion": 0.5786,
        "w_volume": 0.3654,
        "w_trend": 0.0456,
        "w_pattern": 0.0104
      }
    },
    {
      "annual_return": 91.5103,
      "max_drawdown": 20.3866,
      "win_rate": 48.4848,
      "sharpe": 2.085,
      "calmar": 4.4888,
      "total_trades": 231,
      "profit_factor": 1.6389,
      "fitness": 44.2896,
      "dna": {
        "min_score": 1,
        "rsi_buy_threshold": 10.0,
        "rsi_sell_threshold": 73.44852479462767,
        "r2_min": 0.10192640228151564,
        "slope_min": 0.3562295083013377,
        "volume_ratio_min": 0.5380850792720184,
        "hold_days": 2,
        "stop_loss_pct": 2.3932437573303402,
        "take_profit_pct": 6.420923114904537,
        "max_positions": 1,
        "dip_threshold_pct": 7.184823720040929,
        "r2_trend_min": 0.7347003738263357,
        "w_momentum": 0.0,
        "w_mean_reversion": 0.5477,
        "w_volume": 0.4197,
        "w_trend": 0.0326,
        "w_pattern": 0.0
      }
    },
    {
      "annual_return": 73.617,
      "max_drawdown": 18.5429,
      "win_rate": 46.5517,
      "sharpe": 2.1492,
      "calmar": 3.9701,
      "total_trades": 232,
      "profit_factor": 1.5361,
      "fitness": 38.7306,
      "dna": {
        "min_score": 1,
        "rsi_buy_threshold": 10.0,
        "rsi_sell_threshold": 71.45794449334319,
        "r2_min": 0.10192640228151564,
        "slope_min": 0.3562295083013377,
        "volume_ratio_min": 0.5353421223540241,
        "hold_days": 2,
        "stop_loss_pct": 1.8534218075498794,
        "take_profit_pct": 4.92228693752179,
        "max_positions": 1,
        "dip_threshold_pct": 6.697126073752776,
        "r2_trend_min": 0.95,
        "w_momentum": 0.0098,
        "w_mean_reversion": 0.5247,
        "w_volume": 0.402,
        "w_trend": 0.0437,
        "w_pattern": 0.0198
      }
    },
    {
      "annual_return": 110.2026,
      "max_drawdown": 28.511,
      "win_rate": 44.3966,
      "sharpe": 2.0268,
      "calmar": 3.8653,
      "total_trades": 232,
      "profit_factor": 1.4587,
      "fitness": 36.1946,
      "dna": {
        "min_score": 1,
        "rsi_buy_threshold": 10.0,
        "rsi_sell_threshold": 55.0,
        "r2_min": 0.11871392310439188,
        "slope_min": 0.6339338774121854,
        "volume_ratio_min": 0.6716092711653883,
        "hold_days": 2,
        "stop_loss_pct": 2.403267552082066,
        "take_profit_pct": 8.572443117663335,
        "max_positions": 1,
        "dip_threshold_pct": 8.673828944393163,
        "r2_trend_min": 0.6410832596044458,
        "w_momentum": 0.0097,
        "w_mean_reversion": 0.5431,
        "w_volume": 0.3702,
        "w_trend": 0.077,
        "w_pattern": 0.0
      }
    }
  ]
}