{
  "generation": 1069,
  "timestamp": "2026-03-20T21:24:28",
  "results": [
    {
      "annual_return": 203.9432,
      "max_drawdown": 28.1218,
      "win_rate": 53.0172,
      "sharpe": 2.6192,
      "calmar": 7.2521,
      "total_trades": 232,
      "profit_factor": 1.9625,
      "fitness": 80.4659,
      "dna": {
        "min_score": 1,
        "rsi_buy_threshold": 12.721059790119407,
        "rsi_sell_threshold": 69.5735448145652,
        "r2_min": 0.11685141722464032,
        "slope_min": 0.1243446612503431,
        "volume_ratio_min": 1.3182885765879753,
        "hold_days": 2,
        "stop_loss_pct": 8.765630767661236,
        "take_profit_pct": 6.759772339133153,
        "max_positions": 1,
        "dip_threshold_pct": 16.877364775388465,
        "r2_trend_min": 0.6695231901098507,
        "w_momentum": 0.0146,
        "w_mean_reversion": 0.4941,
        "w_volume": 0.4574,
        "w_trend": 0.0335,
        "w_pattern": 0.0004
      }
    },
    {
      "annual_return": 131.0791,
      "max_drawdown": 22.2293,
      "win_rate": 50.431,
      "sharpe": 2.0372,
      "calmar": 5.8967,
      "total_trades": 232,
      "profit_factor": 1.5683,
      "fitness": 58.9369,
      "dna": {
        "min_score": 1,
        "rsi_buy_threshold": 14.436071326649426,
        "rsi_sell_threshold": 69.5735448145652,
        "r2_min": 0.1374459246780231,
        "slope_min": 0.21677067031590794,
        "volume_ratio_min": 1.303989031066973,
        "hold_days": 2,
        "stop_loss_pct": 10.0,
        "take_profit_pct": 7.763159416037148,
        "max_positions": 1,
        "dip_threshold_pct": 11.708768700964098,
        "r2_trend_min": 0.5829705288444336,
        "w_momentum": 0.0169,
        "w_mean_reversion": 0.431,
        "w_volume": 0.4767,
        "w_trend": 0.0755,
        "w_pattern": 0.0
      }
    },
    {
      "annual_return": 164.3588,
      "max_drawdown": 34.3926,
      "win_rate": 50.0,
      "sharpe": 2.2696,
      "calmar": 4.7789,
      "total_trades": 232,
      "profit_factor": 1.9011,
      "fitness": 49.1308,
      "dna": {
        "min_score": 1,
        "rsi_buy_threshold": 12.477834209428073,
        "rsi_sell_threshold": 55.0,
        "r2_min": 0.11992059873294973,
        "slope_min": 0.26150638773284984,
        "volume_ratio_min": 0.8826344294928118,
        "hold_days": 2,
        "stop_loss_pct": 8.191277340715814,
        "take_profit_pct": 7.9020542083414345,
        "max_positions": 1,
        "dip_threshold_pct": 13.453255346743072,
        "r2_trend_min": 0.95,
        "w_momentum": 0.027,
        "w_mean_reversion": 0.2334,
        "w_volume": 0.7016,
        "w_trend": 0.0294,
        "w_pattern": 0.0086
      }
    },
    {
      "annual_return": 105.0415,
      "max_drawdown": 25.7037,
      "win_rate": 55.1724,
      "sharpe": 2.0455,
      "calmar": 4.0866,
      "total_trades": 232,
      "profit_factor": 1.6321,
      "fitness": 42.7727,
      "dna": {
        "min_score": 1,
        "rsi_buy_threshold": 14.436071326649426,
        "rsi_sell_threshold": 62.782369558638926,
        "r2_min": 0.1374459246780231,
        "slope_min": 0.26150638773284984,
        "volume_ratio_min": 0.8705828508391763,
        "hold_days": 2,
        "stop_loss_pct": 10.0,
        "take_profit_pct": 5.750065176072395,
        "max_positions": 1,
        "dip_threshold_pct": 15.827558879515268,
        "r2_trend_min": 0.716701384086094,
        "w_momentum": 0.0208,
        "w_mean_reversion": 0.2721,
        "w_volume": 0.6771,
        "w_trend": 0.0232,
        "w_pattern": 0.0067
      }
    },
    {
      "annual_return": 53.5573,
      "max_drawdown": 20.328,
      "win_rate": 54.8387,
      "sharpe": 1.4315,
      "calmar": 2.6347,
      "total_trades": 155,
      "profit_factor": 1.41,
      "fitness": 25.0962,
      "dna": {
        "min_score": 1,
        "rsi_buy_threshold": 18.02163207425798,
        "rsi_sell_threshold": 55.0,
        "r2_min": 0.1,
        "slope_min": 0.26150638773284984,
        "volume_ratio_min": 0.5878736535810551,
        "hold_days": 3,
        "stop_loss_pct": 6.129242876549008,
        "take_profit_pct": 8.091202396535461,
        "max_positions": 1,
        "dip_threshold_pct": 12.403240483510455,
        "r2_trend_min": 0.38806468923361576,
        "w_momentum": 0.0249,
        "w_mean_reversion": 0.2929,
        "w_volume": 0.6355,
        "w_trend": 0.0377,
        "w_pattern": 0.009
      }
    }
  ]
}