{
  "generation": 1419,
  "timestamp": "2026-03-21T03:53:09",
  "results": [
    {
      "annual_return": 744.9351,
      "max_drawdown": 7.2374,
      "win_rate": 57.1429,
      "sharpe": 4.3682,
      "calmar": 102.9285,
      "total_trades": 14,
      "profit_factor": 2.53,
      "fitness": 680.3162,
      "dna": {
        "min_score": 1,
        "rsi_buy_threshold": 12.52759467753604,
        "rsi_sell_threshold": 95.0,
        "r2_min": 0.1,
        "slope_min": 0.132081076448964,
        "volume_ratio_min": 0.5,
        "hold_days": 2,
        "stop_loss_pct": 5.548624502520083,
        "take_profit_pct": 36.604737169169766,
        "max_positions": 1,
        "dip_threshold_pct": 3.0,
        "r2_trend_min": 0.23134983785687419,
        "w_momentum": 0.0,
        "w_mean_reversion": 0.065,
        "w_volume": 0.3414,
        "w_trend": 0.0089,
        "w_pattern": 0.0801,
        "w_macd": 0.1137,
        "w_bollinger": 0.048,
        "w_kdj": 0.1035,
        "w_obv": 0.071,
        "w_support": 0.1327,
        "w_volume_profile": 0.0355
      }
    },
    {
      "annual_return": 157.4196,
      "max_drawdown": 20.5531,
      "win_rate": 49.569,
      "sharpe": 2.349,
      "calmar": 7.6592,
      "total_trades": 232,
      "profit_factor": 1.7863,
      "fitness": 79.2588,
      "dna": {
        "min_score": 1,
        "rsi_buy_threshold": 10.590730310488894,
        "rsi_sell_threshold": 85.28565050004583,
        "r2_min": 0.1,
        "slope_min": 0.16832807689331922,
        "volume_ratio_min": 0.5,
        "hold_days": 2,
        "stop_loss_pct": 3.374657391315396,
        "take_profit_pct": 50.0,
        "max_positions": 1,
        "dip_threshold_pct": 3.3844468128204417,
        "r2_trend_min": 0.23134983785687419,
        "w_momentum": 0.0,
        "w_mean_reversion": 0.0955,
        "w_volume": 0.2778,
        "w_trend": 0.0096,
        "w_pattern": 0.0839,
        "w_macd": 0.0881,
        "w_bollinger": 0.0503,
        "w_kdj": 0.1298,
        "w_obv": 0.0743,
        "w_support": 0.1535,
        "w_volume_profile": 0.0372
      }
    },
    {
      "annual_return": 219.9811,
      "max_drawdown": 36.4503,
      "win_rate": 58.0087,
      "sharpe": 2.5847,
      "calmar": 6.0351,
      "total_trades": 231,
      "profit_factor": 2.083,
      "fitness": 69.7269,
      "dna": {
        "min_score": 1,
        "rsi_buy_threshold": 11.853494922127508,
        "rsi_sell_threshold": 95.0,
        "r2_min": 0.1283468986250731,
        "slope_min": 0.1,
        "volume_ratio_min": 0.6845514707641186,
        "hold_days": 2,
        "stop_loss_pct": 9.583634455918215,
        "take_profit_pct": 33.99411902265175,
        "max_positions": 1,
        "dip_threshold_pct": 3.74061994831185,
        "r2_trend_min": 0.2,
        "w_momentum": 0.0,
        "w_mean_reversion": 0.0853,
        "w_volume": 0.1634,
        "w_trend": 0.0272,
        "w_pattern": 0.0909,
        "w_macd": 0.0712,
        "w_bollinger": 0.0987,
        "w_kdj": 0.0767,
        "w_obv": 0.1204,
        "w_support": 0.2034,
        "w_volume_profile": 0.063
      }
    },
    {
      "annual_return": 134.9048,
      "max_drawdown": 20.9912,
      "win_rate": 50.431,
      "sharpe": 2.0835,
      "calmar": 6.4267,
      "total_trades": 232,
      "profit_factor": 1.7637,
      "fitness": 64.6571,
      "dna": {
        "min_score": 1,
        "rsi_buy_threshold": 14.112542525446196,
        "rsi_sell_threshold": 95.0,
        "r2_min": 0.1,
        "slope_min": 0.14938350795360805,
        "volume_ratio_min": 0.5,
        "hold_days": 2,
        "stop_loss_pct": 4.41483117291762,
        "take_profit_pct": 50.0,
        "max_positions": 1,
        "dip_threshold_pct": 3.3844468128204417,
        "r2_trend_min": 0.23134983785687419,
        "w_momentum": 0.0,
        "w_mean_reversion": 0.1063,
        "w_volume": 0.2732,
        "w_trend": 0.028,
        "w_pattern": 0.0791,
        "w_macd": 0.0866,
        "w_bollinger": 0.0474,
        "w_kdj": 0.1022,
        "w_obv": 0.0815,
        "w_support": 0.1509,
        "w_volume_profile": 0.0447
      }
    },
    {
      "annual_return": 124.6002,
      "max_drawdown": 20.4452,
      "win_rate": 52.381,
      "sharpe": 1.9603,
      "calmar": 6.0943,
      "total_trades": 231,
      "profit_factor": 1.6884,
      "fitness": 61.4005,
      "dna": {
        "min_score": 1,
        "rsi_buy_threshold": 10.82209257519671,
        "rsi_sell_threshold": 77.36993389476083,
        "r2_min": 0.1,
        "slope_min": 0.132081076448964,
        "volume_ratio_min": 0.6201259096384668,
        "hold_days": 2,
        "stop_loss_pct": 6.2522325611882374,
        "take_profit_pct": 29.214482773102123,
        "max_positions": 1,
        "dip_threshold_pct": 3.802023357966271,
        "r2_trend_min": 0.20660845896254465,
        "w_momentum": 0.0,
        "w_mean_reversion": 0.0915,
        "w_volume": 0.2777,
        "w_trend": 0.0187,
        "w_pattern": 0.0804,
        "w_macd": 0.1301,
        "w_bollinger": 0.0481,
        "w_kdj": 0.1039,
        "w_obv": 0.0712,
        "w_support": 0.1331,
        "w_volume_profile": 0.0454
      }
    }
  ]
}