{
  "generation": 1549,
  "timestamp": "2026-03-21T08:17:13",
  "results": [
    {
      "annual_return": 316.6088,
      "max_drawdown": 32.71,
      "win_rate": 57.3913,
      "sharpe": 2.4524,
      "calmar": 9.6793,
      "total_trades": 115,
      "profit_factor": 3.5512,
      "fitness": 109.2934,
      "dna": {
        "min_score": 1,
        "rsi_buy_threshold": 22.278793383313076,
        "rsi_sell_threshold": 77.00320108849469,
        "r2_min": 0.12816425434999557,
        "slope_min": 0.5220283118012505,
        "volume_ratio_min": 1.2129385659025005,
        "hold_days": 4,
        "stop_loss_pct": 8.092566088838993,
        "take_profit_pct": 34.29791881471448,
        "max_positions": 1,
        "dip_threshold_pct": 3.123856451099939,
        "r2_trend_min": 0.450952328091395,
        "w_momentum": 0.0001,
        "w_mean_reversion": 0.1005,
        "w_volume": 0.2858,
        "w_trend": 0.0201,
        "w_pattern": 0.0,
        "w_macd": 0.0951,
        "w_bollinger": 0.1264,
        "w_kdj": 0.0406,
        "w_obv": 0.1879,
        "w_support": 0.1432,
        "w_volume_profile": 0.0003
      }
    },
    {
      "annual_return": 202.8775,
      "max_drawdown": 20.7844,
      "win_rate": 54.3103,
      "sharpe": 2.1879,
      "calmar": 9.7611,
      "total_trades": 116,
      "profit_factor": 2.1457,
      "fitness": 103.4123,
      "dna": {
        "min_score": 1,
        "rsi_buy_threshold": 28.049859595500134,
        "rsi_sell_threshold": 68.81162205801309,
        "r2_min": 0.12816425434999557,
        "slope_min": 0.5220283118012505,
        "volume_ratio_min": 0.9730539974412536,
        "hold_days": 4,
        "stop_loss_pct": 9.747877436942588,
        "take_profit_pct": 30.58572342808336,
        "max_positions": 1,
        "dip_threshold_pct": 3.4980007172536,
        "r2_trend_min": 0.450952328091395,
        "w_momentum": 0.0096,
        "w_mean_reversion": 0.0957,
        "w_volume": 0.3098,
        "w_trend": 0.0001,
        "w_pattern": 0.0,
        "w_macd": 0.0913,
        "w_bollinger": 0.1484,
        "w_kdj": 0.0292,
        "w_obv": 0.1791,
        "w_support": 0.1365,
        "w_volume_profile": 0.0003
      }
    },
    {
      "annual_return": 171.7496,
      "max_drawdown": 19.0445,
      "win_rate": 53.0435,
      "sharpe": 1.9612,
      "calmar": 9.0183,
      "total_trades": 115,
      "profit_factor": 2.4694,
      "fitness": 91.4435,
      "dna": {
        "min_score": 1,
        "rsi_buy_threshold": 34.45854205139095,
        "rsi_sell_threshold": 59.811313930860734,
        "r2_min": 0.10047236425074707,
        "slope_min": 0.6360742031446294,
        "volume_ratio_min": 1.5744075060156466,
        "hold_days": 4,
        "stop_loss_pct": 8.092566088838993,
        "take_profit_pct": 34.29791881471448,
        "max_positions": 1,
        "dip_threshold_pct": 3.1119390709879404,
        "r2_trend_min": 0.450952328091395,
        "w_momentum": 0.0104,
        "w_mean_reversion": 0.1037,
        "w_volume": 0.2541,
        "w_trend": 0.0104,
        "w_pattern": 0.0103,
        "w_macd": 0.0767,
        "w_bollinger": 0.1607,
        "w_kdj": 0.0316,
        "w_obv": 0.194,
        "w_support": 0.1478,
        "w_volume_profile": 0.0003
      }
    },
    {
      "annual_return": 110.4142,
      "max_drawdown": 13.8268,
      "win_rate": 55.914,
      "sharpe": 1.7701,
      "calmar": 7.9855,
      "total_trades": 93,
      "profit_factor": 1.7236,
      "fitness": 80.8515,
      "dna": {
        "min_score": 1,
        "rsi_buy_threshold": 36.229895664297196,
        "rsi_sell_threshold": 77.00320108849469,
        "r2_min": 0.1,
        "slope_min": 0.5220283118012505,
        "volume_ratio_min": 1.5511278290766075,
        "hold_days": 5,
        "stop_loss_pct": 8.092566088838993,
        "take_profit_pct": 39.47704116808735,
        "max_positions": 1,
        "dip_threshold_pct": 3.4980007172536,
        "r2_trend_min": 0.5096006168089038,
        "w_momentum": 0.0,
        "w_mean_reversion": 0.1037,
        "w_volume": 0.221,
        "w_trend": 0.0104,
        "w_pattern": 0.0,
        "w_macd": 0.0855,
        "w_bollinger": 0.243,
        "w_kdj": 0.0291,
        "w_obv": 0.1777,
        "w_support": 0.1295,
        "w_volume_profile": 0.0
      }
    },
    {
      "annual_return": 90.905,
      "max_drawdown": 12.5513,
      "win_rate": 59.0909,
      "sharpe": 1.7713,
      "calmar": 7.2427,
      "total_trades": 66,
      "profit_factor": 2.0937,
      "fitness": 75.3987,
      "dna": {
        "min_score": 1,
        "rsi_buy_threshold": 34.451266189779545,
        "rsi_sell_threshold": 58.56792198797736,
        "r2_min": 0.1,
        "slope_min": 0.5220283118012505,
        "volume_ratio_min": 0.9798124318546503,
        "hold_days": 7,
        "stop_loss_pct": 8.092566088838993,
        "take_profit_pct": 34.29791881471448,
        "max_positions": 1,
        "dip_threshold_pct": 3.1470423168860298,
        "r2_trend_min": 0.5012218466284712,
        "w_momentum": 0.0,
        "w_mean_reversion": 0.0916,
        "w_volume": 0.2529,
        "w_trend": 0.009,
        "w_pattern": 0.0,
        "w_macd": 0.0805,
        "w_bollinger": 0.1864,
        "w_kdj": 0.0177,
        "w_obv": 0.1674,
        "w_support": 0.1945,
        "w_volume_profile": 0.0
      }
    }
  ]
}