{
  "generation": 1389,
  "timestamp": "2026-03-21T02:02:19",
  "results": [
    {
      "annual_return": 326.3648,
      "max_drawdown": 13.5612,
      "win_rate": 53.2468,
      "sharpe": 3.3121,
      "calmar": 24.0661,
      "total_trades": 231,
      "profit_factor": 2.7703,
      "fitness": 291.9413,
      "dna": {
        "min_score": 1,
        "rsi_buy_threshold": 10.0,
        "rsi_sell_threshold": 61.665758406882475,
        "r2_min": 0.16137780704663873,
        "slope_min": 0.1538339488981661,
        "volume_ratio_min": 0.5,
        "hold_days": 2,
        "stop_loss_pct": 3.7048749638274243,
        "take_profit_pct": 42.06755617676303,
        "max_positions": 1,
        "dip_threshold_pct": 12.423614451972792,
        "r2_trend_min": 0.2363061886404081,
        "w_momentum": 0.0005,
        "w_mean_reversion": 0.1275,
        "w_volume": 0.1923,
        "w_trend": 0.0258,
        "w_pattern": 0.0678,
        "w_macd": 0.1426,
        "w_bollinger": 0.0627,
        "w_kdj": 0.0862,
        "w_obv": 0.1096,
        "w_support": 0.1434,
        "w_volume_profile": 0.0414
      }
    },
    {
      "annual_return": 202.27,
      "max_drawdown": 15.9736,
      "win_rate": 50.6494,
      "sharpe": 2.6773,
      "calmar": 12.6628,
      "total_trades": 231,
      "profit_factor": 2.1276,
      "fitness": 138.3739,
      "dna": {
        "min_score": 1,
        "rsi_buy_threshold": 10.0,
        "rsi_sell_threshold": 77.3679276972848,
        "r2_min": 0.1865364262387233,
        "slope_min": 0.16070027154666297,
        "volume_ratio_min": 0.6204713259245809,
        "hold_days": 2,
        "stop_loss_pct": 2.9116069498670525,
        "take_profit_pct": 42.06755617676303,
        "max_positions": 1,
        "dip_threshold_pct": 14.287437459933017,
        "r2_trend_min": 0.3241575632157347,
        "w_momentum": 0.0102,
        "w_mean_reversion": 0.135,
        "w_volume": 0.2029,
        "w_trend": 0.0125,
        "w_pattern": 0.0762,
        "w_macd": 0.1228,
        "w_bollinger": 0.0456,
        "w_kdj": 0.093,
        "w_obv": 0.0917,
        "w_support": 0.1648,
        "w_volume_profile": 0.0455
      }
    },
    {
      "annual_return": 215.4599,
      "max_drawdown": 18.5403,
      "win_rate": 51.7241,
      "sharpe": 2.771,
      "calmar": 11.6212,
      "total_trades": 232,
      "profit_factor": 2.046,
      "fitness": 129.8986,
      "dna": {
        "min_score": 1,
        "rsi_buy_threshold": 10.0,
        "rsi_sell_threshold": 77.31533663177413,
        "r2_min": 0.18335874948646363,
        "slope_min": 0.12825135007744812,
        "volume_ratio_min": 0.5,
        "hold_days": 2,
        "stop_loss_pct": 3.7048749638274243,
        "take_profit_pct": 42.06755617676303,
        "max_positions": 1,
        "dip_threshold_pct": 12.423614451972792,
        "r2_trend_min": 0.2982208546199661,
        "w_momentum": 0.0004,
        "w_mean_reversion": 0.1411,
        "w_volume": 0.1567,
        "w_trend": 0.0241,
        "w_pattern": 0.0752,
        "w_macd": 0.1332,
        "w_bollinger": 0.0818,
        "w_kdj": 0.1125,
        "w_obv": 0.1024,
        "w_support": 0.134,
        "w_volume_profile": 0.0387
      }
    },
    {
      "annual_return": 165.6329,
      "max_drawdown": 14.0161,
      "win_rate": 53.0172,
      "sharpe": 2.3376,
      "calmar": 11.8173,
      "total_trades": 232,
      "profit_factor": 2.0839,
      "fitness": 126.2737,
      "dna": {
        "min_score": 1,
        "rsi_buy_threshold": 10.0,
        "rsi_sell_threshold": 84.04244225623287,
        "r2_min": 0.16137780704663873,
        "slope_min": 0.1538339488981661,
        "volume_ratio_min": 0.5,
        "hold_days": 2,
        "stop_loss_pct": 3.7048749638274243,
        "take_profit_pct": 42.06755617676303,
        "max_positions": 1,
        "dip_threshold_pct": 9.020050498473024,
        "r2_trend_min": 0.2664143909598687,
        "w_momentum": 0.0004,
        "w_mean_reversion": 0.1497,
        "w_volume": 0.2079,
        "w_trend": 0.0228,
        "w_pattern": 0.071,
        "w_macd": 0.1035,
        "w_bollinger": 0.0772,
        "w_kdj": 0.0904,
        "w_obv": 0.1139,
        "w_support": 0.1266,
        "w_volume_profile": 0.0366
      }
    },
    {
      "annual_return": 150.5279,
      "max_drawdown": 13.8982,
      "win_rate": 52.1552,
      "sharpe": 2.3538,
      "calmar": 10.8307,
      "total_trades": 232,
      "profit_factor": 1.6977,
      "fitness": 115.0406,
      "dna": {
        "min_score": 1,
        "rsi_buy_threshold": 10.0,
        "rsi_sell_threshold": 79.5809555474662,
        "r2_min": 0.11422373085671941,
        "slope_min": 0.11553817037566019,
        "volume_ratio_min": 0.5,
        "hold_days": 2,
        "stop_loss_pct": 3.7048749638274243,
        "take_profit_pct": 42.06755617676303,
        "max_positions": 1,
        "dip_threshold_pct": 12.423614451972792,
        "r2_trend_min": 0.37291544902635676,
        "w_momentum": 0.0004,
        "w_mean_reversion": 0.1376,
        "w_volume": 0.2146,
        "w_trend": 0.0235,
        "w_pattern": 0.0733,
        "w_macd": 0.0929,
        "w_bollinger": 0.0797,
        "w_kdj": 0.1097,
        "w_obv": 0.0998,
        "w_support": 0.1306,
        "w_volume_profile": 0.0377
      }
    }
  ]
}