{
  "generation": 1499,
  "timestamp": "2026-03-21T06:14:09",
  "results": [
    {
      "annual_return": 143.4967,
      "max_drawdown": 11.6224,
      "win_rate": 55.914,
      "sharpe": 2.4908,
      "calmar": 12.3466,
      "total_trades": 93,
      "profit_factor": 2.5091,
      "fitness": 138.3141,
      "dna": {
        "min_score": 1,
        "rsi_buy_threshold": 13.564179539553173,
        "rsi_sell_threshold": 55.0,
        "r2_min": 0.10445853451575529,
        "slope_min": 0.30976192499113825,
        "volume_ratio_min": 0.9939033634753301,
        "hold_days": 5,
        "stop_loss_pct": 10.0,
        "take_profit_pct": 16.891623041480983,
        "max_positions": 1,
        "dip_threshold_pct": 3.9894540317866585,
        "r2_trend_min": 0.2,
        "w_momentum": 0.0102,
        "w_mean_reversion": 0.024,
        "w_volume": 0.2684,
        "w_trend": 0.0081,
        "w_pattern": 0.0733,
        "w_macd": 0.078,
        "w_bollinger": 0.1165,
        "w_kdj": 0.0672,
        "w_obv": 0.0759,
        "w_support": 0.2278,
        "w_volume_profile": 0.0505
      }
    },
    {
      "annual_return": 246.0278,
      "max_drawdown": 19.6083,
      "win_rate": 52.2581,
      "sharpe": 2.4185,
      "calmar": 12.5471,
      "total_trades": 155,
      "profit_factor": 2.5638,
      "fitness": 134.5762,
      "dna": {
        "min_score": 1,
        "rsi_buy_threshold": 11.798471624405192,
        "rsi_sell_threshold": 55.0,
        "r2_min": 0.1101074851626716,
        "slope_min": 0.5097442257503328,
        "volume_ratio_min": 0.9203715205376489,
        "hold_days": 3,
        "stop_loss_pct": 10.0,
        "take_profit_pct": 36.66332869337814,
        "max_positions": 1,
        "dip_threshold_pct": 3.0,
        "r2_trend_min": 0.3042383144747794,
        "w_momentum": 0.0075,
        "w_mean_reversion": 0.0417,
        "w_volume": 0.4003,
        "w_trend": 0.0093,
        "w_pattern": 0.069,
        "w_macd": 0.0582,
        "w_bollinger": 0.1185,
        "w_kdj": 0.0711,
        "w_obv": 0.0672,
        "w_support": 0.138,
        "w_volume_profile": 0.0192
      }
    },
    {
      "annual_return": 191.3964,
      "max_drawdown": 18.7252,
      "win_rate": 60.3448,
      "sharpe": 2.4169,
      "calmar": 10.2213,
      "total_trades": 116,
      "profit_factor": 2.7346,
      "fitness": 117.7821,
      "dna": {
        "min_score": 1,
        "rsi_buy_threshold": 21.840302622689546,
        "rsi_sell_threshold": 68.82226200301682,
        "r2_min": 0.1292107788493764,
        "slope_min": 0.38108164919863874,
        "volume_ratio_min": 0.8704009757544517,
        "hold_days": 4,
        "stop_loss_pct": 8.855405737795012,
        "take_profit_pct": 29.169856587928372,
        "max_positions": 1,
        "dip_threshold_pct": 3.8505850092634857,
        "r2_trend_min": 0.2,
        "w_momentum": 0.0,
        "w_mean_reversion": 0.037,
        "w_volume": 0.2678,
        "w_trend": 0.0,
        "w_pattern": 0.0472,
        "w_macd": 0.0854,
        "w_bollinger": 0.1246,
        "w_kdj": 0.0554,
        "w_obv": 0.1105,
        "w_support": 0.2231,
        "w_volume_profile": 0.0491
      }
    },
    {
      "annual_return": 154.1841,
      "max_drawdown": 16.489,
      "win_rate": 62.3377,
      "sharpe": 2.2289,
      "calmar": 9.3507,
      "total_trades": 77,
      "profit_factor": 3.1167,
      "fitness": 106.7386,
      "dna": {
        "min_score": 1,
        "rsi_buy_threshold": 17.644679510163897,
        "rsi_sell_threshold": 55.0,
        "r2_min": 0.10445853451575529,
        "slope_min": 0.30976192499113825,
        "volume_ratio_min": 0.9939033634753301,
        "hold_days": 6,
        "stop_loss_pct": 10.0,
        "take_profit_pct": 25.93956861514252,
        "max_positions": 1,
        "dip_threshold_pct": 3.9894540317866585,
        "r2_trend_min": 0.2,
        "w_momentum": 0.0,
        "w_mean_reversion": 0.0258,
        "w_volume": 0.259,
        "w_trend": 0.0,
        "w_pattern": 0.0788,
        "w_macd": 0.0839,
        "w_bollinger": 0.1253,
        "w_kdj": 0.0723,
        "w_obv": 0.067,
        "w_support": 0.2449,
        "w_volume_profile": 0.0429
      }
    },
    {
      "annual_return": 203.9671,
      "max_drawdown": 22.187,
      "win_rate": 52.1739,
      "sharpe": 2.1458,
      "calmar": 9.1931,
      "total_trades": 115,
      "profit_factor": 2.6793,
      "fitness": 94.9005,
      "dna": {
        "min_score": 1,
        "rsi_buy_threshold": 16.637557145067284,
        "rsi_sell_threshold": 71.30085253076163,
        "r2_min": 0.1292107788493764,
        "slope_min": 0.6720899218876238,
        "volume_ratio_min": 1.0156552439425757,
        "hold_days": 4,
        "stop_loss_pct": 7.448823220497495,
        "take_profit_pct": 36.66332869337814,
        "max_positions": 1,
        "dip_threshold_pct": 3.359658320644332,
        "r2_trend_min": 0.2,
        "w_momentum": 0.0085,
        "w_mean_reversion": 0.0313,
        "w_volume": 0.3976,
        "w_trend": 0.0,
        "w_pattern": 0.055,
        "w_macd": 0.0577,
        "w_bollinger": 0.0908,
        "w_kdj": 0.0575,
        "w_obv": 0.052,
        "w_support": 0.2109,
        "w_volume_profile": 0.0387
      }
    }
  ]
}