{
  "generation": 769,
  "timestamp": "2026-03-20T18:55:55",
  "results": [
    {
      "annual_return": 171.3824,
      "max_drawdown": 28.6392,
      "win_rate": 49.569,
      "sharpe": 2.4618,
      "calmar": 5.9842,
      "total_trades": 232,
      "profit_factor": 1.7969,
      "fitness": 62.8756,
      "dna": {
        "min_score": 1,
        "rsi_buy_threshold": 50.0,
        "rsi_sell_threshold": 75.12086605846893,
        "r2_min": 0.4264740166175045,
        "slope_min": 0.3399340423907605,
        "volume_ratio_min": 3.341489263375612,
        "hold_days": 2,
        "stop_loss_pct": 3.2268357893788426,
        "take_profit_pct": 8.29006805480483,
        "max_positions": 1,
        "dip_threshold_pct": 4.825488720966154,
        "r2_trend_min": 0.2670026848635343,
        "w_momentum": 0.0,
        "w_mean_reversion": 0.5252,
        "w_volume": 0.4453,
        "w_trend": 0.0,
        "w_pattern": 0.0295
      }
    },
    {
      "annual_return": 102.1245,
      "max_drawdown": 16.8173,
      "win_rate": 45.0216,
      "sharpe": 1.9199,
      "calmar": 6.0726,
      "total_trades": 231,
      "profit_factor": 1.4891,
      "fitness": 56.3919,
      "dna": {
        "min_score": 1,
        "rsi_buy_threshold": 50.0,
        "rsi_sell_threshold": 75.12086605846893,
        "r2_min": 0.4264740166175045,
        "slope_min": 0.29112373594182106,
        "volume_ratio_min": 3.341489263375612,
        "hold_days": 2,
        "stop_loss_pct": 2.602569426518342,
        "take_profit_pct": 8.29006805480483,
        "max_positions": 1,
        "dip_threshold_pct": 4.825488720966154,
        "r2_trend_min": 0.2670026848635343,
        "w_momentum": 0.0,
        "w_mean_reversion": 0.5252,
        "w_volume": 0.4453,
        "w_trend": 0.0,
        "w_pattern": 0.0295
      }
    },
    {
      "annual_return": 89.8487,
      "max_drawdown": 15.3895,
      "win_rate": 46.087,
      "sharpe": 1.9315,
      "calmar": 5.8383,
      "total_trades": 230,
      "profit_factor": 1.5264,
      "fitness": 54.9462,
      "dna": {
        "min_score": 1,
        "rsi_buy_threshold": 50.0,
        "rsi_sell_threshold": 55.0,
        "r2_min": 0.4553121777032675,
        "slope_min": 0.37397606851583126,
        "volume_ratio_min": 4.13680633665053,
        "hold_days": 2,
        "stop_loss_pct": 2.5904029464750638,
        "take_profit_pct": 6.895087251312051,
        "max_positions": 1,
        "dip_threshold_pct": 4.825488720966154,
        "r2_trend_min": 0.4015683811513998,
        "w_momentum": 0.0195,
        "w_mean_reversion": 0.4351,
        "w_volume": 0.4982,
        "w_trend": 0.0098,
        "w_pattern": 0.0374
      }
    },
    {
      "annual_return": 117.7027,
      "max_drawdown": 22.0121,
      "win_rate": 43.5345,
      "sharpe": 2.1155,
      "calmar": 5.3472,
      "total_trades": 232,
      "profit_factor": 1.5522,
      "fitness": 50.2089,
      "dna": {
        "min_score": 1,
        "rsi_buy_threshold": 50.0,
        "rsi_sell_threshold": 66.46252195218052,
        "r2_min": 0.4264740166175045,
        "slope_min": 0.2208390493110387,
        "volume_ratio_min": 2.7352857925887015,
        "hold_days": 2,
        "stop_loss_pct": 2.2148141156832826,
        "take_profit_pct": 8.29006805480483,
        "max_positions": 1,
        "dip_threshold_pct": 4.825488720966154,
        "r2_trend_min": 0.2670026848635343,
        "w_momentum": 0.0,
        "w_mean_reversion": 0.572,
        "w_volume": 0.3932,
        "w_trend": 0.0,
        "w_pattern": 0.0349
      }
    },
    {
      "annual_return": 145.6702,
      "max_drawdown": 28.907,
      "win_rate": 43.1034,
      "sharpe": 2.3281,
      "calmar": 5.0393,
      "total_trades": 232,
      "profit_factor": 1.7281,
      "fitness": 48.4889,
      "dna": {
        "min_score": 1,
        "rsi_buy_threshold": 50.0,
        "rsi_sell_threshold": 75.12086605846893,
        "r2_min": 0.4264740166175045,
        "slope_min": 0.29112373594182106,
        "volume_ratio_min": 3.341489263375612,
        "hold_days": 2,
        "stop_loss_pct": 2.602569426518342,
        "take_profit_pct": 8.29006805480483,
        "max_positions": 1,
        "dip_threshold_pct": 3.887836244378182,
        "r2_trend_min": 0.30925288443647975,
        "w_momentum": 0.0,
        "w_mean_reversion": 0.602,
        "w_volume": 0.3642,
        "w_trend": 0.0,
        "w_pattern": 0.0338
      }
    }
  ]
}