{
  "generation": 1259,
  "timestamp": "2026-03-20T22:41:15",
  "results": [
    {
      "annual_return": 118.2209,
      "max_drawdown": 9.6587,
      "win_rate": 33.5484,
      "sharpe": 2.5965,
      "calmar": 12.2399,
      "total_trades": 155,
      "profit_factor": 2.1254,
      "fitness": 107.7101,
      "dna": {
        "min_score": 1,
        "rsi_buy_threshold": 15.660009312884931,
        "rsi_sell_threshold": 95.0,
        "r2_min": 0.14168318132938582,
        "slope_min": 0.6523583333381469,
        "volume_ratio_min": 1.3385267534819998,
        "hold_days": 3,
        "stop_loss_pct": 1.2616607330388887,
        "take_profit_pct": 7.864590358387631,
        "max_positions": 1,
        "dip_threshold_pct": 14.613258955346971,
        "r2_trend_min": 0.32372941247128983,
        "w_momentum": 0.0206,
        "w_mean_reversion": 0.5661,
        "w_volume": 0.3856,
        "w_trend": 0.0081,
        "w_pattern": 0.0195
      }
    },
    {
      "annual_return": 174.7537,
      "max_drawdown": 17.4681,
      "win_rate": 36.9565,
      "sharpe": 2.7088,
      "calmar": 10.0042,
      "total_trades": 230,
      "profit_factor": 2.13,
      "fitness": 93.7653,
      "dna": {
        "min_score": 1,
        "rsi_buy_threshold": 17.4392557064703,
        "rsi_sell_threshold": 59.82134494649,
        "r2_min": 0.1405126873443494,
        "slope_min": 0.3927448227996092,
        "volume_ratio_min": 1.9120694330182422,
        "hold_days": 2,
        "stop_loss_pct": 1.2616607330388887,
        "take_profit_pct": 13.345304666414851,
        "max_positions": 1,
        "dip_threshold_pct": 12.009424753698212,
        "r2_trend_min": 0.32372941247128983,
        "w_momentum": 0.0121,
        "w_mean_reversion": 0.5748,
        "w_volume": 0.3916,
        "w_trend": 0.0,
        "w_pattern": 0.0215
      }
    },
    {
      "annual_return": 100.6985,
      "max_drawdown": 14.8245,
      "win_rate": 37.8261,
      "sharpe": 2.2076,
      "calmar": 6.7927,
      "total_trades": 230,
      "profit_factor": 1.7763,
      "fitness": 60.2223,
      "dna": {
        "min_score": 1,
        "rsi_buy_threshold": 17.4392557064703,
        "rsi_sell_threshold": 75.27522021068074,
        "r2_min": 0.11417882908154106,
        "slope_min": 0.4453779434745827,
        "volume_ratio_min": 1.5603982340277753,
        "hold_days": 2,
        "stop_loss_pct": 1.4504022112463266,
        "take_profit_pct": 9.351610202933212,
        "max_positions": 1,
        "dip_threshold_pct": 12.009424753698212,
        "r2_trend_min": 0.46061466316873256,
        "w_momentum": 0.0068,
        "w_mean_reversion": 0.5936,
        "w_volume": 0.372,
        "w_trend": 0.0043,
        "w_pattern": 0.0233
      }
    },
    {
      "annual_return": 105.2449,
      "max_drawdown": 15.6396,
      "win_rate": 31.4655,
      "sharpe": 2.185,
      "calmar": 6.7294,
      "total_trades": 232,
      "profit_factor": 1.8115,
      "fitness": 54.2436,
      "dna": {
        "min_score": 1,
        "rsi_buy_threshold": 12.253475770492162,
        "rsi_sell_threshold": 57.35240217103803,
        "r2_min": 0.1,
        "slope_min": 0.4063936003931542,
        "volume_ratio_min": 0.9334503412963564,
        "hold_days": 2,
        "stop_loss_pct": 1.1521679945795966,
        "take_profit_pct": 11.311858667451425,
        "max_positions": 1,
        "dip_threshold_pct": 15.685816359116503,
        "r2_trend_min": 0.6518060522719976,
        "w_momentum": 0.0118,
        "w_mean_reversion": 0.3825,
        "w_volume": 0.5543,
        "w_trend": 0.0314,
        "w_pattern": 0.02
      }
    },
    {
      "annual_return": 91.527,
      "max_drawdown": 14.5142,
      "win_rate": 27.7056,
      "sharpe": 1.9315,
      "calmar": 6.306,
      "total_trades": 231,
      "profit_factor": 1.7444,
      "fitness": 46.0147,
      "dna": {
        "min_score": 1,
        "rsi_buy_threshold": 17.4392557064703,
        "rsi_sell_threshold": 86.35030213293858,
        "r2_min": 0.13435061210630994,
        "slope_min": 0.5549192705695756,
        "volume_ratio_min": 1.6435106565938487,
        "hold_days": 2,
        "stop_loss_pct": 1.0762365675888175,
        "take_profit_pct": 13.345304666414851,
        "max_positions": 1,
        "dip_threshold_pct": 15.262374734804062,
        "r2_trend_min": 0.46240249600809047,
        "w_momentum": 0.014,
        "w_mean_reversion": 0.5404,
        "w_volume": 0.4323,
        "w_trend": 0.0,
        "w_pattern": 0.0133
      }
    }
  ]
}