{
  "generation": 699,
  "timestamp": "2026-03-20T18:22:26",
  "results": [
    {
      "annual_return": 202.5707,
      "max_drawdown": 19.4653,
      "win_rate": 51.0823,
      "sharpe": 2.7383,
      "calmar": 10.4068,
      "total_trades": 231,
      "profit_factor": 2.1812,
      "fitness": 115.1141,
      "dna": {
        "min_score": 1,
        "rsi_buy_threshold": 50.0,
        "rsi_sell_threshold": 57.267826208695574,
        "r2_min": 0.3626352091593355,
        "slope_min": 0.18795782904713668,
        "volume_ratio_min": 2.3709758458453276,
        "hold_days": 2,
        "stop_loss_pct": 2.917929919626473,
        "take_profit_pct": 10.758633379103225,
        "max_positions": 1,
        "dip_threshold_pct": 4.010161161341629,
        "r2_trend_min": 0.2783748895123842,
        "w_momentum": 0.0099,
        "w_mean_reversion": 0.5973,
        "w_volume": 0.3138,
        "w_trend": 0.079,
        "w_pattern": 0.0
      }
    },
    {
      "annual_return": 145.9626,
      "max_drawdown": 23.7495,
      "win_rate": 47.8448,
      "sharpe": 2.2371,
      "calmar": 6.1459,
      "total_trades": 232,
      "profit_factor": 1.6068,
      "fitness": 61.5313,
      "dna": {
        "min_score": 1,
        "rsi_buy_threshold": 50.0,
        "rsi_sell_threshold": 63.725746263394285,
        "r2_min": 0.29286728879472335,
        "slope_min": 0.14739421936982897,
        "volume_ratio_min": 2.3709758458453276,
        "hold_days": 2,
        "stop_loss_pct": 2.917929919626473,
        "take_profit_pct": 10.758633379103225,
        "max_positions": 1,
        "dip_threshold_pct": 3.0,
        "r2_trend_min": 0.2783748895123842,
        "w_momentum": 0.0,
        "w_mean_reversion": 0.5478,
        "w_volume": 0.3436,
        "w_trend": 0.1086,
        "w_pattern": 0.0
      }
    },
    {
      "annual_return": 141.7391,
      "max_drawdown": 22.4784,
      "win_rate": 40.0862,
      "sharpe": 2.5075,
      "calmar": 6.3056,
      "total_trades": 232,
      "profit_factor": 1.9904,
      "fitness": 59.9444,
      "dna": {
        "min_score": 1,
        "rsi_buy_threshold": 50.0,
        "rsi_sell_threshold": 63.725746263394285,
        "r2_min": 0.5245492294457017,
        "slope_min": 0.11474803265079156,
        "volume_ratio_min": 1.9756472559249516,
        "hold_days": 2,
        "stop_loss_pct": 1.7112028394028092,
        "take_profit_pct": 9.611023033186004,
        "max_positions": 1,
        "dip_threshold_pct": 3.0,
        "r2_trend_min": 0.2921111382041981,
        "w_momentum": 0.0,
        "w_mean_reversion": 0.7038,
        "w_volume": 0.2743,
        "w_trend": 0.0219,
        "w_pattern": 0.0
      }
    },
    {
      "annual_return": 124.228,
      "max_drawdown": 18.6298,
      "win_rate": 37.931,
      "sharpe": 2.2391,
      "calmar": 6.6682,
      "total_trades": 232,
      "profit_factor": 1.802,
      "fitness": 59.4594,
      "dna": {
        "min_score": 1,
        "rsi_buy_threshold": 50.0,
        "rsi_sell_threshold": 63.725746263394285,
        "r2_min": 0.6483454300404132,
        "slope_min": 0.10136249275170325,
        "volume_ratio_min": 1.9756472559249516,
        "hold_days": 2,
        "stop_loss_pct": 1.7112028394028092,
        "take_profit_pct": 9.611023033186004,
        "max_positions": 1,
        "dip_threshold_pct": 3.0,
        "r2_trend_min": 0.2921111382041981,
        "w_momentum": 0.0,
        "w_mean_reversion": 0.7038,
        "w_volume": 0.2743,
        "w_trend": 0.0219,
        "w_pattern": 0.0
      }
    },
    {
      "annual_return": 176.1272,
      "max_drawdown": 35.2347,
      "win_rate": 44.3966,
      "sharpe": 2.6574,
      "calmar": 4.9987,
      "total_trades": 232,
      "profit_factor": 1.949,
      "fitness": 51.0088,
      "dna": {
        "min_score": 1,
        "rsi_buy_threshold": 50.0,
        "rsi_sell_threshold": 63.725746263394285,
        "r2_min": 0.29286728879472335,
        "slope_min": 0.20339538128117784,
        "volume_ratio_min": 2.9867842702666967,
        "hold_days": 2,
        "stop_loss_pct": 2.0168805489628014,
        "take_profit_pct": 9.169144625040824,
        "max_positions": 1,
        "dip_threshold_pct": 3.3237267899149243,
        "r2_trend_min": 0.23128665864988185,
        "w_momentum": 0.0,
        "w_mean_reversion": 0.6621,
        "w_volume": 0.3171,
        "w_trend": 0.0108,
        "w_pattern": 0.01
      }
    }
  ]
}