{
  "generation": 1099,
  "timestamp": "2026-03-20T21:39:46",
  "results": [
    {
      "annual_return": 215.4276,
      "max_drawdown": 20.421,
      "win_rate": 51.7241,
      "sharpe": 2.5095,
      "calmar": 10.5493,
      "total_trades": 232,
      "profit_factor": 1.9743,
      "fitness": 113.9496,
      "dna": {
        "min_score": 1,
        "rsi_buy_threshold": 13.986591750813052,
        "rsi_sell_threshold": 88.20034056926363,
        "r2_min": 0.12932798841843485,
        "slope_min": 0.45937573046431834,
        "volume_ratio_min": 1.314746476664578,
        "hold_days": 2,
        "stop_loss_pct": 10.0,
        "take_profit_pct": 12.116881568753294,
        "max_positions": 1,
        "dip_threshold_pct": 7.101850753769609,
        "r2_trend_min": 0.4855838479772008,
        "w_momentum": 0.0,
        "w_mean_reversion": 0.546,
        "w_volume": 0.3839,
        "w_trend": 0.0624,
        "w_pattern": 0.0077
      }
    },
    {
      "annual_return": 245.7886,
      "max_drawdown": 26.7328,
      "win_rate": 51.2931,
      "sharpe": 2.2646,
      "calmar": 9.1943,
      "total_trades": 232,
      "profit_factor": 1.6098,
      "fitness": 95.6735,
      "dna": {
        "min_score": 1,
        "rsi_buy_threshold": 11.21805917001786,
        "rsi_sell_threshold": 95.0,
        "r2_min": 0.14419992552165453,
        "slope_min": 0.45937573046431834,
        "volume_ratio_min": 1.571356651784448,
        "hold_days": 2,
        "stop_loss_pct": 10.0,
        "take_profit_pct": 13.984791140731103,
        "max_positions": 1,
        "dip_threshold_pct": 11.346349426027928,
        "r2_trend_min": 0.6128336914330578,
        "w_momentum": 0.0,
        "w_mean_reversion": 0.5212,
        "w_volume": 0.4311,
        "w_trend": 0.032,
        "w_pattern": 0.0157
      }
    },
    {
      "annual_return": 131.7553,
      "max_drawdown": 19.114,
      "win_rate": 50.431,
      "sharpe": 1.8834,
      "calmar": 6.8931,
      "total_trades": 232,
      "profit_factor": 1.5285,
      "fitness": 67.3901,
      "dna": {
        "min_score": 1,
        "rsi_buy_threshold": 10.0,
        "rsi_sell_threshold": 88.20034056926363,
        "r2_min": 0.16190090933983475,
        "slope_min": 0.45937573046431834,
        "volume_ratio_min": 1.314746476664578,
        "hold_days": 2,
        "stop_loss_pct": 10.0,
        "take_profit_pct": 13.984791140731103,
        "max_positions": 1,
        "dip_threshold_pct": 14.473246757222224,
        "r2_trend_min": 0.7727868161031541,
        "w_momentum": 0.0099,
        "w_mean_reversion": 0.564,
        "w_volume": 0.3965,
        "w_trend": 0.0217,
        "w_pattern": 0.0079
      }
    },
    {
      "annual_return": 179.3344,
      "max_drawdown": 32.3217,
      "win_rate": 47.8448,
      "sharpe": 1.9936,
      "calmar": 5.5484,
      "total_trades": 232,
      "profit_factor": 1.6611,
      "fitness": 53.6804,
      "dna": {
        "min_score": 1,
        "rsi_buy_threshold": 11.21805917001786,
        "rsi_sell_threshold": 95.0,
        "r2_min": 0.12743591086055722,
        "slope_min": 0.3797004846024124,
        "volume_ratio_min": 1.571356651784448,
        "hold_days": 2,
        "stop_loss_pct": 10.0,
        "take_profit_pct": 13.984791140731103,
        "max_positions": 1,
        "dip_threshold_pct": 11.346349426027928,
        "r2_trend_min": 0.6128336914330578,
        "w_momentum": 0.0,
        "w_mean_reversion": 0.483,
        "w_volume": 0.4821,
        "w_trend": 0.0297,
        "w_pattern": 0.0053
      }
    },
    {
      "annual_return": 172.3803,
      "max_drawdown": 32.747,
      "win_rate": 50.431,
      "sharpe": 2.073,
      "calmar": 5.264,
      "total_trades": 232,
      "profit_factor": 1.7697,
      "fitness": 52.8812,
      "dna": {
        "min_score": 1,
        "rsi_buy_threshold": 11.21805917001786,
        "rsi_sell_threshold": 95.0,
        "r2_min": 0.14419992552165453,
        "slope_min": 0.4131017157251447,
        "volume_ratio_min": 1.314746476664578,
        "hold_days": 2,
        "stop_loss_pct": 10.0,
        "take_profit_pct": 10.575626035821813,
        "max_positions": 1,
        "dip_threshold_pct": 12.075811239825047,
        "r2_trend_min": 0.6128336914330578,
        "w_momentum": 0.0,
        "w_mean_reversion": 0.6037,
        "w_volume": 0.3418,
        "w_trend": 0.0298,
        "w_pattern": 0.0247
      }
    }
  ]
}