{
  "generation": 849,
  "timestamp": "2026-03-20T19:34:00",
  "results": [
    {
      "annual_return": 258.243,
      "max_drawdown": 25.6443,
      "win_rate": 42.4242,
      "sharpe": 2.4411,
      "calmar": 10.0702,
      "total_trades": 231,
      "profit_factor": 1.7075,
      "fitness": 97.6137,
      "dna": {
        "min_score": 1,
        "rsi_buy_threshold": 25.962054042146573,
        "rsi_sell_threshold": 78.43415655211135,
        "r2_min": 0.5940825165387122,
        "slope_min": 0.33433489996216026,
        "volume_ratio_min": 1.3856029958997325,
        "hold_days": 2,
        "stop_loss_pct": 2.5947928878860154,
        "take_profit_pct": 27.56073173132363,
        "max_positions": 1,
        "dip_threshold_pct": 19.2237546820174,
        "r2_trend_min": 0.23078265752173194,
        "w_momentum": 0.0,
        "w_mean_reversion": 0.5557,
        "w_volume": 0.2995,
        "w_trend": 0.1121,
        "w_pattern": 0.0327
      }
    },
    {
      "annual_return": 130.5097,
      "max_drawdown": 15.4045,
      "win_rate": 46.3203,
      "sharpe": 2.2836,
      "calmar": 8.4722,
      "total_trades": 231,
      "profit_factor": 1.682,
      "fitness": 83.9957,
      "dna": {
        "min_score": 1,
        "rsi_buy_threshold": 38.455313922726795,
        "rsi_sell_threshold": 73.37106242075238,
        "r2_min": 0.709951840691055,
        "slope_min": 0.34147152225432104,
        "volume_ratio_min": 1.1114007868235312,
        "hold_days": 2,
        "stop_loss_pct": 2.3303479012955557,
        "take_profit_pct": 32.38193747511595,
        "max_positions": 1,
        "dip_threshold_pct": 21.549694511247477,
        "r2_trend_min": 0.4068501236631786,
        "w_momentum": 0.0095,
        "w_mean_reversion": 0.5087,
        "w_volume": 0.3464,
        "w_trend": 0.0986,
        "w_pattern": 0.0369
      }
    },
    {
      "annual_return": 105.0415,
      "max_drawdown": 17.8898,
      "win_rate": 47.8448,
      "sharpe": 1.8611,
      "calmar": 5.8716,
      "total_trades": 232,
      "profit_factor": 1.6332,
      "fitness": 55.7306,
      "dna": {
        "min_score": 1,
        "rsi_buy_threshold": 31.05855358641464,
        "rsi_sell_threshold": 66.70198031693351,
        "r2_min": 0.5940825165387122,
        "slope_min": 0.1773705853150102,
        "volume_ratio_min": 1.3856029958997325,
        "hold_days": 2,
        "stop_loss_pct": 2.5409022795691483,
        "take_profit_pct": 28.03779194398491,
        "max_positions": 1,
        "dip_threshold_pct": 17.675762034758655,
        "r2_trend_min": 0.4182465029276306,
        "w_momentum": 0.0099,
        "w_mean_reversion": 0.5426,
        "w_volume": 0.2943,
        "w_trend": 0.1334,
        "w_pattern": 0.0199
      }
    },
    {
      "annual_return": 97.8334,
      "max_drawdown": 20.2512,
      "win_rate": 48.0519,
      "sharpe": 1.7464,
      "calmar": 4.831,
      "total_trades": 231,
      "profit_factor": 1.5854,
      "fitness": 45.1853,
      "dna": {
        "min_score": 1,
        "rsi_buy_threshold": 35.952144256361315,
        "rsi_sell_threshold": 66.70198031693351,
        "r2_min": 0.5940825165387122,
        "slope_min": 0.33433489996216026,
        "volume_ratio_min": 1.3856029958997325,
        "hold_days": 2,
        "stop_loss_pct": 2.970671837822346,
        "take_profit_pct": 27.56073173132363,
        "max_positions": 1,
        "dip_threshold_pct": 21.55710102802036,
        "r2_trend_min": 0.2,
        "w_momentum": 0.0,
        "w_mean_reversion": 0.5376,
        "w_volume": 0.2897,
        "w_trend": 0.1313,
        "w_pattern": 0.0414
      }
    },
    {
      "annual_return": 91.3499,
      "max_drawdown": 19.5795,
      "win_rate": 48.4848,
      "sharpe": 1.844,
      "calmar": 4.6656,
      "total_trades": 231,
      "profit_factor": 1.5123,
      "fitness": 44.4684,
      "dna": {
        "min_score": 1,
        "rsi_buy_threshold": 46.367095295806216,
        "rsi_sell_threshold": 66.70198031693351,
        "r2_min": 0.6689979950499275,
        "slope_min": 0.33433489996216026,
        "volume_ratio_min": 1.3856029958997325,
        "hold_days": 2,
        "stop_loss_pct": 2.970671837822346,
        "take_profit_pct": 27.56073173132363,
        "max_positions": 1,
        "dip_threshold_pct": 21.55710102802036,
        "r2_trend_min": 0.2,
        "w_momentum": 0.0,
        "w_mean_reversion": 0.5645,
        "w_volume": 0.2542,
        "w_trend": 0.1379,
        "w_pattern": 0.0435
      }
    }
  ]
}