{
  "generation": 859,
  "timestamp": "2026-03-20T19:39:42",
  "results": [
    {
      "annual_return": 173.0818,
      "max_drawdown": 21.6359,
      "win_rate": 45.6897,
      "sharpe": 2.246,
      "calmar": 7.9998,
      "total_trades": 232,
      "profit_factor": 2.1358,
      "fitness": 78.3636,
      "dna": {
        "min_score": 1,
        "rsi_buy_threshold": 34.346832656493945,
        "rsi_sell_threshold": 67.38686511292903,
        "r2_min": 0.95,
        "slope_min": 0.3781233289417222,
        "volume_ratio_min": 2.0145461465743213,
        "hold_days": 2,
        "stop_loss_pct": 2.399465925375223,
        "take_profit_pct": 38.20622595176498,
        "max_positions": 1,
        "dip_threshold_pct": 29.540871121637007,
        "r2_trend_min": 0.41274752415691146,
        "w_momentum": 0.0152,
        "w_mean_reversion": 0.6834,
        "w_volume": 0.2168,
        "w_trend": 0.0531,
        "w_pattern": 0.0315
      }
    },
    {
      "annual_return": 169.9769,
      "max_drawdown": 22.198,
      "win_rate": 37.2294,
      "sharpe": 2.1189,
      "calmar": 7.6573,
      "total_trades": 231,
      "profit_factor": 2.0089,
      "fitness": 66.5211,
      "dna": {
        "min_score": 1,
        "rsi_buy_threshold": 49.084060539606355,
        "rsi_sell_threshold": 95.0,
        "r2_min": 0.679307480063394,
        "slope_min": 0.3781233289417222,
        "volume_ratio_min": 0.99001825030768,
        "hold_days": 2,
        "stop_loss_pct": 1.75238487601053,
        "take_profit_pct": 47.47050769486037,
        "max_positions": 1,
        "dip_threshold_pct": 30.0,
        "r2_trend_min": 0.41274752415691146,
        "w_momentum": 0.0083,
        "w_mean_reversion": 0.6344,
        "w_volume": 0.265,
        "w_trend": 0.0568,
        "w_pattern": 0.0354
      }
    },
    {
      "annual_return": 117.7405,
      "max_drawdown": 19.7273,
      "win_rate": 45.8874,
      "sharpe": 2.0373,
      "calmar": 5.9684,
      "total_trades": 231,
      "profit_factor": 1.7062,
      "fitness": 56.9036,
      "dna": {
        "min_score": 1,
        "rsi_buy_threshold": 24.016874544046928,
        "rsi_sell_threshold": 83.07108134980656,
        "r2_min": 0.95,
        "slope_min": 0.3781233289417222,
        "volume_ratio_min": 1.1965979239219942,
        "hold_days": 2,
        "stop_loss_pct": 2.399465925375223,
        "take_profit_pct": 47.47050769486037,
        "max_positions": 1,
        "dip_threshold_pct": 30.0,
        "r2_trend_min": 0.49635078950377465,
        "w_momentum": 0.0091,
        "w_mean_reversion": 0.5963,
        "w_volume": 0.2671,
        "w_trend": 0.0795,
        "w_pattern": 0.048
      }
    },
    {
      "annual_return": 160.8921,
      "max_drawdown": 32.7705,
      "win_rate": 44.3966,
      "sharpe": 2.0728,
      "calmar": 4.9097,
      "total_trades": 232,
      "profit_factor": 1.8817,
      "fitness": 46.2748,
      "dna": {
        "min_score": 1,
        "rsi_buy_threshold": 38.355966204226355,
        "rsi_sell_threshold": 95.0,
        "r2_min": 0.679307480063394,
        "slope_min": 0.4659671058067423,
        "volume_ratio_min": 0.99001825030768,
        "hold_days": 2,
        "stop_loss_pct": 2.1664700888487136,
        "take_profit_pct": 47.47050769486037,
        "max_positions": 1,
        "dip_threshold_pct": 30.0,
        "r2_trend_min": 0.47645266122877217,
        "w_momentum": 0.0083,
        "w_mean_reversion": 0.6345,
        "w_volume": 0.265,
        "w_trend": 0.0568,
        "w_pattern": 0.0354
      }
    },
    {
      "annual_return": 110.4936,
      "max_drawdown": 26.8928,
      "win_rate": 40.0862,
      "sharpe": 1.9632,
      "calmar": 4.1087,
      "total_trades": 232,
      "profit_factor": 1.8546,
      "fitness": 36.2276,
      "dna": {
        "min_score": 1,
        "rsi_buy_threshold": 41.29850876933334,
        "rsi_sell_threshold": 95.0,
        "r2_min": 0.679307480063394,
        "slope_min": 0.3781233289417222,
        "volume_ratio_min": 0.99001825030768,
        "hold_days": 2,
        "stop_loss_pct": 1.75238487601053,
        "take_profit_pct": 47.47050769486037,
        "max_positions": 1,
        "dip_threshold_pct": 30.0,
        "r2_trend_min": 0.41274752415691146,
        "w_momentum": 0.0083,
        "w_mean_reversion": 0.6345,
        "w_volume": 0.265,
        "w_trend": 0.0568,
        "w_pattern": 0.0354
      }
    }
  ]
}