{
  "generation": 669,
  "timestamp": "2026-03-20T18:08:17",
  "results": [
    {
      "annual_return": 239.4186,
      "max_drawdown": 17.3115,
      "win_rate": 39.3939,
      "sharpe": 2.9351,
      "calmar": 13.8301,
      "total_trades": 231,
      "profit_factor": 1.9181,
      "fitness": 137.7595,
      "dna": {
        "min_score": 1,
        "rsi_buy_threshold": 43.84105016073188,
        "rsi_sell_threshold": 95.0,
        "r2_min": 0.3494217554187117,
        "slope_min": 0.1345859668095214,
        "volume_ratio_min": 1.6327606612798566,
        "hold_days": 2,
        "stop_loss_pct": 1.5272808729672271,
        "take_profit_pct": 13.76812140112385,
        "max_positions": 1,
        "dip_threshold_pct": 3.0,
        "r2_trend_min": 0.2,
        "w_momentum": 0.0,
        "w_mean_reversion": 0.6082,
        "w_volume": 0.3266,
        "w_trend": 0.0432,
        "w_pattern": 0.0219
      }
    },
    {
      "annual_return": 161.8774,
      "max_drawdown": 15.7493,
      "win_rate": 38.3621,
      "sharpe": 2.485,
      "calmar": 10.2784,
      "total_trades": 232,
      "profit_factor": 2.1219,
      "fitness": 95.3013,
      "dna": {
        "min_score": 1,
        "rsi_buy_threshold": 39.46399691926847,
        "rsi_sell_threshold": 83.75622810014417,
        "r2_min": 0.2564078960413808,
        "slope_min": 0.12238157481363132,
        "volume_ratio_min": 1.6327606612798566,
        "hold_days": 2,
        "stop_loss_pct": 1.5272808729672271,
        "take_profit_pct": 14.17954439095099,
        "max_positions": 1,
        "dip_threshold_pct": 3.306233562482727,
        "r2_trend_min": 0.20160323980652517,
        "w_momentum": 0.0,
        "w_mean_reversion": 0.5656,
        "w_volume": 0.3783,
        "w_trend": 0.0511,
        "w_pattern": 0.005
      }
    },
    {
      "annual_return": 187.3268,
      "max_drawdown": 21.5001,
      "win_rate": 37.5,
      "sharpe": 2.3948,
      "calmar": 8.7128,
      "total_trades": 232,
      "profit_factor": 2.1359,
      "fitness": 78.9103,
      "dna": {
        "min_score": 1,
        "rsi_buy_threshold": 25.721538647579933,
        "rsi_sell_threshold": 68.08640377164289,
        "r2_min": 0.3607371208850492,
        "slope_min": 0.18699536298149447,
        "volume_ratio_min": 1.9638280160094035,
        "hold_days": 2,
        "stop_loss_pct": 1.5272808729672271,
        "take_profit_pct": 17.66253416543776,
        "max_positions": 1,
        "dip_threshold_pct": 3.0,
        "r2_trend_min": 0.2333451705649196,
        "w_momentum": 0.0,
        "w_mean_reversion": 0.5069,
        "w_volume": 0.4117,
        "w_trend": 0.0667,
        "w_pattern": 0.0147
      }
    },
    {
      "annual_return": 207.2493,
      "max_drawdown": 27.5597,
      "win_rate": 44.5887,
      "sharpe": 2.6723,
      "calmar": 7.52,
      "total_trades": 231,
      "profit_factor": 2.0924,
      "fitness": 77.0526,
      "dna": {
        "min_score": 1,
        "rsi_buy_threshold": 39.46399691926847,
        "rsi_sell_threshold": 83.75622810014417,
        "r2_min": 0.2564078960413808,
        "slope_min": 0.12560142512059702,
        "volume_ratio_min": 1.6327606612798566,
        "hold_days": 2,
        "stop_loss_pct": 2.1015581235945686,
        "take_profit_pct": 14.17954439095099,
        "max_positions": 1,
        "dip_threshold_pct": 3.647500237100022,
        "r2_trend_min": 0.2333451705649196,
        "w_momentum": 0.0,
        "w_mean_reversion": 0.5263,
        "w_volume": 0.4026,
        "w_trend": 0.057,
        "w_pattern": 0.0141
      }
    },
    {
      "annual_return": 121.6353,
      "max_drawdown": 17.188,
      "win_rate": 41.048,
      "sharpe": 2.1976,
      "calmar": 7.0768,
      "total_trades": 229,
      "profit_factor": 1.6716,
      "fitness": 65.2679,
      "dna": {
        "min_score": 1,
        "rsi_buy_threshold": 43.84105016073188,
        "rsi_sell_threshold": 83.55904360280799,
        "r2_min": 0.3494217554187117,
        "slope_min": 0.1592598530260867,
        "volume_ratio_min": 1.6327606612798566,
        "hold_days": 2,
        "stop_loss_pct": 1.5272808729672271,
        "take_profit_pct": 17.66253416543776,
        "max_positions": 1,
        "dip_threshold_pct": 3.0,
        "r2_trend_min": 0.2333451705649196,
        "w_momentum": 0.0,
        "w_mean_reversion": 0.5971,
        "w_volume": 0.3207,
        "w_trend": 0.0606,
        "w_pattern": 0.0215
      }
    }
  ]
}