{
  "generation": 1339,
  "timestamp": "2026-03-20T23:48:48",
  "results": [
    {
      "annual_return": 201.7903,
      "max_drawdown": 21.3604,
      "win_rate": 51.5152,
      "sharpe": 2.6025,
      "calmar": 9.4469,
      "total_trades": 231,
      "profit_factor": 2.3051,
      "fitness": 103.0974,
      "dna": {
        "min_score": 1,
        "rsi_buy_threshold": 10.0,
        "rsi_sell_threshold": 95.0,
        "r2_min": 0.1112776977567586,
        "slope_min": 0.27054674850308635,
        "volume_ratio_min": 0.5,
        "hold_days": 2,
        "stop_loss_pct": 5.262954722755697,
        "take_profit_pct": 50.0,
        "max_positions": 1,
        "dip_threshold_pct": 7.36464920796832,
        "r2_trend_min": 0.8460833601655202,
        "w_momentum": 0.0,
        "w_mean_reversion": 0.1592,
        "w_volume": 0.4011,
        "w_trend": 0.0,
        "w_pattern": 0.0303,
        "w_macd": 0.0624,
        "w_bollinger": 0.0844,
        "w_kdj": 0.0707,
        "w_obv": 0.061,
        "w_support": 0.0721,
        "w_volume_profile": 0.0588
      }
    },
    {
      "annual_return": 130.8171,
      "max_drawdown": 19.6352,
      "win_rate": 55.6034,
      "sharpe": 2.3005,
      "calmar": 6.6624,
      "total_trades": 232,
      "profit_factor": 1.9407,
      "fitness": 72.5377,
      "dna": {
        "min_score": 1,
        "rsi_buy_threshold": 12.95496401456986,
        "rsi_sell_threshold": 77.7724634055966,
        "r2_min": 0.1334195997685652,
        "slope_min": 0.27054674850308635,
        "volume_ratio_min": 0.5,
        "hold_days": 2,
        "stop_loss_pct": 4.860050560849348,
        "take_profit_pct": 50.0,
        "max_positions": 1,
        "dip_threshold_pct": 8.324734778007016,
        "r2_trend_min": 0.95,
        "w_momentum": 0.0099,
        "w_mean_reversion": 0.1685,
        "w_volume": 0.3684,
        "w_trend": 0.0099,
        "w_pattern": 0.0321,
        "w_macd": 0.066,
        "w_bollinger": 0.1137,
        "w_kdj": 0.0968,
        "w_obv": 0.0465,
        "w_support": 0.039,
        "w_volume_profile": 0.0493
      }
    },
    {
      "annual_return": 149.5428,
      "max_drawdown": 22.2171,
      "win_rate": 46.3203,
      "sharpe": 2.3944,
      "calmar": 6.731,
      "total_trades": 231,
      "profit_factor": 1.7585,
      "fitness": 67.7483,
      "dna": {
        "min_score": 1,
        "rsi_buy_threshold": 12.95496401456986,
        "rsi_sell_threshold": 95.0,
        "r2_min": 0.1334195997685652,
        "slope_min": 0.27054674850308635,
        "volume_ratio_min": 0.5,
        "hold_days": 2,
        "stop_loss_pct": 4.860050560849348,
        "take_profit_pct": 50.0,
        "max_positions": 1,
        "dip_threshold_pct": 8.324734778007016,
        "r2_trend_min": 0.95,
        "w_momentum": 0.0,
        "w_mean_reversion": 0.171,
        "w_volume": 0.3739,
        "w_trend": 0.01,
        "w_pattern": 0.0326,
        "w_macd": 0.067,
        "w_bollinger": 0.0972,
        "w_kdj": 0.0983,
        "w_obv": 0.0472,
        "w_support": 0.0396,
        "w_volume_profile": 0.0631
      }
    },
    {
      "annual_return": 116.5434,
      "max_drawdown": 17.5252,
      "win_rate": 51.0823,
      "sharpe": 2.0612,
      "calmar": 6.65,
      "total_trades": 231,
      "profit_factor": 1.6956,
      "fitness": 67.1225,
      "dna": {
        "min_score": 1,
        "rsi_buy_threshold": 10.0,
        "rsi_sell_threshold": 90.5114777959703,
        "r2_min": 0.14167793808897935,
        "slope_min": 0.3404331473814143,
        "volume_ratio_min": 0.7603463451385355,
        "hold_days": 2,
        "stop_loss_pct": 4.063482849899176,
        "take_profit_pct": 44.21779678977823,
        "max_positions": 1,
        "dip_threshold_pct": 6.319737661651763,
        "r2_trend_min": 0.654788586298082,
        "w_momentum": 0.0,
        "w_mean_reversion": 0.1223,
        "w_volume": 0.326,
        "w_trend": 0.0103,
        "w_pattern": 0.0127,
        "w_macd": 0.0693,
        "w_bollinger": 0.1509,
        "w_kdj": 0.0562,
        "w_obv": 0.1247,
        "w_support": 0.0906,
        "w_volume_profile": 0.037
      }
    },
    {
      "annual_return": 137.0355,
      "max_drawdown": 24.3094,
      "win_rate": 51.7241,
      "sharpe": 2.312,
      "calmar": 5.6371,
      "total_trades": 232,
      "profit_factor": 1.8813,
      "fitness": 59.289,
      "dna": {
        "min_score": 1,
        "rsi_buy_threshold": 12.95496401456986,
        "rsi_sell_threshold": 95.0,
        "r2_min": 0.1334195997685652,
        "slope_min": 0.27054674850308635,
        "volume_ratio_min": 0.5,
        "hold_days": 2,
        "stop_loss_pct": 5.62108304058852,
        "take_profit_pct": 50.0,
        "max_positions": 1,
        "dip_threshold_pct": 10.395114280663964,
        "r2_trend_min": 0.8131427723268485,
        "w_momentum": 0.0,
        "w_mean_reversion": 0.1713,
        "w_volume": 0.3745,
        "w_trend": 0.01,
        "w_pattern": 0.0427,
        "w_macd": 0.0671,
        "w_bollinger": 0.0973,
        "w_kdj": 0.0984,
        "w_obv": 0.0373,
        "w_support": 0.0497,
        "w_volume_profile": 0.0518
      }
    }
  ]
}