{
  "generation": 609,
  "timestamp": "2026-03-20T17:30:58",
  "results": [
    {
      "annual_return": 516.3524,
      "max_drawdown": 17.3798,
      "win_rate": 59.7403,
      "sharpe": 3.5605,
      "calmar": 29.7099,
      "total_trades": 231,
      "profit_factor": 2.9305,
      "fitness": 393.1542,
      "dna": {
        "min_score": 1,
        "rsi_buy_threshold": 50.0,
        "rsi_sell_threshold": 95.0,
        "r2_min": 0.8491902885211313,
        "slope_min": 0.30309338400272223,
        "volume_ratio_min": 1.8508369680093548,
        "hold_days": 2,
        "stop_loss_pct": 4.05808072481013,
        "take_profit_pct": 19.862652625737628,
        "max_positions": 1,
        "dip_threshold_pct": 3.0,
        "r2_trend_min": 0.49318015395340165,
        "w_momentum": 0.0,
        "w_mean_reversion": 0.6456,
        "w_volume": 0.3168,
        "w_trend": 0.0375,
        "w_pattern": 0.0
      }
    },
    {
      "annual_return": 208.3406,
      "max_drawdown": 21.1824,
      "win_rate": 50.8621,
      "sharpe": 2.4151,
      "calmar": 9.8355,
      "total_trades": 232,
      "profit_factor": 1.9838,
      "fitness": 104.0259,
      "dna": {
        "min_score": 1,
        "rsi_buy_threshold": 50.0,
        "rsi_sell_threshold": 67.0485869916817,
        "r2_min": 0.95,
        "slope_min": 0.3196706904897618,
        "volume_ratio_min": 2.357911105444687,
        "hold_days": 2,
        "stop_loss_pct": 3.8263698669774895,
        "take_profit_pct": 26.43405375053876,
        "max_positions": 1,
        "dip_threshold_pct": 3.001005315094244,
        "r2_trend_min": 0.4005569491108033,
        "w_momentum": 0.0205,
        "w_mean_reversion": 0.6009,
        "w_volume": 0.3452,
        "w_trend": 0.0224,
        "w_pattern": 0.011
      }
    },
    {
      "annual_return": 150.4042,
      "max_drawdown": 17.2925,
      "win_rate": 50.8621,
      "sharpe": 2.1098,
      "calmar": 8.6976,
      "total_trades": 232,
      "profit_factor": 1.8106,
      "fitness": 88.204,
      "dna": {
        "min_score": 1,
        "rsi_buy_threshold": 50.0,
        "rsi_sell_threshold": 55.0,
        "r2_min": 0.95,
        "slope_min": 0.3196706904897618,
        "volume_ratio_min": 2.357911105444687,
        "hold_days": 2,
        "stop_loss_pct": 3.8263698669774895,
        "take_profit_pct": 21.55161526292219,
        "max_positions": 1,
        "dip_threshold_pct": 3.001005315094244,
        "r2_trend_min": 0.4005569491108033,
        "w_momentum": 0.0251,
        "w_mean_reversion": 0.5631,
        "w_volume": 0.3709,
        "w_trend": 0.0274,
        "w_pattern": 0.0135
      }
    },
    {
      "annual_return": 278.0776,
      "max_drawdown": 36.9979,
      "win_rate": 49.569,
      "sharpe": 2.6471,
      "calmar": 7.516,
      "total_trades": 232,
      "profit_factor": 2.0635,
      "fitness": 80.932,
      "dna": {
        "min_score": 1,
        "rsi_buy_threshold": 50.0,
        "rsi_sell_threshold": 81.42947489628379,
        "r2_min": 0.517528082120442,
        "slope_min": 0.3196706904897618,
        "volume_ratio_min": 3.17469018128833,
        "hold_days": 2,
        "stop_loss_pct": 3.8263698669774895,
        "take_profit_pct": 16.15590195770187,
        "max_positions": 1,
        "dip_threshold_pct": 3.7999188625296667,
        "r2_trend_min": 0.4005569491108033,
        "w_momentum": 0.0181,
        "w_mean_reversion": 0.6972,
        "w_volume": 0.2357,
        "w_trend": 0.0384,
        "w_pattern": 0.0106
      }
    },
    {
      "annual_return": 139.5377,
      "max_drawdown": 26.5053,
      "win_rate": 52.8139,
      "sharpe": 2.1284,
      "calmar": 5.2645,
      "total_trades": 231,
      "profit_factor": 1.5845,
      "fitness": 54.5452,
      "dna": {
        "min_score": 1,
        "rsi_buy_threshold": 50.0,
        "rsi_sell_threshold": 81.42947489628379,
        "r2_min": 0.7265125289205369,
        "slope_min": 0.3969384122300332,
        "volume_ratio_min": 3.17469018128833,
        "hold_days": 2,
        "stop_loss_pct": 3.8263698669774895,
        "take_profit_pct": 16.15590195770187,
        "max_positions": 1,
        "dip_threshold_pct": 4.628708078432107,
        "r2_trend_min": 0.4005569491108033,
        "w_momentum": 0.0086,
        "w_mean_reversion": 0.7154,
        "w_volume": 0.2466,
        "w_trend": 0.0294,
        "w_pattern": 0.0
      }
    }
  ]
}