{
  "generation": 249,
  "timestamp": "2026-03-20T14:42:53",
  "results": [
    {
      "annual_return": 110.2649,
      "max_drawdown": 20.3291,
      "win_rate": 56.8966,
      "sharpe": 2.2085,
      "calmar": 5.424,
      "total_trades": 232,
      "profit_factor": 1.655,
      "fitness": 58.9844,
      "dna": {
        "min_score": 1,
        "rsi_buy_threshold": 34.23450176440714,
        "rsi_sell_threshold": 79.16668746311237,
        "r2_min": 0.12370247288619556,
        "slope_min": 0.11186246204674098,
        "volume_ratio_min": 0.5,
        "hold_days": 2,
        "stop_loss_pct": 9.059254039159551,
        "take_profit_pct": 6.340232165436765,
        "max_positions": 1,
        "dip_threshold_pct": 5.800574022987919,
        "r2_trend_min": 0.416454691645351,
        "w_momentum": 0.0,
        "w_mean_reversion": 0.1491,
        "w_volume": 0.1268,
        "w_trend": 0.0197,
        "w_pattern": 0.7045
      }
    },
    {
      "annual_return": 76.8287,
      "max_drawdown": 23.8941,
      "win_rate": 53.2468,
      "sharpe": 1.7354,
      "calmar": 3.2154,
      "total_trades": 231,
      "profit_factor": 1.4322,
      "fitness": 31.6064,
      "dna": {
        "min_score": 1,
        "rsi_buy_threshold": 34.79099639914406,
        "rsi_sell_threshold": 55.0,
        "r2_min": 0.1,
        "slope_min": 0.13889377732565503,
        "volume_ratio_min": 0.6189428770874337,
        "hold_days": 2,
        "stop_loss_pct": 9.540105350307492,
        "take_profit_pct": 16.819753807486848,
        "max_positions": 1,
        "dip_threshold_pct": 7.309738992927143,
        "r2_trend_min": 0.416454691645351,
        "w_momentum": 0.0101,
        "w_mean_reversion": 0.2062,
        "w_volume": 0.1528,
        "w_trend": 0.019,
        "w_pattern": 0.6118
      }
    },
    {
      "annual_return": 90.3905,
      "max_drawdown": 28.0348,
      "win_rate": 52.5862,
      "sharpe": 1.6472,
      "calmar": 3.2242,
      "total_trades": 232,
      "profit_factor": 1.3836,
      "fitness": 31.0834,
      "dna": {
        "min_score": 1,
        "rsi_buy_threshold": 39.612042768548086,
        "rsi_sell_threshold": 79.16668746311237,
        "r2_min": 0.1,
        "slope_min": 0.1,
        "volume_ratio_min": 0.6189428770874337,
        "hold_days": 2,
        "stop_loss_pct": 9.059254039159551,
        "take_profit_pct": 7.541372848635597,
        "max_positions": 1,
        "dip_threshold_pct": 9.011619460618322,
        "r2_trend_min": 0.416454691645351,
        "w_momentum": 0.0,
        "w_mean_reversion": 0.1378,
        "w_volume": 0.1285,
        "w_trend": 0.0198,
        "w_pattern": 0.714
      }
    },
    {
      "annual_return": 65.5512,
      "max_drawdown": 19.3008,
      "win_rate": 46.5517,
      "sharpe": 1.4262,
      "calmar": 3.3963,
      "total_trades": 232,
      "profit_factor": 1.3368,
      "fitness": 29.7822,
      "dna": {
        "min_score": 1,
        "rsi_buy_threshold": 27.94471958452974,
        "rsi_sell_threshold": 55.0,
        "r2_min": 0.12370247288619556,
        "slope_min": 0.11853853249916545,
        "volume_ratio_min": 1.1421944472067904,
        "hold_days": 2,
        "stop_loss_pct": 6.2223085587205835,
        "take_profit_pct": 7.541372848635597,
        "max_positions": 1,
        "dip_threshold_pct": 8.084915797074762,
        "r2_trend_min": 0.416454691645351,
        "w_momentum": 0.0,
        "w_mean_reversion": 0.1803,
        "w_volume": 0.1237,
        "w_trend": 0.0088,
        "w_pattern": 0.6873
      }
    },
    {
      "annual_return": 93.4092,
      "max_drawdown": 31.0779,
      "win_rate": 51.7241,
      "sharpe": 1.7309,
      "calmar": 3.0056,
      "total_trades": 232,
      "profit_factor": 1.6149,
      "fitness": 29.0995,
      "dna": {
        "min_score": 1,
        "rsi_buy_threshold": 26.912233279421752,
        "rsi_sell_threshold": 55.0,
        "r2_min": 0.1,
        "slope_min": 0.13889377732565503,
        "volume_ratio_min": 0.6189428770874337,
        "hold_days": 2,
        "stop_loss_pct": 9.540105350307492,
        "take_profit_pct": 16.819753807486848,
        "max_positions": 1,
        "dip_threshold_pct": 7.309738992927143,
        "r2_trend_min": 0.416454691645351,
        "w_momentum": 0.0114,
        "w_mean_reversion": 0.2319,
        "w_volume": 0.1719,
        "w_trend": 0.0214,
        "w_pattern": 0.5634
      }
    }
  ]
}