{
  "generation": 9,
  "timestamp": "2026-03-20T12:40:49",
  "results": [
    {
      "annual_return": 257.3169,
      "max_drawdown": 14.0877,
      "win_rate": 46.3415,
      "sharpe": 2.409,
      "calmar": 18.2653,
      "total_trades": 82,
      "profit_factor": 1.4191,
      "fitness": 184.2486,
      "dna": {
        "min_score": 4,
        "rsi_buy_threshold": 26.235434199767848,
        "rsi_sell_threshold": 95.0,
        "r2_min": 0.6251280113763152,
        "slope_min": 0.5688556605028692,
        "volume_ratio_min": 1.2486807726193365,
        "hold_days": 1,
        "stop_loss_pct": 2.7833891439539453,
        "take_profit_pct": 22.50223178077772,
        "max_positions": 1,
        "dip_threshold_pct": 7.786431262777204,
        "r2_trend_min": 0.7561938833323059,
        "w_momentum": 0.2095,
        "w_mean_reversion": 0.2181,
        "w_volume": 0.1219,
        "w_trend": 0.3024,
        "w_pattern": 0.1482
      }
    },
    {
      "annual_return": 183.4301,
      "max_drawdown": 46.0363,
      "win_rate": 44.086,
      "sharpe": 1.929,
      "calmar": 3.9845,
      "total_trades": 465,
      "profit_factor": 1.4883,
      "fitness": 36.6623,
      "dna": {
        "min_score": 5,
        "rsi_buy_threshold": 26.235434199767848,
        "rsi_sell_threshold": 95.0,
        "r2_min": 0.6251280113763152,
        "slope_min": 0.5,
        "volume_ratio_min": 1.2486807726193365,
        "hold_days": 1,
        "stop_loss_pct": 2.7833891439539453,
        "take_profit_pct": 22.50223178077772,
        "max_positions": 1,
        "dip_threshold_pct": 10.0,
        "r2_trend_min": 0.7561938833323059,
        "w_momentum": 0.2049,
        "w_mean_reversion": 0.2133,
        "w_volume": 0.1192,
        "w_trend": 0.2958,
        "w_pattern": 0.1667
      }
    },
    {
      "annual_return": 125.9534,
      "max_drawdown": 31.1796,
      "win_rate": 44.7312,
      "sharpe": 1.6179,
      "calmar": 4.0396,
      "total_trades": 465,
      "profit_factor": 1.163,
      "fitness": 35.7595,
      "dna": {
        "min_score": 5,
        "rsi_buy_threshold": 26.235434199767848,
        "rsi_sell_threshold": 95.0,
        "r2_min": 0.6251280113763152,
        "slope_min": 0.5,
        "volume_ratio_min": 0.915548033036269,
        "hold_days": 1,
        "stop_loss_pct": 3.1355531730587414,
        "take_profit_pct": 17.41165421107575,
        "max_positions": 1,
        "dip_threshold_pct": 10.0,
        "r2_trend_min": 0.7561938833323059,
        "w_momentum": 0.1856,
        "w_mean_reversion": 0.2185,
        "w_volume": 0.1221,
        "w_trend": 0.303,
        "w_pattern": 0.1708
      }
    },
    {
      "annual_return": 79.5416,
      "max_drawdown": 42.021,
      "win_rate": 44.3011,
      "sharpe": 1.3599,
      "calmar": 1.8929,
      "total_trades": 465,
      "profit_factor": 1.1759,
      "fitness": 16.0257,
      "dna": {
        "min_score": 4,
        "rsi_buy_threshold": 26.235434199767848,
        "rsi_sell_threshold": 95.0,
        "r2_min": 0.6251280113763152,
        "slope_min": 0.5688556605028692,
        "volume_ratio_min": 1.2486807726193365,
        "hold_days": 1,
        "stop_loss_pct": 2.7833891439539453,
        "take_profit_pct": 22.50223178077772,
        "max_positions": 1,
        "dip_threshold_pct": 7.786431262777204,
        "r2_trend_min": 0.7561938833323059,
        "w_momentum": 0.209,
        "w_mean_reversion": 0.2176,
        "w_volume": 0.1216,
        "w_trend": 0.2665,
        "w_pattern": 0.1852
      }
    },
    {
      "annual_return": 12.2397,
      "max_drawdown": 6.73,
      "win_rate": 54.5455,
      "sharpe": 0.751,
      "calmar": 1.8187,
      "total_trades": 11,
      "profit_factor": 2.6905,
      "fitness": 15.4493,
      "dna": {
        "min_score": 7,
        "rsi_buy_threshold": 21.1448046110415,
        "rsi_sell_threshold": 66.96021840082481,
        "r2_min": 0.6251280113763152,
        "slope_min": 0.5603964602475773,
        "volume_ratio_min": 1.3465684306797516,
        "hold_days": 2,
        "stop_loss_pct": 3.3400948798773142,
        "take_profit_pct": 20.80185410780499,
        "max_positions": 2,
        "dip_threshold_pct": 10.0,
        "r2_trend_min": 0.8588914884996179,
        "w_momentum": 0.2273,
        "w_mean_reversion": 0.2201,
        "w_volume": 0.1341,
        "w_trend": 0.2924,
        "w_pattern": 0.1261
      }
    }
  ]
}