{
  "generation": 369,
  "timestamp": "2026-03-20T15:39:55",
  "results": [
    {
      "annual_return": 187.8811,
      "max_drawdown": 23.839,
      "win_rate": 52.5862,
      "sharpe": 2.3766,
      "calmar": 7.8812,
      "total_trades": 232,
      "profit_factor": 1.8818,
      "fitness": 84.3173,
      "dna": {
        "min_score": 1,
        "rsi_buy_threshold": 23.582376007965014,
        "rsi_sell_threshold": 95.0,
        "r2_min": 0.28758422552944984,
        "slope_min": 0.13943967189864226,
        "volume_ratio_min": 0.7960270531015091,
        "hold_days": 2,
        "stop_loss_pct": 5.530163446470478,
        "take_profit_pct": 12.852463528863272,
        "max_positions": 1,
        "dip_threshold_pct": 6.140757199376498,
        "r2_trend_min": 0.2,
        "w_momentum": 0.0,
        "w_mean_reversion": 0.1831,
        "w_volume": 0.0563,
        "w_trend": 0.0176,
        "w_pattern": 0.743
      }
    },
    {
      "annual_return": 149.0237,
      "max_drawdown": 22.4428,
      "win_rate": 51.0917,
      "sharpe": 2.1739,
      "calmar": 6.6402,
      "total_trades": 229,
      "profit_factor": 1.6419,
      "fitness": 68.0988,
      "dna": {
        "min_score": 1,
        "rsi_buy_threshold": 23.582376007965014,
        "rsi_sell_threshold": 95.0,
        "r2_min": 0.20163034387674153,
        "slope_min": 0.15635743445491102,
        "volume_ratio_min": 0.9596026660764229,
        "hold_days": 2,
        "stop_loss_pct": 5.530163446470478,
        "take_profit_pct": 12.852463528863272,
        "max_positions": 1,
        "dip_threshold_pct": 4.993971783203038,
        "r2_trend_min": 0.2,
        "w_momentum": 0.0,
        "w_mean_reversion": 0.1831,
        "w_volume": 0.0563,
        "w_trend": 0.0176,
        "w_pattern": 0.743
      }
    },
    {
      "annual_return": 158.2677,
      "max_drawdown": 31.628,
      "win_rate": 49.0909,
      "sharpe": 1.9728,
      "calmar": 5.004,
      "total_trades": 55,
      "profit_factor": 1.5524,
      "fitness": 48.8946,
      "dna": {
        "min_score": 1,
        "rsi_buy_threshold": 50.0,
        "rsi_sell_threshold": 74.24551607606217,
        "r2_min": 0.2611575792665641,
        "slope_min": 0.13810164241116715,
        "volume_ratio_min": 1.0773431315605015,
        "hold_days": 2,
        "stop_loss_pct": 7.640813278070776,
        "take_profit_pct": 10.79098776554302,
        "max_positions": 1,
        "dip_threshold_pct": 13.698282223256184,
        "r2_trend_min": 0.2517803535133494,
        "w_momentum": 0.0,
        "w_mean_reversion": 0.2499,
        "w_volume": 0.0638,
        "w_trend": 0.0545,
        "w_pattern": 0.6318
      }
    },
    {
      "annual_return": 185.5792,
      "max_drawdown": 41.4793,
      "win_rate": 54.1126,
      "sharpe": 2.2936,
      "calmar": 4.474,
      "total_trades": 231,
      "profit_factor": 1.8448,
      "fitness": 48.0084,
      "dna": {
        "min_score": 1,
        "rsi_buy_threshold": 23.582376007965014,
        "rsi_sell_threshold": 82.72336776896594,
        "r2_min": 0.3588266592153806,
        "slope_min": 0.16055775818341128,
        "volume_ratio_min": 0.7614474936108057,
        "hold_days": 2,
        "stop_loss_pct": 5.530163446470478,
        "take_profit_pct": 12.852463528863272,
        "max_positions": 1,
        "dip_threshold_pct": 6.140757199376498,
        "r2_trend_min": 0.2,
        "w_momentum": 0.0,
        "w_mean_reversion": 0.1433,
        "w_volume": 0.0464,
        "w_trend": 0.0187,
        "w_pattern": 0.7916
      }
    },
    {
      "annual_return": 98.5222,
      "max_drawdown": 27.2367,
      "win_rate": 53.4483,
      "sharpe": 1.7794,
      "calmar": 3.6173,
      "total_trades": 232,
      "profit_factor": 1.4043,
      "fitness": 35.8563,
      "dna": {
        "min_score": 1,
        "rsi_buy_threshold": 23.582376007965014,
        "rsi_sell_threshold": 95.0,
        "r2_min": 0.3588266592153806,
        "slope_min": 0.13943967189864226,
        "volume_ratio_min": 0.6731746440890017,
        "hold_days": 2,
        "stop_loss_pct": 5.530163446470478,
        "take_profit_pct": 12.852463528863272,
        "max_positions": 1,
        "dip_threshold_pct": 6.140757199376498,
        "r2_trend_min": 0.2,
        "w_momentum": 0.0,
        "w_mean_reversion": 0.1855,
        "w_volume": 0.0441,
        "w_trend": 0.0178,
        "w_pattern": 0.7526
      }
    }
  ]
}