{
  "generation": 789,
  "timestamp": "2026-03-20T19:05:07",
  "results": [
    {
      "annual_return": 283.6271,
      "max_drawdown": 23.9378,
      "win_rate": 49.7835,
      "sharpe": 3.031,
      "calmar": 11.8485,
      "total_trades": 231,
      "profit_factor": 1.8153,
      "fitness": 134.2792,
      "dna": {
        "min_score": 1,
        "rsi_buy_threshold": 50.0,
        "rsi_sell_threshold": 55.0,
        "r2_min": 0.42478382227312966,
        "slope_min": 0.44773511689449585,
        "volume_ratio_min": 3.3518779459984143,
        "hold_days": 2,
        "stop_loss_pct": 3.3334733469669446,
        "take_profit_pct": 11.705985833010008,
        "max_positions": 1,
        "dip_threshold_pct": 7.608462474483687,
        "r2_trend_min": 0.2959168007671833,
        "w_momentum": 0.0,
        "w_mean_reversion": 0.5153,
        "w_volume": 0.3646,
        "w_trend": 0.0885,
        "w_pattern": 0.0316
      }
    },
    {
      "annual_return": 172.3158,
      "max_drawdown": 21.5197,
      "win_rate": 49.1379,
      "sharpe": 2.4313,
      "calmar": 8.0074,
      "total_trades": 232,
      "profit_factor": 1.9293,
      "fitness": 83.4244,
      "dna": {
        "min_score": 1,
        "rsi_buy_threshold": 50.0,
        "rsi_sell_threshold": 55.0,
        "r2_min": 0.284390119978874,
        "slope_min": 0.3501547619228085,
        "volume_ratio_min": 4.394943880633947,
        "hold_days": 2,
        "stop_loss_pct": 3.3334733469669446,
        "take_profit_pct": 9.589616773321659,
        "max_positions": 1,
        "dip_threshold_pct": 6.545711293536534,
        "r2_trend_min": 0.493609141438242,
        "w_momentum": 0.0,
        "w_mean_reversion": 0.4176,
        "w_volume": 0.432,
        "w_trend": 0.0749,
        "w_pattern": 0.0755
      }
    },
    {
      "annual_return": 88.5747,
      "max_drawdown": 21.9879,
      "win_rate": 46.7532,
      "sharpe": 1.7324,
      "calmar": 4.0283,
      "total_trades": 231,
      "profit_factor": 1.4623,
      "fitness": 37.0876,
      "dna": {
        "min_score": 1,
        "rsi_buy_threshold": 50.0,
        "rsi_sell_threshold": 55.0,
        "r2_min": 0.377178894883447,
        "slope_min": 0.31368077426806457,
        "volume_ratio_min": 3.3518779459984143,
        "hold_days": 2,
        "stop_loss_pct": 3.3334733469669446,
        "take_profit_pct": 11.705985833010008,
        "max_positions": 1,
        "dip_threshold_pct": 7.608462474483687,
        "r2_trend_min": 0.493609141438242,
        "w_momentum": 0.0,
        "w_mean_reversion": 0.4573,
        "w_volume": 0.3632,
        "w_trend": 0.0969,
        "w_pattern": 0.0827
      }
    },
    {
      "annual_return": 83.3343,
      "max_drawdown": 21.1262,
      "win_rate": 43.9655,
      "sharpe": 1.6518,
      "calmar": 3.9446,
      "total_trades": 232,
      "profit_factor": 1.4203,
      "fitness": 34.7959,
      "dna": {
        "min_score": 1,
        "rsi_buy_threshold": 50.0,
        "rsi_sell_threshold": 55.0,
        "r2_min": 0.377178894883447,
        "slope_min": 0.44773511689449585,
        "volume_ratio_min": 4.394943880633947,
        "hold_days": 2,
        "stop_loss_pct": 3.3334733469669446,
        "take_profit_pct": 8.116424264344108,
        "max_positions": 1,
        "dip_threshold_pct": 7.608462474483687,
        "r2_trend_min": 0.493609141438242,
        "w_momentum": 0.0,
        "w_mean_reversion": 0.4117,
        "w_volume": 0.4259,
        "w_trend": 0.0738,
        "w_pattern": 0.0887
      }
    },
    {
      "annual_return": 64.6416,
      "max_drawdown": 19.9757,
      "win_rate": 45.4545,
      "sharpe": 1.6171,
      "calmar": 3.236,
      "total_trades": 231,
      "profit_factor": 1.32,
      "fitness": 28.8731,
      "dna": {
        "min_score": 1,
        "rsi_buy_threshold": 50.0,
        "rsi_sell_threshold": 55.0,
        "r2_min": 0.377178894883447,
        "slope_min": 0.35483132958552205,
        "volume_ratio_min": 4.394943880633947,
        "hold_days": 2,
        "stop_loss_pct": 2.4734587879025027,
        "take_profit_pct": 6.027510793651345,
        "max_positions": 1,
        "dip_threshold_pct": 7.608462474483687,
        "r2_trend_min": 0.493609141438242,
        "w_momentum": 0.0,
        "w_mean_reversion": 0.4117,
        "w_volume": 0.4259,
        "w_trend": 0.0738,
        "w_pattern": 0.0887
      }
    }
  ]
}