{
  "generation": 159,
  "timestamp": "2026-03-20T14:09:55",
  "results": [
    {
      "annual_return": 218.4577,
      "max_drawdown": 33.5728,
      "win_rate": 53.8793,
      "sharpe": 2.2491,
      "calmar": 6.507,
      "total_trades": 232,
      "profit_factor": 1.6408,
      "fitness": 69.2476,
      "dna": {
        "min_score": 1,
        "rsi_buy_threshold": 37.09131309635958,
        "rsi_sell_threshold": 67.3277370520224,
        "r2_min": 0.1231233182096644,
        "slope_min": 0.400999346717156,
        "volume_ratio_min": 2.1012368125743404,
        "hold_days": 2,
        "stop_loss_pct": 10.0,
        "take_profit_pct": 28.359249578026855,
        "max_positions": 1,
        "dip_threshold_pct": 30.0,
        "r2_trend_min": 0.23964183744987275,
        "w_momentum": 0.0489,
        "w_mean_reversion": 0.1577,
        "w_volume": 0.1109,
        "w_trend": 0.0444,
        "w_pattern": 0.6381
      }
    },
    {
      "annual_return": 151.6073,
      "max_drawdown": 32.9642,
      "win_rate": 53.8793,
      "sharpe": 1.884,
      "calmar": 4.5992,
      "total_trades": 232,
      "profit_factor": 1.3268,
      "fitness": 46.4791,
      "dna": {
        "min_score": 1,
        "rsi_buy_threshold": 50.0,
        "rsi_sell_threshold": 95.0,
        "r2_min": 0.20580254475543794,
        "slope_min": 0.6512885013170587,
        "volume_ratio_min": 2.1012368125743404,
        "hold_days": 2,
        "stop_loss_pct": 10.0,
        "take_profit_pct": 19.226108821132954,
        "max_positions": 1,
        "dip_threshold_pct": 30.0,
        "r2_trend_min": 0.23964183744987275,
        "w_momentum": 0.0455,
        "w_mean_reversion": 0.2231,
        "w_volume": 0.0615,
        "w_trend": 0.0505,
        "w_pattern": 0.6195
      }
    },
    {
      "annual_return": 140.6687,
      "max_drawdown": 34.7882,
      "win_rate": 51.2931,
      "sharpe": 1.8691,
      "calmar": 4.0436,
      "total_trades": 232,
      "profit_factor": 1.5114,
      "fitness": 39.7856,
      "dna": {
        "min_score": 1,
        "rsi_buy_threshold": 45.47056365392285,
        "rsi_sell_threshold": 78.72926592259923,
        "r2_min": 0.23190482689087294,
        "slope_min": 0.5076613603493609,
        "volume_ratio_min": 2.1081034769531035,
        "hold_days": 2,
        "stop_loss_pct": 7.335696616206962,
        "take_profit_pct": 19.226108821132954,
        "max_positions": 1,
        "dip_threshold_pct": 30.0,
        "r2_trend_min": 0.2,
        "w_momentum": 0.0517,
        "w_mean_reversion": 0.2171,
        "w_volume": 0.059,
        "w_trend": 0.0721,
        "w_pattern": 0.6001
      }
    },
    {
      "annual_return": 114.8291,
      "max_drawdown": 38.6781,
      "win_rate": 48.2759,
      "sharpe": 1.548,
      "calmar": 2.9688,
      "total_trades": 232,
      "profit_factor": 1.3488,
      "fitness": 27.0141,
      "dna": {
        "min_score": 1,
        "rsi_buy_threshold": 50.0,
        "rsi_sell_threshold": 71.75538409908144,
        "r2_min": 0.15725101265491856,
        "slope_min": 0.47827631999914827,
        "volume_ratio_min": 2.1012368125743404,
        "hold_days": 2,
        "stop_loss_pct": 7.65462853927164,
        "take_profit_pct": 28.359249578026855,
        "max_positions": 1,
        "dip_threshold_pct": 30.0,
        "r2_trend_min": 0.23964183744987275,
        "w_momentum": 0.0365,
        "w_mean_reversion": 0.1926,
        "w_volume": 0.1047,
        "w_trend": 0.0419,
        "w_pattern": 0.6242
      }
    },
    {
      "annual_return": 99.43,
      "max_drawdown": 38.0815,
      "win_rate": 50.0,
      "sharpe": 1.4388,
      "calmar": 2.611,
      "total_trades": 232,
      "profit_factor": 1.2794,
      "fitness": 23.7754,
      "dna": {
        "min_score": 1,
        "rsi_buy_threshold": 40.96609498841545,
        "rsi_sell_threshold": 95.0,
        "r2_min": 0.1231233182096644,
        "slope_min": 0.400999346717156,
        "volume_ratio_min": 2.1012368125743404,
        "hold_days": 2,
        "stop_loss_pct": 10.0,
        "take_profit_pct": 28.359249578026855,
        "max_positions": 1,
        "dip_threshold_pct": 30.0,
        "r2_trend_min": 0.23964183744987275,
        "w_momentum": 0.0563,
        "w_mean_reversion": 0.1346,
        "w_volume": 0.1412,
        "w_trend": 0.0407,
        "w_pattern": 0.6272
      }
    }
  ]
}