{
  "generation": 449,
  "timestamp": "2026-03-20T16:18:07",
  "results": [
    {
      "annual_return": 196.1889,
      "max_drawdown": 31.6309,
      "win_rate": 50.431,
      "sharpe": 2.2685,
      "calmar": 6.2024,
      "total_trades": 232,
      "profit_factor": 1.863,
      "fitness": 64.03,
      "dna": {
        "min_score": 1,
        "rsi_buy_threshold": 36.8135089994779,
        "rsi_sell_threshold": 95.0,
        "r2_min": 0.1,
        "slope_min": 0.17653726982255252,
        "volume_ratio_min": 0.6381939680174589,
        "hold_days": 2,
        "stop_loss_pct": 10.0,
        "take_profit_pct": 29.054154142175225,
        "max_positions": 1,
        "dip_threshold_pct": 3.0,
        "r2_trend_min": 0.2,
        "w_momentum": 0.0,
        "w_mean_reversion": 0.1013,
        "w_volume": 0.0784,
        "w_trend": 0.0,
        "w_pattern": 0.8203
      }
    },
    {
      "annual_return": 162.5579,
      "max_drawdown": 29.8731,
      "win_rate": 52.5862,
      "sharpe": 2.1307,
      "calmar": 5.4416,
      "total_trades": 232,
      "profit_factor": 1.5214,
      "fitness": 56.2761,
      "dna": {
        "min_score": 1,
        "rsi_buy_threshold": 20.492328288563073,
        "rsi_sell_threshold": 95.0,
        "r2_min": 0.1,
        "slope_min": 0.15633169403109773,
        "volume_ratio_min": 0.5569393924865239,
        "hold_days": 2,
        "stop_loss_pct": 10.0,
        "take_profit_pct": 19.581629699906873,
        "max_positions": 1,
        "dip_threshold_pct": 5.885224039373222,
        "r2_trend_min": 0.2,
        "w_momentum": 0.0,
        "w_mean_reversion": 0.0711,
        "w_volume": 0.0788,
        "w_trend": 0.0095,
        "w_pattern": 0.8406
      }
    },
    {
      "annual_return": 112.0867,
      "max_drawdown": 24.7136,
      "win_rate": 54.7414,
      "sharpe": 1.6271,
      "calmar": 4.5354,
      "total_trades": 232,
      "profit_factor": 1.3972,
      "fitness": 44.4766,
      "dna": {
        "min_score": 1,
        "rsi_buy_threshold": 36.8135089994779,
        "rsi_sell_threshold": 95.0,
        "r2_min": 0.1,
        "slope_min": 0.17653726982255252,
        "volume_ratio_min": 0.6381939680174589,
        "hold_days": 2,
        "stop_loss_pct": 10.0,
        "take_profit_pct": 29.054154142175225,
        "max_positions": 1,
        "dip_threshold_pct": 3.470662452514664,
        "r2_trend_min": 0.2,
        "w_momentum": 0.0,
        "w_mean_reversion": 0.1289,
        "w_volume": 0.1273,
        "w_trend": 0.0,
        "w_pattern": 0.7438
      }
    },
    {
      "annual_return": 86.759,
      "max_drawdown": 35.4606,
      "win_rate": 51.2931,
      "sharpe": 1.6067,
      "calmar": 2.4466,
      "total_trades": 232,
      "profit_factor": 1.616,
      "fitness": 23.1532,
      "dna": {
        "min_score": 1,
        "rsi_buy_threshold": 23.039020170030497,
        "rsi_sell_threshold": 95.0,
        "r2_min": 0.1,
        "slope_min": 0.19667483579935247,
        "volume_ratio_min": 0.5,
        "hold_days": 2,
        "stop_loss_pct": 10.0,
        "take_profit_pct": 13.653777080732457,
        "max_positions": 1,
        "dip_threshold_pct": 7.974570712705833,
        "r2_trend_min": 0.2,
        "w_momentum": 0.0,
        "w_mean_reversion": 0.0572,
        "w_volume": 0.0824,
        "w_trend": 0.0103,
        "w_pattern": 0.8502
      }
    },
    {
      "annual_return": 121.7959,
      "max_drawdown": 51.9833,
      "win_rate": 52.5862,
      "sharpe": 1.6834,
      "calmar": 2.343,
      "total_trades": 232,
      "profit_factor": 1.748,
      "fitness": 22.7109,
      "dna": {
        "min_score": 1,
        "rsi_buy_threshold": 29.176445994610365,
        "rsi_sell_threshold": 84.54033133842886,
        "r2_min": 0.1,
        "slope_min": 0.11412888069817123,
        "volume_ratio_min": 0.6381939680174589,
        "hold_days": 2,
        "stop_loss_pct": 10.0,
        "take_profit_pct": 29.054154142175225,
        "max_positions": 1,
        "dip_threshold_pct": 3.0,
        "r2_trend_min": 0.2,
        "w_momentum": 0.0,
        "w_mean_reversion": 0.0833,
        "w_volume": 0.0539,
        "w_trend": 0.0099,
        "w_pattern": 0.853
      }
    }
  ]
}