{
  "generation": 1469,
  "timestamp": "2026-03-21T05:43:31",
  "results": [
    {
      "annual_return": 279.0433,
      "max_drawdown": 25.4942,
      "win_rate": 56.5217,
      "sharpe": 2.7768,
      "calmar": 10.9453,
      "total_trades": 115,
      "profit_factor": 2.5455,
      "fitness": 127.9882,
      "dna": {
        "min_score": 1,
        "rsi_buy_threshold": 10.173116309857603,
        "rsi_sell_threshold": 95.0,
        "r2_min": 0.10276273517560708,
        "slope_min": 0.4654916285103585,
        "volume_ratio_min": 0.6478959992960094,
        "hold_days": 4,
        "stop_loss_pct": 9.452749780017456,
        "take_profit_pct": 18.629788294971547,
        "max_positions": 1,
        "dip_threshold_pct": 4.382557892957979,
        "r2_trend_min": 0.2,
        "w_momentum": 0.0,
        "w_mean_reversion": 0.0548,
        "w_volume": 0.3622,
        "w_trend": 0.0104,
        "w_pattern": 0.0286,
        "w_macd": 0.0603,
        "w_bollinger": 0.0538,
        "w_kdj": 0.0133,
        "w_obv": 0.1313,
        "w_support": 0.2597,
        "w_volume_profile": 0.0254
      }
    },
    {
      "annual_return": 203.2163,
      "max_drawdown": 18.7917,
      "win_rate": 61.2069,
      "sharpe": 2.5397,
      "calmar": 10.8141,
      "total_trades": 116,
      "profit_factor": 2.6288,
      "fitness": 127.5785,
      "dna": {
        "min_score": 1,
        "rsi_buy_threshold": 11.634342363882563,
        "rsi_sell_threshold": 95.0,
        "r2_min": 0.12048582097291334,
        "slope_min": 0.4654916285103585,
        "volume_ratio_min": 0.6478959992960094,
        "hold_days": 4,
        "stop_loss_pct": 9.452749780017456,
        "take_profit_pct": 18.629788294971547,
        "max_positions": 1,
        "dip_threshold_pct": 3.6986433502436715,
        "r2_trend_min": 0.2,
        "w_momentum": 0.0,
        "w_mean_reversion": 0.0707,
        "w_volume": 0.3289,
        "w_trend": 0.0218,
        "w_pattern": 0.0303,
        "w_macd": 0.0532,
        "w_bollinger": 0.0571,
        "w_kdj": 0.0248,
        "w_obv": 0.1111,
        "w_support": 0.2753,
        "w_volume_profile": 0.0269
      }
    },
    {
      "annual_return": 245.7263,
      "max_drawdown": 30.5714,
      "win_rate": 61.2903,
      "sharpe": 2.8165,
      "calmar": 8.0378,
      "total_trades": 155,
      "profit_factor": 2.5207,
      "fitness": 98.3725,
      "dna": {
        "min_score": 1,
        "rsi_buy_threshold": 11.634342363882563,
        "rsi_sell_threshold": 82.79354847683418,
        "r2_min": 0.12048582097291334,
        "slope_min": 0.4654916285103585,
        "volume_ratio_min": 0.6478959992960094,
        "hold_days": 3,
        "stop_loss_pct": 9.452749780017456,
        "take_profit_pct": 18.629788294971547,
        "max_positions": 1,
        "dip_threshold_pct": 3.0,
        "r2_trend_min": 0.2,
        "w_momentum": 0.0053,
        "w_mean_reversion": 0.0543,
        "w_volume": 0.362,
        "w_trend": 0.0104,
        "w_pattern": 0.0388,
        "w_macd": 0.0501,
        "w_bollinger": 0.0672,
        "w_kdj": 0.0231,
        "w_obv": 0.1468,
        "w_support": 0.2066,
        "w_volume_profile": 0.0353
      }
    },
    {
      "annual_return": 187.6417,
      "max_drawdown": 26.3225,
      "win_rate": 54.3103,
      "sharpe": 2.404,
      "calmar": 7.1286,
      "total_trades": 116,
      "profit_factor": 2.5388,
      "fitness": 77.7929,
      "dna": {
        "min_score": 1,
        "rsi_buy_threshold": 11.634342363882563,
        "rsi_sell_threshold": 82.79354847683418,
        "r2_min": 0.12048582097291334,
        "slope_min": 0.4654916285103585,
        "volume_ratio_min": 0.6478959992960094,
        "hold_days": 4,
        "stop_loss_pct": 9.452749780017456,
        "take_profit_pct": 18.629788294971547,
        "max_positions": 1,
        "dip_threshold_pct": 3.0,
        "r2_trend_min": 0.2,
        "w_momentum": 0.0,
        "w_mean_reversion": 0.0712,
        "w_volume": 0.4035,
        "w_trend": 0.0095,
        "w_pattern": 0.0354,
        "w_macd": 0.0458,
        "w_bollinger": 0.0582,
        "w_kdj": 0.0121,
        "w_obv": 0.1341,
        "w_support": 0.1888,
        "w_volume_profile": 0.0413
      }
    },
    {
      "annual_return": 116.1677,
      "max_drawdown": 19.5389,
      "win_rate": 53.5484,
      "sharpe": 1.8348,
      "calmar": 5.9455,
      "total_trades": 155,
      "profit_factor": 1.8615,
      "fitness": 59.472,
      "dna": {
        "min_score": 1,
        "rsi_buy_threshold": 12.066256676361533,
        "rsi_sell_threshold": 56.684146756544436,
        "r2_min": 0.12964610850332764,
        "slope_min": 0.6491990833337744,
        "volume_ratio_min": 0.5707917637777788,
        "hold_days": 3,
        "stop_loss_pct": 10.0,
        "take_profit_pct": 33.79273157667279,
        "max_positions": 1,
        "dip_threshold_pct": 3.0,
        "r2_trend_min": 0.27534046402055834,
        "w_momentum": 0.0064,
        "w_mean_reversion": 0.0569,
        "w_volume": 0.3079,
        "w_trend": 0.0,
        "w_pattern": 0.0623,
        "w_macd": 0.0111,
        "w_bollinger": 0.1062,
        "w_kdj": 0.0368,
        "w_obv": 0.1455,
        "w_support": 0.2393,
        "w_volume_profile": 0.0275
      }
    }
  ]
}