{
  "generation": 689,
  "timestamp": "2026-03-20T18:17:41",
  "results": [
    {
      "annual_return": 265.0747,
      "max_drawdown": 16.3848,
      "win_rate": 50.6494,
      "sharpe": 3.1589,
      "calmar": 16.1781,
      "total_trades": 231,
      "profit_factor": 2.4402,
      "fitness": 187.877,
      "dna": {
        "min_score": 1,
        "rsi_buy_threshold": 50.0,
        "rsi_sell_threshold": 73.99870292187072,
        "r2_min": 0.3019350268858723,
        "slope_min": 0.2555148770764496,
        "volume_ratio_min": 2.3625471489924474,
        "hold_days": 2,
        "stop_loss_pct": 2.6062520521414263,
        "take_profit_pct": 10.00598623607969,
        "max_positions": 1,
        "dip_threshold_pct": 3.6684339634337144,
        "r2_trend_min": 0.259834632764944,
        "w_momentum": 0.0,
        "w_mean_reversion": 0.6555,
        "w_volume": 0.2882,
        "w_trend": 0.0471,
        "w_pattern": 0.0092
      }
    },
    {
      "annual_return": 208.5472,
      "max_drawdown": 12.3907,
      "win_rate": 46.5517,
      "sharpe": 2.7789,
      "calmar": 16.8309,
      "total_trades": 232,
      "profit_factor": 1.7708,
      "fitness": 178.6574,
      "dna": {
        "min_score": 1,
        "rsi_buy_threshold": 48.011685112621784,
        "rsi_sell_threshold": 63.89362794843844,
        "r2_min": 0.3329236451956932,
        "slope_min": 0.22405916372129078,
        "volume_ratio_min": 1.9362554312964784,
        "hold_days": 2,
        "stop_loss_pct": 2.678273736972836,
        "take_profit_pct": 8.433340500638092,
        "max_positions": 1,
        "dip_threshold_pct": 3.0,
        "r2_trend_min": 0.2,
        "w_momentum": 0.0,
        "w_mean_reversion": 0.5927,
        "w_volume": 0.3476,
        "w_trend": 0.0373,
        "w_pattern": 0.0225
      }
    },
    {
      "annual_return": 152.0329,
      "max_drawdown": 16.378,
      "win_rate": 46.5517,
      "sharpe": 2.5858,
      "calmar": 9.2828,
      "total_trades": 232,
      "profit_factor": 1.8516,
      "fitness": 96.0901,
      "dna": {
        "min_score": 1,
        "rsi_buy_threshold": 48.011685112621784,
        "rsi_sell_threshold": 61.452194190514334,
        "r2_min": 0.3329236451956932,
        "slope_min": 0.2531871304758246,
        "volume_ratio_min": 1.4797273105352833,
        "hold_days": 2,
        "stop_loss_pct": 2.678273736972836,
        "take_profit_pct": 7.596217953751422,
        "max_positions": 1,
        "dip_threshold_pct": 3.0,
        "r2_trend_min": 0.27395745861717163,
        "w_momentum": 0.0,
        "w_mean_reversion": 0.5084,
        "w_volume": 0.4404,
        "w_trend": 0.041,
        "w_pattern": 0.0102
      }
    },
    {
      "annual_return": 139.992,
      "max_drawdown": 19.0267,
      "win_rate": 45.0216,
      "sharpe": 2.3241,
      "calmar": 7.3576,
      "total_trades": 231,
      "profit_factor": 1.7779,
      "fitness": 72.3161,
      "dna": {
        "min_score": 1,
        "rsi_buy_threshold": 50.0,
        "rsi_sell_threshold": 63.725746263394285,
        "r2_min": 0.4045826972013221,
        "slope_min": 0.20339538128117784,
        "volume_ratio_min": 2.3625471489924474,
        "hold_days": 2,
        "stop_loss_pct": 2.0168805489628014,
        "take_profit_pct": 12.759608362122506,
        "max_positions": 1,
        "dip_threshold_pct": 4.0135919027280185,
        "r2_trend_min": 0.2921544047972341,
        "w_momentum": 0.0,
        "w_mean_reversion": 0.6758,
        "w_volume": 0.2625,
        "w_trend": 0.0529,
        "w_pattern": 0.0089
      }
    },
    {
      "annual_return": 119.5119,
      "max_drawdown": 18.517,
      "win_rate": 48.4848,
      "sharpe": 2.0823,
      "calmar": 6.4542,
      "total_trades": 231,
      "profit_factor": 1.5384,
      "fitness": 63.6568,
      "dna": {
        "min_score": 1,
        "rsi_buy_threshold": 48.011685112621784,
        "rsi_sell_threshold": 73.99870292187072,
        "r2_min": 0.3329236451956932,
        "slope_min": 0.22405916372129078,
        "volume_ratio_min": 1.4511717715315977,
        "hold_days": 2,
        "stop_loss_pct": 3.266506715298313,
        "take_profit_pct": 7.596217953751422,
        "max_positions": 1,
        "dip_threshold_pct": 3.0,
        "r2_trend_min": 0.23599911379286265,
        "w_momentum": 0.0,
        "w_mean_reversion": 0.5559,
        "w_volume": 0.3781,
        "w_trend": 0.0548,
        "w_pattern": 0.0112
      }
    }
  ]
}