{
  "generation": 889,
  "timestamp": "2026-03-20T19:56:50",
  "results": [
    {
      "annual_return": 110.0814,
      "max_drawdown": 15.6715,
      "win_rate": 32.3276,
      "sharpe": 1.9627,
      "calmar": 7.0243,
      "total_trades": 232,
      "profit_factor": 1.7667,
      "fitness": 55.616,
      "dna": {
        "min_score": 1,
        "rsi_buy_threshold": 42.38236691564484,
        "rsi_sell_threshold": 74.76732564199685,
        "r2_min": 0.41766191836350536,
        "slope_min": 0.19798736185908583,
        "volume_ratio_min": 1.411721790576113,
        "hold_days": 2,
        "stop_loss_pct": 1.365679283382348,
        "take_profit_pct": 24.970380688168937,
        "max_positions": 1,
        "dip_threshold_pct": 24.128523284701586,
        "r2_trend_min": 0.2174772659539931,
        "w_momentum": 0.0,
        "w_mean_reversion": 0.5579,
        "w_volume": 0.3596,
        "w_trend": 0.0435,
        "w_pattern": 0.039
      }
    },
    {
      "annual_return": 161.4091,
      "max_drawdown": 27.4056,
      "win_rate": 34.1991,
      "sharpe": 2.1102,
      "calmar": 5.8896,
      "total_trades": 231,
      "profit_factor": 2.0652,
      "fitness": 48.979,
      "dna": {
        "min_score": 1,
        "rsi_buy_threshold": 48.53499815852616,
        "rsi_sell_threshold": 57.90833187445718,
        "r2_min": 0.95,
        "slope_min": 0.5191303271706251,
        "volume_ratio_min": 2.212358063728228,
        "hold_days": 2,
        "stop_loss_pct": 1.7078223589539199,
        "take_profit_pct": 25.338020353941378,
        "max_positions": 1,
        "dip_threshold_pct": 22.87494267365546,
        "r2_trend_min": 0.2,
        "w_momentum": 0.0245,
        "w_mean_reversion": 0.5321,
        "w_volume": 0.3547,
        "w_trend": 0.0538,
        "w_pattern": 0.0349
      }
    },
    {
      "annual_return": 155.3934,
      "max_drawdown": 30.7082,
      "win_rate": 40.0862,
      "sharpe": 2.1831,
      "calmar": 5.0603,
      "total_trades": 232,
      "profit_factor": 1.8312,
      "fitness": 46.0274,
      "dna": {
        "min_score": 1,
        "rsi_buy_threshold": 42.19672394562079,
        "rsi_sell_threshold": 93.88402666926959,
        "r2_min": 0.49629782378125387,
        "slope_min": 0.1662577920295923,
        "volume_ratio_min": 1.411721790576113,
        "hold_days": 2,
        "stop_loss_pct": 2.1323047642915607,
        "take_profit_pct": 15.836671167499132,
        "max_positions": 1,
        "dip_threshold_pct": 27.0672844900091,
        "r2_trend_min": 0.2548199638324618,
        "w_momentum": 0.0128,
        "w_mean_reversion": 0.5553,
        "w_volume": 0.3521,
        "w_trend": 0.0309,
        "w_pattern": 0.0489
      }
    },
    {
      "annual_return": 100.2792,
      "max_drawdown": 19.1035,
      "win_rate": 34.632,
      "sharpe": 2.0333,
      "calmar": 5.2492,
      "total_trades": 231,
      "profit_factor": 1.7276,
      "fitness": 43.4534,
      "dna": {
        "min_score": 1,
        "rsi_buy_threshold": 50.0,
        "rsi_sell_threshold": 74.76732564199685,
        "r2_min": 0.5376932346003634,
        "slope_min": 0.23187536550193116,
        "volume_ratio_min": 1.411721790576113,
        "hold_days": 2,
        "stop_loss_pct": 1.365679283382348,
        "take_profit_pct": 35.28094489398508,
        "max_positions": 1,
        "dip_threshold_pct": 24.128523284701586,
        "r2_trend_min": 0.2174772659539931,
        "w_momentum": 0.0,
        "w_mean_reversion": 0.5308,
        "w_volume": 0.4002,
        "w_trend": 0.0319,
        "w_pattern": 0.0371
      }
    },
    {
      "annual_return": 98.4598,
      "max_drawdown": 22.5373,
      "win_rate": 35.0649,
      "sharpe": 1.9043,
      "calmar": 4.3687,
      "total_trades": 231,
      "profit_factor": 1.7409,
      "fitness": 35.7226,
      "dna": {
        "min_score": 1,
        "rsi_buy_threshold": 40.353671984473905,
        "rsi_sell_threshold": 66.12879848583248,
        "r2_min": 0.6087888087672567,
        "slope_min": 0.5191303271706251,
        "volume_ratio_min": 2.3809225414601864,
        "hold_days": 2,
        "stop_loss_pct": 1.4089790227889125,
        "take_profit_pct": 23.904946728865763,
        "max_positions": 1,
        "dip_threshold_pct": 30.0,
        "r2_trend_min": 0.2,
        "w_momentum": 0.0157,
        "w_mean_reversion": 0.4936,
        "w_volume": 0.3839,
        "w_trend": 0.0582,
        "w_pattern": 0.0486
      }
    }
  ]
}