{
  "generation": 139,
  "timestamp": "2026-03-20T14:02:59",
  "results": [
    {
      "annual_return": 419.2406,
      "max_drawdown": 24.6654,
      "win_rate": 50.9091,
      "sharpe": 2.8512,
      "calmar": 16.9971,
      "total_trades": 55,
      "profit_factor": 1.846,
      "fitness": 190.4305,
      "dna": {
        "min_score": 1,
        "rsi_buy_threshold": 33.706699167143704,
        "rsi_sell_threshold": 93.08005985262311,
        "r2_min": 0.14117362633913563,
        "slope_min": 0.48133456115689766,
        "volume_ratio_min": 0.5,
        "hold_days": 2,
        "stop_loss_pct": 7.423175001735594,
        "take_profit_pct": 19.53500597104455,
        "max_positions": 1,
        "dip_threshold_pct": 30.0,
        "r2_trend_min": 0.2,
        "w_momentum": 0.0269,
        "w_mean_reversion": 0.1294,
        "w_volume": 0.1113,
        "w_trend": 0.1285,
        "w_pattern": 0.604
      }
    },
    {
      "annual_return": 204.1198,
      "max_drawdown": 22.76,
      "win_rate": 51.2931,
      "sharpe": 2.2224,
      "calmar": 8.9684,
      "total_trades": 232,
      "profit_factor": 1.5344,
      "fitness": 92.7806,
      "dna": {
        "min_score": 1,
        "rsi_buy_threshold": 42.177149684294434,
        "rsi_sell_threshold": 81.91210231064501,
        "r2_min": 0.117783861379962,
        "slope_min": 0.48133456115689766,
        "volume_ratio_min": 0.9536190253447057,
        "hold_days": 2,
        "stop_loss_pct": 10.0,
        "take_profit_pct": 22.532971559277772,
        "max_positions": 1,
        "dip_threshold_pct": 30.0,
        "r2_trend_min": 0.2526633665036137,
        "w_momentum": 0.0368,
        "w_mean_reversion": 0.131,
        "w_volume": 0.0712,
        "w_trend": 0.1048,
        "w_pattern": 0.6562
      }
    },
    {
      "annual_return": 147.2442,
      "max_drawdown": 28.0929,
      "win_rate": 53.8793,
      "sharpe": 1.8538,
      "calmar": 5.2413,
      "total_trades": 232,
      "profit_factor": 1.434,
      "fitness": 52.7366,
      "dna": {
        "min_score": 1,
        "rsi_buy_threshold": 39.372551366503934,
        "rsi_sell_threshold": 81.91210231064501,
        "r2_min": 0.1,
        "slope_min": 0.5944498228156475,
        "volume_ratio_min": 0.6024062017641636,
        "hold_days": 2,
        "stop_loss_pct": 10.0,
        "take_profit_pct": 13.594282037501403,
        "max_positions": 1,
        "dip_threshold_pct": 30.0,
        "r2_trend_min": 0.2391388912685984,
        "w_momentum": 0.0615,
        "w_mean_reversion": 0.1366,
        "w_volume": 0.0974,
        "w_trend": 0.1229,
        "w_pattern": 0.5817
      }
    },
    {
      "annual_return": 124.975,
      "max_drawdown": 26.5927,
      "win_rate": 50.431,
      "sharpe": 1.6371,
      "calmar": 4.6996,
      "total_trades": 232,
      "profit_factor": 1.3403,
      "fitness": 44.3017,
      "dna": {
        "min_score": 1,
        "rsi_buy_threshold": 26.43747498221428,
        "rsi_sell_threshold": 95.0,
        "r2_min": 0.19172342016059968,
        "slope_min": 0.48133456115689766,
        "volume_ratio_min": 0.5633460498137064,
        "hold_days": 2,
        "stop_loss_pct": 10.0,
        "take_profit_pct": 19.53500597104455,
        "max_positions": 1,
        "dip_threshold_pct": 30.0,
        "r2_trend_min": 0.2,
        "w_momentum": 0.0397,
        "w_mean_reversion": 0.1441,
        "w_volume": 0.0973,
        "w_trend": 0.1377,
        "w_pattern": 0.5813
      }
    },
    {
      "annual_return": 118.8438,
      "max_drawdown": 34.8282,
      "win_rate": 50.8621,
      "sharpe": 1.5339,
      "calmar": 3.4123,
      "total_trades": 232,
      "profit_factor": 1.2653,
      "fitness": 31.8015,
      "dna": {
        "min_score": 1,
        "rsi_buy_threshold": 42.177149684294434,
        "rsi_sell_threshold": 81.91210231064501,
        "r2_min": 0.117783861379962,
        "slope_min": 0.48133456115689766,
        "volume_ratio_min": 1.1103435225080776,
        "hold_days": 2,
        "stop_loss_pct": 10.0,
        "take_profit_pct": 25.89755577521518,
        "max_positions": 1,
        "dip_threshold_pct": 30.0,
        "r2_trend_min": 0.2526633665036137,
        "w_momentum": 0.0332,
        "w_mean_reversion": 0.1182,
        "w_volume": 0.0643,
        "w_trend": 0.0767,
        "w_pattern": 0.7076
      }
    }
  ]
}