{
  "generation": 79,
  "timestamp": "2026-03-20T13:06:39",
  "results": [
    {
      "annual_return": 605.5313,
      "max_drawdown": 33.2211,
      "win_rate": 52.8017,
      "sharpe": 3.2274,
      "calmar": 18.2273,
      "total_trades": 464,
      "profit_factor": 1.6134,
      "fitness": 217.9413,
      "dna": {
        "min_score": 3,
        "rsi_buy_threshold": 33.294320318477396,
        "rsi_sell_threshold": 55.0,
        "r2_min": 0.2560313445584771,
        "slope_min": 0.5811415772193984,
        "volume_ratio_min": 1.8802037443592423,
        "hold_days": 1,
        "stop_loss_pct": 7.768469146616672,
        "take_profit_pct": 7.422771851744391,
        "max_positions": 1,
        "dip_threshold_pct": 18.420164229389776,
        "r2_trend_min": 0.2,
        "w_momentum": 0.1281,
        "w_mean_reversion": 0.0651,
        "w_volume": 0.2553,
        "w_trend": 0.3459,
        "w_pattern": 0.2056
      }
    },
    {
      "annual_return": 343.1768,
      "max_drawdown": 43.8798,
      "win_rate": 50.1075,
      "sharpe": 2.4644,
      "calmar": 7.8208,
      "total_trades": 465,
      "profit_factor": 1.3344,
      "fitness": 82.6471,
      "dna": {
        "min_score": 2,
        "rsi_buy_threshold": 44.99159658273863,
        "rsi_sell_threshold": 55.0,
        "r2_min": 0.2560313445584771,
        "slope_min": 0.5811415772193984,
        "volume_ratio_min": 1.2206551336608016,
        "hold_days": 1,
        "stop_loss_pct": 10.0,
        "take_profit_pct": 7.422771851744391,
        "max_positions": 1,
        "dip_threshold_pct": 18.420164229389776,
        "r2_trend_min": 0.2,
        "w_momentum": 0.111,
        "w_mean_reversion": 0.071,
        "w_volume": 0.2512,
        "w_trend": 0.3364,
        "w_pattern": 0.2304
      }
    },
    {
      "annual_return": 316.7722,
      "max_drawdown": 43.7874,
      "win_rate": 54.1126,
      "sharpe": 2.4699,
      "calmar": 7.2343,
      "total_trades": 462,
      "profit_factor": 1.5556,
      "fitness": 79.505,
      "dna": {
        "min_score": 5,
        "rsi_buy_threshold": 48.38509897925713,
        "rsi_sell_threshold": 55.0,
        "r2_min": 0.18617547268070067,
        "slope_min": 0.4340710523916634,
        "volume_ratio_min": 1.4944510897767467,
        "hold_days": 1,
        "stop_loss_pct": 9.408989940135898,
        "take_profit_pct": 7.241882702839822,
        "max_positions": 1,
        "dip_threshold_pct": 10.765459985259945,
        "r2_trend_min": 0.3897049209915853,
        "w_momentum": 0.1617,
        "w_mean_reversion": 0.0787,
        "w_volume": 0.2747,
        "w_trend": 0.2687,
        "w_pattern": 0.2162
      }
    },
    {
      "annual_return": 231.3239,
      "max_drawdown": 33.6542,
      "win_rate": 50.1075,
      "sharpe": 2.0919,
      "calmar": 6.8735,
      "total_trades": 465,
      "profit_factor": 1.3193,
      "fitness": 69.0123,
      "dna": {
        "min_score": 5,
        "rsi_buy_threshold": 48.38509897925713,
        "rsi_sell_threshold": 55.0,
        "r2_min": 0.18617547268070067,
        "slope_min": 0.4340710523916634,
        "volume_ratio_min": 1.4944510897767467,
        "hold_days": 1,
        "stop_loss_pct": 9.408989940135898,
        "take_profit_pct": 7.241882702839822,
        "max_positions": 1,
        "dip_threshold_pct": 10.765459985259945,
        "r2_trend_min": 0.3897049209915853,
        "w_momentum": 0.1609,
        "w_mean_reversion": 0.0783,
        "w_volume": 0.2733,
        "w_trend": 0.3146,
        "w_pattern": 0.1729
      }
    },
    {
      "annual_return": 213.9147,
      "max_drawdown": 32.7371,
      "win_rate": 50.431,
      "sharpe": 2.1103,
      "calmar": 6.5343,
      "total_trades": 464,
      "profit_factor": 1.2811,
      "fitness": 65.9883,
      "dna": {
        "min_score": 2,
        "rsi_buy_threshold": 39.45667730379948,
        "rsi_sell_threshold": 61.646214155997406,
        "r2_min": 0.2560313445584771,
        "slope_min": 0.42663956455774177,
        "volume_ratio_min": 1.5223454835673103,
        "hold_days": 1,
        "stop_loss_pct": 7.768469146616672,
        "take_profit_pct": 7.422771851744391,
        "max_positions": 1,
        "dip_threshold_pct": 15.076366665270463,
        "r2_trend_min": 0.2,
        "w_momentum": 0.1281,
        "w_mean_reversion": 0.0651,
        "w_volume": 0.2553,
        "w_trend": 0.3459,
        "w_pattern": 0.2056
      }
    }
  ]
}