{
  "generation": 819,
  "timestamp": "2026-03-20T19:18:45",
  "results": [
    {
      "annual_return": 190.4218,
      "max_drawdown": 19.439,
      "win_rate": 48.2759,
      "sharpe": 2.1872,
      "calmar": 9.7959,
      "total_trades": 232,
      "profit_factor": 1.6476,
      "fitness": 97.8355,
      "dna": {
        "min_score": 1,
        "rsi_buy_threshold": 47.518524584045906,
        "rsi_sell_threshold": 95.0,
        "r2_min": 0.496029053631741,
        "slope_min": 0.25550794563416324,
        "volume_ratio_min": 1.1315041611640366,
        "hold_days": 2,
        "stop_loss_pct": 3.1540533144265366,
        "take_profit_pct": 39.370203209911004,
        "max_positions": 1,
        "dip_threshold_pct": 27.02756625642058,
        "r2_trend_min": 0.4072021648299086,
        "w_momentum": 0.0089,
        "w_mean_reversion": 0.4783,
        "w_volume": 0.3038,
        "w_trend": 0.1177,
        "w_pattern": 0.0913
      }
    },
    {
      "annual_return": 146.0773,
      "max_drawdown": 17.9041,
      "win_rate": 44.8276,
      "sharpe": 2.2784,
      "calmar": 8.1589,
      "total_trades": 232,
      "profit_factor": 1.8329,
      "fitness": 79.5191,
      "dna": {
        "min_score": 1,
        "rsi_buy_threshold": 47.260755665730265,
        "rsi_sell_threshold": 67.45002489827162,
        "r2_min": 0.4953372634671142,
        "slope_min": 0.1923191920699459,
        "volume_ratio_min": 1.1315041611640366,
        "hold_days": 2,
        "stop_loss_pct": 2.2796460793749973,
        "take_profit_pct": 22.808433888370367,
        "max_positions": 1,
        "dip_threshold_pct": 27.02756625642058,
        "r2_trend_min": 0.4072021648299086,
        "w_momentum": 0.0,
        "w_mean_reversion": 0.4576,
        "w_volume": 0.3447,
        "w_trend": 0.0549,
        "w_pattern": 0.1428
      }
    },
    {
      "annual_return": 224.8474,
      "max_drawdown": 29.1821,
      "win_rate": 44.8276,
      "sharpe": 2.3218,
      "calmar": 7.705,
      "total_trades": 232,
      "profit_factor": 1.8353,
      "fitness": 75.5428,
      "dna": {
        "min_score": 1,
        "rsi_buy_threshold": 47.518524584045906,
        "rsi_sell_threshold": 95.0,
        "r2_min": 0.5802450006658612,
        "slope_min": 0.25550794563416324,
        "volume_ratio_min": 1.335854673232106,
        "hold_days": 2,
        "stop_loss_pct": 3.1540533144265366,
        "take_profit_pct": 39.370203209911004,
        "max_positions": 1,
        "dip_threshold_pct": 21.177526375291716,
        "r2_trend_min": 0.4072021648299086,
        "w_momentum": 0.0086,
        "w_mean_reversion": 0.4606,
        "w_volume": 0.3433,
        "w_trend": 0.1133,
        "w_pattern": 0.0742
      }
    },
    {
      "annual_return": 198.4496,
      "max_drawdown": 25.4705,
      "win_rate": 47.8261,
      "sharpe": 1.9943,
      "calmar": 7.7913,
      "total_trades": 230,
      "profit_factor": 1.4597,
      "fitness": 75.3737,
      "dna": {
        "min_score": 1,
        "rsi_buy_threshold": 50.0,
        "rsi_sell_threshold": 82.42443069431444,
        "r2_min": 0.48044690692337827,
        "slope_min": 0.3829012387633757,
        "volume_ratio_min": 3.446787127707539,
        "hold_days": 2,
        "stop_loss_pct": 4.785254609800482,
        "take_profit_pct": 39.486412417628806,
        "max_positions": 1,
        "dip_threshold_pct": 22.185620779362672,
        "r2_trend_min": 0.5207638425760456,
        "w_momentum": 0.0,
        "w_mean_reversion": 0.4471,
        "w_volume": 0.4479,
        "w_trend": 0.0381,
        "w_pattern": 0.0669
      }
    },
    {
      "annual_return": 159.6649,
      "max_drawdown": 25.0798,
      "win_rate": 40.2597,
      "sharpe": 2.1955,
      "calmar": 6.3663,
      "total_trades": 231,
      "profit_factor": 1.6717,
      "fitness": 58.1313,
      "dna": {
        "min_score": 1,
        "rsi_buy_threshold": 47.260755665730265,
        "rsi_sell_threshold": 82.42443069431444,
        "r2_min": 0.3739256040209584,
        "slope_min": 0.3144123620638114,
        "volume_ratio_min": 1.1315041611640366,
        "hold_days": 2,
        "stop_loss_pct": 2.2874285998750725,
        "take_profit_pct": 31.65077976136123,
        "max_positions": 1,
        "dip_threshold_pct": 25.822676715935216,
        "r2_trend_min": 0.4072021648299086,
        "w_momentum": 0.0076,
        "w_mean_reversion": 0.4085,
        "w_volume": 0.4054,
        "w_trend": 0.1005,
        "w_pattern": 0.078
      }
    }
  ]
}