{
  "generation": 419,
  "timestamp": "2026-03-20T16:03:49",
  "results": [
    {
      "annual_return": 163.7064,
      "max_drawdown": 32.3753,
      "win_rate": 48.9177,
      "sharpe": 2.1383,
      "calmar": 5.0565,
      "total_trades": 231,
      "profit_factor": 1.5863,
      "fitness": 50.4908,
      "dna": {
        "min_score": 1,
        "rsi_buy_threshold": 38.503087397588516,
        "rsi_sell_threshold": 78.75236917401295,
        "r2_min": 0.1456653354037915,
        "slope_min": 0.1207590427695043,
        "volume_ratio_min": 1.1617738655702463,
        "hold_days": 2,
        "stop_loss_pct": 5.950061479799402,
        "take_profit_pct": 13.933006631241739,
        "max_positions": 1,
        "dip_threshold_pct": 3.0,
        "r2_trend_min": 0.2777579353446132,
        "w_momentum": 0.0,
        "w_mean_reversion": 0.1132,
        "w_volume": 0.051,
        "w_trend": 0.0,
        "w_pattern": 0.8358
      }
    },
    {
      "annual_return": 135.9988,
      "max_drawdown": 29.6176,
      "win_rate": 50.2165,
      "sharpe": 2.0892,
      "calmar": 4.5918,
      "total_trades": 231,
      "profit_factor": 1.675,
      "fitness": 46.1354,
      "dna": {
        "min_score": 1,
        "rsi_buy_threshold": 33.52935422627534,
        "rsi_sell_threshold": 92.97868473587148,
        "r2_min": 0.1456653354037915,
        "slope_min": 0.1207590427695043,
        "volume_ratio_min": 1.3446493183051391,
        "hold_days": 2,
        "stop_loss_pct": 4.872207662883831,
        "take_profit_pct": 17.731775362687415,
        "max_positions": 1,
        "dip_threshold_pct": 3.5825556850055538,
        "r2_trend_min": 0.2,
        "w_momentum": 0.0097,
        "w_mean_reversion": 0.1316,
        "w_volume": 0.0494,
        "w_trend": 0.0,
        "w_pattern": 0.8093
      }
    },
    {
      "annual_return": 141.0166,
      "max_drawdown": 33.2495,
      "win_rate": 50.4348,
      "sharpe": 2.0575,
      "calmar": 4.2412,
      "total_trades": 230,
      "profit_factor": 1.7912,
      "fitness": 42.5138,
      "dna": {
        "min_score": 1,
        "rsi_buy_threshold": 13.633497837000695,
        "rsi_sell_threshold": 69.51630677403526,
        "r2_min": 0.140069603455303,
        "slope_min": 0.13761038277309104,
        "volume_ratio_min": 0.9664855338363784,
        "hold_days": 2,
        "stop_loss_pct": 5.443160684484514,
        "take_profit_pct": 11.859974962014753,
        "max_positions": 1,
        "dip_threshold_pct": 3.0,
        "r2_trend_min": 0.37959884450854214,
        "w_momentum": 0.0,
        "w_mean_reversion": 0.0542,
        "w_volume": 0.0762,
        "w_trend": 0.0087,
        "w_pattern": 0.8609
      }
    },
    {
      "annual_return": 203.4963,
      "max_drawdown": 50.7852,
      "win_rate": 49.569,
      "sharpe": 1.9777,
      "calmar": 4.007,
      "total_trades": 232,
      "profit_factor": 1.7474,
      "fitness": 39.3702,
      "dna": {
        "min_score": 1,
        "rsi_buy_threshold": 16.744624695280518,
        "rsi_sell_threshold": 78.75236917401295,
        "r2_min": 0.15062232420848934,
        "slope_min": 0.11060402650327626,
        "volume_ratio_min": 2.009746008297087,
        "hold_days": 2,
        "stop_loss_pct": 6.950604858363049,
        "take_profit_pct": 16.898355689412206,
        "max_positions": 1,
        "dip_threshold_pct": 3.612686508638304,
        "r2_trend_min": 0.24772461457109843,
        "w_momentum": 0.0,
        "w_mean_reversion": 0.0718,
        "w_volume": 0.0708,
        "w_trend": 0.0208,
        "w_pattern": 0.8366
      }
    },
    {
      "annual_return": 75.9478,
      "max_drawdown": 21.822,
      "win_rate": 53.8793,
      "sharpe": 1.8007,
      "calmar": 3.4803,
      "total_trades": 232,
      "profit_factor": 1.5945,
      "fitness": 34.7469,
      "dna": {
        "min_score": 1,
        "rsi_buy_threshold": 33.52935422627534,
        "rsi_sell_threshold": 77.16211275206031,
        "r2_min": 0.1456653354037915,
        "slope_min": 0.13514023454555618,
        "volume_ratio_min": 1.0651294148456758,
        "hold_days": 2,
        "stop_loss_pct": 5.936378428717683,
        "take_profit_pct": 17.731775362687415,
        "max_positions": 1,
        "dip_threshold_pct": 3.0,
        "r2_trend_min": 0.2,
        "w_momentum": 0.0097,
        "w_mean_reversion": 0.1316,
        "w_volume": 0.0494,
        "w_trend": 0.0,
        "w_pattern": 0.8093
      }
    }
  ]
}