{
  "generation": 1059,
  "timestamp": "2026-03-20T21:19:47",
  "results": [
    {
      "annual_return": 277.9847,
      "max_drawdown": 22.6108,
      "win_rate": 54.7414,
      "sharpe": 2.8624,
      "calmar": 12.2943,
      "total_trades": 232,
      "profit_factor": 2.2777,
      "fitness": 143.0367,
      "dna": {
        "min_score": 1,
        "rsi_buy_threshold": 13.317088280613731,
        "rsi_sell_threshold": 68.45503586314133,
        "r2_min": 0.1,
        "slope_min": 0.26150638773284984,
        "volume_ratio_min": 0.9725894323578724,
        "hold_days": 2,
        "stop_loss_pct": 6.9914647823239955,
        "take_profit_pct": 9.735390055291552,
        "max_positions": 1,
        "dip_threshold_pct": 16.50280296687997,
        "r2_trend_min": 0.9156505879843746,
        "w_momentum": 0.0128,
        "w_mean_reversion": 0.2836,
        "w_volume": 0.6594,
        "w_trend": 0.0442,
        "w_pattern": 0.0
      }
    },
    {
      "annual_return": 368.3828,
      "max_drawdown": 33.3492,
      "win_rate": 55.1724,
      "sharpe": 3.1003,
      "calmar": 11.0462,
      "total_trades": 232,
      "profit_factor": 2.0738,
      "fitness": 132.9253,
      "dna": {
        "min_score": 1,
        "rsi_buy_threshold": 13.317088280613731,
        "rsi_sell_threshold": 78.64068403956912,
        "r2_min": 0.1,
        "slope_min": 0.26150638773284984,
        "volume_ratio_min": 1.1686343872525198,
        "hold_days": 2,
        "stop_loss_pct": 6.9914647823239955,
        "take_profit_pct": 9.735390055291552,
        "max_positions": 1,
        "dip_threshold_pct": 12.8496204156,
        "r2_trend_min": 0.7540147727423265,
        "w_momentum": 0.0129,
        "w_mean_reversion": 0.2865,
        "w_volume": 0.666,
        "w_trend": 0.0346,
        "w_pattern": 0.0
      }
    },
    {
      "annual_return": 183.9958,
      "max_drawdown": 34.9119,
      "win_rate": 52.8139,
      "sharpe": 2.3234,
      "calmar": 5.2703,
      "total_trades": 231,
      "profit_factor": 2.1121,
      "fitness": 56.0985,
      "dna": {
        "min_score": 1,
        "rsi_buy_threshold": 13.317088280613731,
        "rsi_sell_threshold": 60.68040842171857,
        "r2_min": 0.12008709041678045,
        "slope_min": 0.26150638773284984,
        "volume_ratio_min": 0.9725894323578724,
        "hold_days": 2,
        "stop_loss_pct": 6.9914647823239955,
        "take_profit_pct": 9.735390055291552,
        "max_positions": 1,
        "dip_threshold_pct": 16.50280296687997,
        "r2_trend_min": 0.9156505879843746,
        "w_momentum": 0.0156,
        "w_mean_reversion": 0.2732,
        "w_volume": 0.6813,
        "w_trend": 0.0299,
        "w_pattern": 0.0
      }
    },
    {
      "annual_return": 132.8831,
      "max_drawdown": 23.9562,
      "win_rate": 50.431,
      "sharpe": 1.9111,
      "calmar": 5.5469,
      "total_trades": 232,
      "profit_factor": 1.5237,
      "fitness": 54.4475,
      "dna": {
        "min_score": 1,
        "rsi_buy_threshold": 15.119964486987616,
        "rsi_sell_threshold": 68.45503586314133,
        "r2_min": 0.1,
        "slope_min": 0.26150638773284984,
        "volume_ratio_min": 0.9725894323578724,
        "hold_days": 2,
        "stop_loss_pct": 6.9914647823239955,
        "take_profit_pct": 9.735390055291552,
        "max_positions": 1,
        "dip_threshold_pct": 20.990220402124848,
        "r2_trend_min": 0.9156505879843746,
        "w_momentum": 0.0147,
        "w_mean_reversion": 0.3272,
        "w_volume": 0.63,
        "w_trend": 0.0282,
        "w_pattern": 0.0
      }
    },
    {
      "annual_return": 111.2128,
      "max_drawdown": 24.1845,
      "win_rate": 52.1552,
      "sharpe": 1.8678,
      "calmar": 4.5985,
      "total_trades": 232,
      "profit_factor": 1.5628,
      "fitness": 45.6156,
      "dna": {
        "min_score": 1,
        "rsi_buy_threshold": 12.62418192393044,
        "rsi_sell_threshold": 68.45503586314133,
        "r2_min": 0.1,
        "slope_min": 0.26150638773284984,
        "volume_ratio_min": 0.9725894323578724,
        "hold_days": 2,
        "stop_loss_pct": 8.465934565049965,
        "take_profit_pct": 9.735390055291552,
        "max_positions": 1,
        "dip_threshold_pct": 20.990220402124848,
        "r2_trend_min": 0.9156505879843746,
        "w_momentum": 0.024,
        "w_mean_reversion": 0.3176,
        "w_volume": 0.6116,
        "w_trend": 0.0371,
        "w_pattern": 0.0097
      }
    }
  ]
}