{
  "generation": 1299,
  "timestamp": "2026-03-20T23:00:56",
  "results": [
    {
      "annual_return": 147.8326,
      "max_drawdown": 20.5894,
      "win_rate": 50.431,
      "sharpe": 2.2705,
      "calmar": 7.18,
      "total_trades": 232,
      "profit_factor": 1.7439,
      "fitness": 74.1432,
      "dna": {
        "min_score": 1,
        "rsi_buy_threshold": 10.0,
        "rsi_sell_threshold": 78.11796079052601,
        "r2_min": 0.14030087967177507,
        "slope_min": 0.3494749682862358,
        "volume_ratio_min": 0.5,
        "hold_days": 2,
        "stop_loss_pct": 2.657993190397788,
        "take_profit_pct": 20.09350414229111,
        "max_positions": 1,
        "dip_threshold_pct": 7.311483062942207,
        "r2_trend_min": 0.7115582922973082,
        "w_momentum": 0.0085,
        "w_mean_reversion": 0.4576,
        "w_volume": 0.4804,
        "w_trend": 0.0313,
        "w_pattern": 0.0222
      }
    },
    {
      "annual_return": 107.9056,
      "max_drawdown": 15.545,
      "win_rate": 48.7069,
      "sharpe": 1.9782,
      "calmar": 6.9415,
      "total_trades": 232,
      "profit_factor": 1.6168,
      "fitness": 67.612,
      "dna": {
        "min_score": 1,
        "rsi_buy_threshold": 10.0,
        "rsi_sell_threshold": 78.11796079052601,
        "r2_min": 0.14030087967177507,
        "slope_min": 0.3494749682862358,
        "volume_ratio_min": 0.5,
        "hold_days": 2,
        "stop_loss_pct": 2.657993190397788,
        "take_profit_pct": 20.09350414229111,
        "max_positions": 1,
        "dip_threshold_pct": 7.311483062942207,
        "r2_trend_min": 0.5751291029609423,
        "w_momentum": 0.0073,
        "w_mean_reversion": 0.5319,
        "w_volume": 0.4146,
        "w_trend": 0.037,
        "w_pattern": 0.0092
      }
    },
    {
      "annual_return": 84.1701,
      "max_drawdown": 15.5496,
      "win_rate": 46.5517,
      "sharpe": 1.9547,
      "calmar": 5.413,
      "total_trades": 232,
      "profit_factor": 1.508,
      "fitness": 51.3705,
      "dna": {
        "min_score": 1,
        "rsi_buy_threshold": 11.159505396687091,
        "rsi_sell_threshold": 62.89951939934415,
        "r2_min": 0.1533093006978342,
        "slope_min": 0.3917664262246742,
        "volume_ratio_min": 0.5,
        "hold_days": 2,
        "stop_loss_pct": 2.657993190397788,
        "take_profit_pct": 9.463515451646922,
        "max_positions": 1,
        "dip_threshold_pct": 5.783068265136312,
        "r2_trend_min": 0.5751291029609423,
        "w_momentum": 0.0094,
        "w_mean_reversion": 0.5443,
        "w_volume": 0.3741,
        "w_trend": 0.0604,
        "w_pattern": 0.0118
      }
    },
    {
      "annual_return": 98.5542,
      "max_drawdown": 22.4413,
      "win_rate": 48.2759,
      "sharpe": 1.7601,
      "calmar": 4.3916,
      "total_trades": 232,
      "profit_factor": 1.5001,
      "fitness": 41.2551,
      "dna": {
        "min_score": 1,
        "rsi_buy_threshold": 10.0,
        "rsi_sell_threshold": 78.11796079052601,
        "r2_min": 0.12059624565766316,
        "slope_min": 0.3494749682862358,
        "volume_ratio_min": 0.6330265903311167,
        "hold_days": 2,
        "stop_loss_pct": 2.657993190397788,
        "take_profit_pct": 20.09350414229111,
        "max_positions": 1,
        "dip_threshold_pct": 5.405760766950102,
        "r2_trend_min": 0.5751291029609423,
        "w_momentum": 0.0076,
        "w_mean_reversion": 0.4863,
        "w_volume": 0.433,
        "w_trend": 0.0636,
        "w_pattern": 0.0096
      }
    },
    {
      "annual_return": 86.0405,
      "max_drawdown": 29.5047,
      "win_rate": 48.0519,
      "sharpe": 2.1255,
      "calmar": 2.9162,
      "total_trades": 231,
      "profit_factor": 1.7621,
      "fitness": 28.808,
      "dna": {
        "min_score": 1,
        "rsi_buy_threshold": 11.159505396687091,
        "rsi_sell_threshold": 69.42433641181765,
        "r2_min": 0.1,
        "slope_min": 0.8971754380333844,
        "volume_ratio_min": 0.6586362154790077,
        "hold_days": 2,
        "stop_loss_pct": 2.3932437573303402,
        "take_profit_pct": 6.6721675559765945,
        "max_positions": 1,
        "dip_threshold_pct": 9.03481269181474,
        "r2_trend_min": 0.49283787841499294,
        "w_momentum": 0.0,
        "w_mean_reversion": 0.6194,
        "w_volume": 0.3529,
        "w_trend": 0.0277,
        "w_pattern": 0.0
      }
    }
  ]
}