{
  "generation": 929,
  "timestamp": "2026-03-20T20:17:14",
  "results": [
    {
      "annual_return": 245.9675,
      "max_drawdown": 16.2406,
      "win_rate": 43.5345,
      "sharpe": 2.4885,
      "calmar": 15.1453,
      "total_trades": 232,
      "profit_factor": 1.9559,
      "fitness": 149.6642,
      "dna": {
        "min_score": 1,
        "rsi_buy_threshold": 43.04653122403653,
        "rsi_sell_threshold": 95.0,
        "r2_min": 0.12143078594570933,
        "slope_min": 0.11367930727727742,
        "volume_ratio_min": 1.0738637398329525,
        "hold_days": 2,
        "stop_loss_pct": 2.2120801548634175,
        "take_profit_pct": 36.78866874642977,
        "max_positions": 1,
        "dip_threshold_pct": 19.236838255458117,
        "r2_trend_min": 0.24354833264728787,
        "w_momentum": 0.0,
        "w_mean_reversion": 0.4331,
        "w_volume": 0.4852,
        "w_trend": 0.0326,
        "w_pattern": 0.0492
      }
    },
    {
      "annual_return": 240.1966,
      "max_drawdown": 21.7022,
      "win_rate": 47.1861,
      "sharpe": 2.5232,
      "calmar": 11.0678,
      "total_trades": 231,
      "profit_factor": 1.8583,
      "fitness": 114.3936,
      "dna": {
        "min_score": 1,
        "rsi_buy_threshold": 50.0,
        "rsi_sell_threshold": 95.0,
        "r2_min": 0.16738649067096795,
        "slope_min": 0.1,
        "volume_ratio_min": 1.223801108762327,
        "hold_days": 2,
        "stop_loss_pct": 2.3525156870384034,
        "take_profit_pct": 30.06979508053773,
        "max_positions": 1,
        "dip_threshold_pct": 24.374805519626737,
        "r2_trend_min": 0.2,
        "w_momentum": 0.0,
        "w_mean_reversion": 0.3198,
        "w_volume": 0.5916,
        "w_trend": 0.0361,
        "w_pattern": 0.0525
      }
    },
    {
      "annual_return": 217.4425,
      "max_drawdown": 19.055,
      "win_rate": 37.6623,
      "sharpe": 2.2493,
      "calmar": 11.4113,
      "total_trades": 231,
      "profit_factor": 2.1048,
      "fitness": 101.5355,
      "dna": {
        "min_score": 1,
        "rsi_buy_threshold": 50.0,
        "rsi_sell_threshold": 87.16206958264685,
        "r2_min": 0.13803264672610502,
        "slope_min": 0.1,
        "volume_ratio_min": 1.223801108762327,
        "hold_days": 2,
        "stop_loss_pct": 1.816195231285679,
        "take_profit_pct": 30.06979508053773,
        "max_positions": 1,
        "dip_threshold_pct": 24.374805519626737,
        "r2_trend_min": 0.23533124055126325,
        "w_momentum": 0.0,
        "w_mean_reversion": 0.323,
        "w_volume": 0.5975,
        "w_trend": 0.0265,
        "w_pattern": 0.053
      }
    },
    {
      "annual_return": 142.8573,
      "max_drawdown": 18.9314,
      "win_rate": 44.7826,
      "sharpe": 1.9514,
      "calmar": 7.5461,
      "total_trades": 230,
      "profit_factor": 1.7541,
      "fitness": 70.2063,
      "dna": {
        "min_score": 1,
        "rsi_buy_threshold": 43.04653122403653,
        "rsi_sell_threshold": 78.10404358444018,
        "r2_min": 0.12143078594570933,
        "slope_min": 0.11367930727727742,
        "volume_ratio_min": 0.8022496418794498,
        "hold_days": 2,
        "stop_loss_pct": 2.2120801548634175,
        "take_profit_pct": 36.78866874642977,
        "max_positions": 1,
        "dip_threshold_pct": 19.236838255458117,
        "r2_trend_min": 0.20213450524746768,
        "w_momentum": 0.0,
        "w_mean_reversion": 0.5135,
        "w_volume": 0.3911,
        "w_trend": 0.0447,
        "w_pattern": 0.0507
      }
    },
    {
      "annual_return": 165.1017,
      "max_drawdown": 22.2484,
      "win_rate": 35.0649,
      "sharpe": 2.1266,
      "calmar": 7.4208,
      "total_trades": 231,
      "profit_factor": 2.1436,
      "fitness": 62.6323,
      "dna": {
        "min_score": 1,
        "rsi_buy_threshold": 43.04653122403653,
        "rsi_sell_threshold": 78.10404358444018,
        "r2_min": 0.12143078594570933,
        "slope_min": 0.1276823056707568,
        "volume_ratio_min": 1.223801108762327,
        "hold_days": 2,
        "stop_loss_pct": 1.392834909038878,
        "take_profit_pct": 35.437825838831195,
        "max_positions": 1,
        "dip_threshold_pct": 24.374805519626737,
        "r2_trend_min": 0.2,
        "w_momentum": 0.0107,
        "w_mean_reversion": 0.3479,
        "w_volume": 0.5157,
        "w_trend": 0.0589,
        "w_pattern": 0.0668
      }
    }
  ]
}