{
  "generation": 1169,
  "timestamp": "2026-03-20T21:57:51",
  "results": [
    {
      "annual_return": 293.5341,
      "max_drawdown": 34.415,
      "win_rate": 51.5152,
      "sharpe": 2.63,
      "calmar": 8.5292,
      "total_trades": 231,
      "profit_factor": 2.0066,
      "fitness": 93.4189,
      "dna": {
        "min_score": 1,
        "rsi_buy_threshold": 26.576929768669327,
        "rsi_sell_threshold": 76.49917792448127,
        "r2_min": 0.11799234053550144,
        "slope_min": 0.16675287446143816,
        "volume_ratio_min": 2.8750709470952356,
        "hold_days": 2,
        "stop_loss_pct": 4.8441468766169535,
        "take_profit_pct": 22.932643700545288,
        "max_positions": 1,
        "dip_threshold_pct": 5.076472586591953,
        "r2_trend_min": 0.22226489266119387,
        "w_momentum": 0.0,
        "w_mean_reversion": 0.438,
        "w_volume": 0.4725,
        "w_trend": 0.0244,
        "w_pattern": 0.0651
      }
    },
    {
      "annual_return": 198.8483,
      "max_drawdown": 24.7119,
      "win_rate": 50.2165,
      "sharpe": 2.0619,
      "calmar": 8.0467,
      "total_trades": 231,
      "profit_factor": 1.5597,
      "fitness": 80.5362,
      "dna": {
        "min_score": 1,
        "rsi_buy_threshold": 31.242103297215237,
        "rsi_sell_threshold": 95.0,
        "r2_min": 0.19851120676872425,
        "slope_min": 0.20981206315939172,
        "volume_ratio_min": 2.8750709470952356,
        "hold_days": 2,
        "stop_loss_pct": 4.8441468766169535,
        "take_profit_pct": 29.082671235103028,
        "max_positions": 1,
        "dip_threshold_pct": 3.0,
        "r2_trend_min": 0.22132320730652488,
        "w_momentum": 0.0,
        "w_mean_reversion": 0.4104,
        "w_volume": 0.5,
        "w_trend": 0.0287,
        "w_pattern": 0.061
      }
    },
    {
      "annual_return": 157.6164,
      "max_drawdown": 21.6827,
      "win_rate": 48.9362,
      "sharpe": 1.9723,
      "calmar": 7.2692,
      "total_trades": 141,
      "profit_factor": 1.7109,
      "fitness": 70.9107,
      "dna": {
        "min_score": 1,
        "rsi_buy_threshold": 26.576929768669327,
        "rsi_sell_threshold": 76.49917792448127,
        "r2_min": 0.11799234053550144,
        "slope_min": 0.16675287446143816,
        "volume_ratio_min": 3.2245875974809888,
        "hold_days": 2,
        "stop_loss_pct": 3.725191945850786,
        "take_profit_pct": 25.896908100737356,
        "max_positions": 1,
        "dip_threshold_pct": 3.7179960430135877,
        "r2_trend_min": 0.22226489266119387,
        "w_momentum": 0.0,
        "w_mean_reversion": 0.4424,
        "w_volume": 0.4773,
        "w_trend": 0.0246,
        "w_pattern": 0.0557
      }
    },
    {
      "annual_return": 106.5686,
      "max_drawdown": 16.3997,
      "win_rate": 36.8421,
      "sharpe": 1.5786,
      "calmar": 6.4982,
      "total_trades": 57,
      "profit_factor": 2.0081,
      "fitness": 51.8959,
      "dna": {
        "min_score": 1,
        "rsi_buy_threshold": 43.40169495842053,
        "rsi_sell_threshold": 60.21571718566915,
        "r2_min": 0.15522211903063848,
        "slope_min": 0.13654657148073115,
        "volume_ratio_min": 4.90870189997019,
        "hold_days": 8,
        "stop_loss_pct": 3.2380713594399735,
        "take_profit_pct": 29.669465039197284,
        "max_positions": 1,
        "dip_threshold_pct": 3.0,
        "r2_trend_min": 0.2,
        "w_momentum": 0.0053,
        "w_mean_reversion": 0.3773,
        "w_volume": 0.5567,
        "w_trend": 0.0166,
        "w_pattern": 0.0442
      }
    },
    {
      "annual_return": 90.5089,
      "max_drawdown": 19.5993,
      "win_rate": 55.5556,
      "sharpe": 1.4463,
      "calmar": 4.618,
      "total_trades": 45,
      "profit_factor": 2.066,
      "fitness": 44.3765,
      "dna": {
        "min_score": 1,
        "rsi_buy_threshold": 50.0,
        "rsi_sell_threshold": 55.0,
        "r2_min": 0.11799234053550144,
        "slope_min": 0.1664620298802237,
        "volume_ratio_min": 3.0495828013377624,
        "hold_days": 10,
        "stop_loss_pct": 5.98580386041219,
        "take_profit_pct": 34.340319897942976,
        "max_positions": 1,
        "dip_threshold_pct": 3.305617425346352,
        "r2_trend_min": 0.24801406049124508,
        "w_momentum": 0.0,
        "w_mean_reversion": 0.3718,
        "w_volume": 0.5684,
        "w_trend": 0.0188,
        "w_pattern": 0.0409
      }
    }
  ]
}