{
  "generation": 429,
  "timestamp": "2026-03-20T16:09:01",
  "results": [
    {
      "annual_return": 134.0102,
      "max_drawdown": 21.3434,
      "win_rate": 51.5152,
      "sharpe": 2.126,
      "calmar": 6.2788,
      "total_trades": 231,
      "profit_factor": 1.7502,
      "fitness": 64.2266,
      "dna": {
        "min_score": 1,
        "rsi_buy_threshold": 15.008619165636322,
        "rsi_sell_threshold": 55.0,
        "r2_min": 0.172457302711208,
        "slope_min": 0.15261676787389883,
        "volume_ratio_min": 0.7634231067021782,
        "hold_days": 2,
        "stop_loss_pct": 3.551603570360111,
        "take_profit_pct": 16.968805095632675,
        "max_positions": 1,
        "dip_threshold_pct": 4.726055740567531,
        "r2_trend_min": 0.2361754829299788,
        "w_momentum": 0.0,
        "w_mean_reversion": 0.069,
        "w_volume": 0.0756,
        "w_trend": 0.0,
        "w_pattern": 0.8554
      }
    },
    {
      "annual_return": 119.5047,
      "max_drawdown": 21.0494,
      "win_rate": 50.0,
      "sharpe": 2.024,
      "calmar": 5.6773,
      "total_trades": 232,
      "profit_factor": 1.5496,
      "fitness": 56.3952,
      "dna": {
        "min_score": 1,
        "rsi_buy_threshold": 33.17740132680913,
        "rsi_sell_threshold": 55.0,
        "r2_min": 0.1456653354037915,
        "slope_min": 0.2131194039705824,
        "volume_ratio_min": 0.7510750321041235,
        "hold_days": 2,
        "stop_loss_pct": 9.683816989384708,
        "take_profit_pct": 27.191073614127536,
        "max_positions": 1,
        "dip_threshold_pct": 3.0,
        "r2_trend_min": 0.2649532859627902,
        "w_momentum": 0.0,
        "w_mean_reversion": 0.1246,
        "w_volume": 0.0603,
        "w_trend": 0.0161,
        "w_pattern": 0.799
      }
    },
    {
      "annual_return": 84.8096,
      "max_drawdown": 15.3144,
      "win_rate": 49.569,
      "sharpe": 1.7142,
      "calmar": 5.5379,
      "total_trades": 232,
      "profit_factor": 1.4627,
      "fitness": 52.357,
      "dna": {
        "min_score": 1,
        "rsi_buy_threshold": 15.008619165636322,
        "rsi_sell_threshold": 67.7983715891111,
        "r2_min": 0.172457302711208,
        "slope_min": 0.15261676787389883,
        "volume_ratio_min": 0.8761029272548524,
        "hold_days": 2,
        "stop_loss_pct": 3.655905266620156,
        "take_profit_pct": 13.870263797522448,
        "max_positions": 1,
        "dip_threshold_pct": 3.8321042666678493,
        "r2_trend_min": 0.2361754829299788,
        "w_momentum": 0.0,
        "w_mean_reversion": 0.069,
        "w_volume": 0.0756,
        "w_trend": 0.0,
        "w_pattern": 0.8554
      }
    },
    {
      "annual_return": 85.2652,
      "max_drawdown": 23.5541,
      "win_rate": 46.9828,
      "sharpe": 1.6141,
      "calmar": 3.62,
      "total_trades": 232,
      "profit_factor": 1.4357,
      "fitness": 32.8228,
      "dna": {
        "min_score": 1,
        "rsi_buy_threshold": 15.008619165636322,
        "rsi_sell_threshold": 55.0,
        "r2_min": 0.172457302711208,
        "slope_min": 0.15261676787389883,
        "volume_ratio_min": 0.7634231067021782,
        "hold_days": 2,
        "stop_loss_pct": 2.8658376918179393,
        "take_profit_pct": 19.415503065049457,
        "max_positions": 1,
        "dip_threshold_pct": 4.726055740567531,
        "r2_trend_min": 0.2361754829299788,
        "w_momentum": 0.0,
        "w_mean_reversion": 0.069,
        "w_volume": 0.0756,
        "w_trend": 0.0,
        "w_pattern": 0.8554
      }
    },
    {
      "annual_return": 73.7887,
      "max_drawdown": 20.3807,
      "win_rate": 46.1207,
      "sharpe": 1.576,
      "calmar": 3.6205,
      "total_trades": 232,
      "profit_factor": 1.4435,
      "fitness": 32.3377,
      "dna": {
        "min_score": 1,
        "rsi_buy_threshold": 15.008619165636322,
        "rsi_sell_threshold": 55.0,
        "r2_min": 0.172457302711208,
        "slope_min": 0.15261676787389883,
        "volume_ratio_min": 0.7634231067021782,
        "hold_days": 2,
        "stop_loss_pct": 2.5561804690986456,
        "take_profit_pct": 23.04907174328417,
        "max_positions": 1,
        "dip_threshold_pct": 4.726055740567531,
        "r2_trend_min": 0.26564193480515375,
        "w_momentum": 0.0,
        "w_mean_reversion": 0.0865,
        "w_volume": 0.0742,
        "w_trend": 0.0,
        "w_pattern": 0.8393
      }
    }
  ]
}