{
  "generation": 1399,
  "timestamp": "2026-03-21T02:34:02",
  "results": [
    {
      "annual_return": 302.6957,
      "max_drawdown": 21.2925,
      "win_rate": 56.2771,
      "sharpe": 2.9622,
      "calmar": 14.2161,
      "total_trades": 231,
      "profit_factor": 2.5919,
      "fitness": 169.8269,
      "dna": {
        "min_score": 1,
        "rsi_buy_threshold": 12.156657855993762,
        "rsi_sell_threshold": 95.0,
        "r2_min": 0.1,
        "slope_min": 0.1518425761912764,
        "volume_ratio_min": 0.7162103256667908,
        "hold_days": 2,
        "stop_loss_pct": 5.665632253077159,
        "take_profit_pct": 36.49808692547612,
        "max_positions": 1,
        "dip_threshold_pct": 10.990366102421282,
        "r2_trend_min": 0.2982208546199661,
        "w_momentum": 0.0,
        "w_mean_reversion": 0.1117,
        "w_volume": 0.1576,
        "w_trend": 0.0057,
        "w_pattern": 0.0866,
        "w_macd": 0.2103,
        "w_bollinger": 0.0613,
        "w_kdj": 0.108,
        "w_obv": 0.0783,
        "w_support": 0.1328,
        "w_volume_profile": 0.0477
      }
    },
    {
      "annual_return": 222.2459,
      "max_drawdown": 16.3628,
      "win_rate": 50.8621,
      "sharpe": 2.6887,
      "calmar": 13.5824,
      "total_trades": 232,
      "profit_factor": 1.963,
      "fitness": 148.9553,
      "dna": {
        "min_score": 1,
        "rsi_buy_threshold": 10.586984162516929,
        "rsi_sell_threshold": 72.2459542909164,
        "r2_min": 0.10237495416983221,
        "slope_min": 0.1,
        "volume_ratio_min": 0.5,
        "hold_days": 2,
        "stop_loss_pct": 5.665632253077159,
        "take_profit_pct": 37.46348289998237,
        "max_positions": 1,
        "dip_threshold_pct": 9.339839516841241,
        "r2_trend_min": 0.23617006052316206,
        "w_momentum": 0.0,
        "w_mean_reversion": 0.144,
        "w_volume": 0.1554,
        "w_trend": 0.0067,
        "w_pattern": 0.086,
        "w_macd": 0.104,
        "w_bollinger": 0.0661,
        "w_kdj": 0.127,
        "w_obv": 0.0921,
        "w_support": 0.1552,
        "w_volume_profile": 0.0635
      }
    },
    {
      "annual_return": 203.3152,
      "max_drawdown": 15.7549,
      "win_rate": 54.7414,
      "sharpe": 2.7512,
      "calmar": 12.9049,
      "total_trades": 232,
      "profit_factor": 1.9941,
      "fitness": 148.0179,
      "dna": {
        "min_score": 1,
        "rsi_buy_threshold": 10.0,
        "rsi_sell_threshold": 55.63416265002651,
        "r2_min": 0.11687522153293473,
        "slope_min": 0.1518425761912764,
        "volume_ratio_min": 0.7162103256667908,
        "hold_days": 2,
        "stop_loss_pct": 4.391102923910792,
        "take_profit_pct": 36.49808692547612,
        "max_positions": 1,
        "dip_threshold_pct": 10.990366102421282,
        "r2_trend_min": 0.33196710280945446,
        "w_momentum": 0.0,
        "w_mean_reversion": 0.1131,
        "w_volume": 0.2119,
        "w_trend": 0.0,
        "w_pattern": 0.0674,
        "w_macd": 0.1576,
        "w_bollinger": 0.0621,
        "w_kdj": 0.1093,
        "w_obv": 0.0896,
        "w_support": 0.1514,
        "w_volume_profile": 0.0377
      }
    },
    {
      "annual_return": 198.7552,
      "max_drawdown": 18.9618,
      "win_rate": 47.1861,
      "sharpe": 2.5284,
      "calmar": 10.4819,
      "total_trades": 231,
      "profit_factor": 1.9982,
      "fitness": 108.4132,
      "dna": {
        "min_score": 1,
        "rsi_buy_threshold": 12.238455343799613,
        "rsi_sell_threshold": 55.736154035143514,
        "r2_min": 0.1,
        "slope_min": 0.1,
        "volume_ratio_min": 0.5,
        "hold_days": 2,
        "stop_loss_pct": 3.6988965934495286,
        "take_profit_pct": 30.337143744986626,
        "max_positions": 1,
        "dip_threshold_pct": 4.655514317614161,
        "r2_trend_min": 0.25340599978684064,
        "w_momentum": 0.0,
        "w_mean_reversion": 0.1148,
        "w_volume": 0.2837,
        "w_trend": 0.0135,
        "w_pattern": 0.0522,
        "w_macd": 0.0616,
        "w_bollinger": 0.0569,
        "w_kdj": 0.1403,
        "w_obv": 0.0801,
        "w_support": 0.1599,
        "w_volume_profile": 0.037
      }
    },
    {
      "annual_return": 125.3239,
      "max_drawdown": 12.8168,
      "win_rate": 50.6494,
      "sharpe": 2.1251,
      "calmar": 9.7781,
      "total_trades": 231,
      "profit_factor": 1.6643,
      "fitness": 99.1663,
      "dna": {
        "min_score": 1,
        "rsi_buy_threshold": 12.238455343799613,
        "rsi_sell_threshold": 84.5222001485161,
        "r2_min": 0.12861213573976513,
        "slope_min": 0.11298421795587879,
        "volume_ratio_min": 0.5,
        "hold_days": 2,
        "stop_loss_pct": 2.810480753428705,
        "take_profit_pct": 36.26778975769141,
        "max_positions": 1,
        "dip_threshold_pct": 4.655514317614161,
        "r2_trend_min": 0.25340599978684064,
        "w_momentum": 0.0,
        "w_mean_reversion": 0.1055,
        "w_volume": 0.2991,
        "w_trend": 0.0124,
        "w_pattern": 0.0571,
        "w_macd": 0.0729,
        "w_bollinger": 0.0613,
        "w_kdj": 0.129,
        "w_obv": 0.1132,
        "w_support": 0.1154,
        "w_volume_profile": 0.0341
      }
    }
  ]
}