{
  "generation": 1319,
  "timestamp": "2026-03-20T23:10:05",
  "results": [
    {
      "annual_return": 122.0838,
      "max_drawdown": 18.896,
      "win_rate": 47.619,
      "sharpe": 1.9413,
      "calmar": 6.4608,
      "total_trades": 231,
      "profit_factor": 1.7089,
      "fitness": 61.8944,
      "dna": {
        "min_score": 1,
        "rsi_buy_threshold": 10.246705272300794,
        "rsi_sell_threshold": 72.59834806749923,
        "r2_min": 0.14252935757032176,
        "slope_min": 0.3664294767759506,
        "volume_ratio_min": 0.5,
        "hold_days": 2,
        "stop_loss_pct": 3.352935069203367,
        "take_profit_pct": 46.89794921180502,
        "max_positions": 1,
        "dip_threshold_pct": 8.5972597699539,
        "r2_trend_min": 0.5452370075228831,
        "w_momentum": 0.0,
        "w_mean_reversion": 0.2182,
        "w_volume": 0.7492,
        "w_trend": 0.0,
        "w_pattern": 0.0326
      }
    },
    {
      "annual_return": 113.4279,
      "max_drawdown": 18.3952,
      "win_rate": 50.0,
      "sharpe": 1.7181,
      "calmar": 6.1662,
      "total_trades": 232,
      "profit_factor": 1.5951,
      "fitness": 58.5841,
      "dna": {
        "min_score": 1,
        "rsi_buy_threshold": 10.461638087445163,
        "rsi_sell_threshold": 79.88079510161788,
        "r2_min": 0.14252935757032176,
        "slope_min": 0.27304848834633866,
        "volume_ratio_min": 0.612255884969401,
        "hold_days": 2,
        "stop_loss_pct": 3.352935069203367,
        "take_profit_pct": 42.0119112275311,
        "max_positions": 1,
        "dip_threshold_pct": 10.051488125490694,
        "r2_trend_min": 0.6058331265535437,
        "w_momentum": 0.0,
        "w_mean_reversion": 0.1988,
        "w_volume": 0.7776,
        "w_trend": 0.0,
        "w_pattern": 0.0236
      }
    },
    {
      "annual_return": 103.6563,
      "max_drawdown": 17.5462,
      "win_rate": 39.3939,
      "sharpe": 1.7605,
      "calmar": 5.9076,
      "total_trades": 231,
      "profit_factor": 1.5615,
      "fitness": 50.1343,
      "dna": {
        "min_score": 1,
        "rsi_buy_threshold": 10.246705272300794,
        "rsi_sell_threshold": 65.04100705200595,
        "r2_min": 0.16997204177482428,
        "slope_min": 0.3289553566110943,
        "volume_ratio_min": 0.6464128973182404,
        "hold_days": 2,
        "stop_loss_pct": 1.910828480799799,
        "take_profit_pct": 35.49815272360091,
        "max_positions": 1,
        "dip_threshold_pct": 9.700613141330635,
        "r2_trend_min": 0.5803336392292693,
        "w_momentum": 0.0,
        "w_mean_reversion": 0.1383,
        "w_volume": 0.8217,
        "w_trend": 0.0206,
        "w_pattern": 0.0194
      }
    },
    {
      "annual_return": 146.8313,
      "max_drawdown": 31.7707,
      "win_rate": 47.8261,
      "sharpe": 2.1525,
      "calmar": 4.6216,
      "total_trades": 230,
      "profit_factor": 1.7038,
      "fitness": 45.7208,
      "dna": {
        "min_score": 1,
        "rsi_buy_threshold": 15.290004447152155,
        "rsi_sell_threshold": 59.44380023145378,
        "r2_min": 0.1,
        "slope_min": 0.3289553566110943,
        "volume_ratio_min": 0.5,
        "hold_days": 2,
        "stop_loss_pct": 3.2415152543703307,
        "take_profit_pct": 44.92608159392688,
        "max_positions": 1,
        "dip_threshold_pct": 9.165976308003914,
        "r2_trend_min": 0.5679857157202938,
        "w_momentum": 0.0,
        "w_mean_reversion": 0.1395,
        "w_volume": 0.7929,
        "w_trend": 0.0243,
        "w_pattern": 0.0434
      }
    },
    {
      "annual_return": 103.4372,
      "max_drawdown": 23.2271,
      "win_rate": 54.3103,
      "sharpe": 1.9113,
      "calmar": 4.4533,
      "total_trades": 232,
      "profit_factor": 1.5411,
      "fitness": 45.3639,
      "dna": {
        "min_score": 1,
        "rsi_buy_threshold": 13.884196852797475,
        "rsi_sell_threshold": 79.88079510161788,
        "r2_min": 0.14252935757032176,
        "slope_min": 0.46741428841325344,
        "volume_ratio_min": 0.612255884969401,
        "hold_days": 2,
        "stop_loss_pct": 3.352935069203367,
        "take_profit_pct": 46.89794921180502,
        "max_positions": 1,
        "dip_threshold_pct": 10.051488125490694,
        "r2_trend_min": 0.6824381565634599,
        "w_momentum": 0.0,
        "w_mean_reversion": 0.1968,
        "w_volume": 0.7698,
        "w_trend": 0.0,
        "w_pattern": 0.0334
      }
    }
  ]
}