{
  "generation": 969,
  "timestamp": "2026-03-20T20:36:47",
  "results": [
    {
      "annual_return": 177.4399,
      "max_drawdown": 30.1384,
      "win_rate": 52.5862,
      "sharpe": 2.1877,
      "calmar": 5.8875,
      "total_trades": 232,
      "profit_factor": 1.8349,
      "fitness": 61.3741,
      "dna": {
        "min_score": 1,
        "rsi_buy_threshold": 38.38250408186702,
        "rsi_sell_threshold": 74.1547816143127,
        "r2_min": 0.1979715523110942,
        "slope_min": 0.11110497731497133,
        "volume_ratio_min": 1.2249476896952884,
        "hold_days": 2,
        "stop_loss_pct": 7.720938382104438,
        "take_profit_pct": 11.297606125268093,
        "max_positions": 1,
        "dip_threshold_pct": 16.79017093862609,
        "r2_trend_min": 0.2,
        "w_momentum": 0.0,
        "w_mean_reversion": 0.1809,
        "w_volume": 0.7542,
        "w_trend": 0.0201,
        "w_pattern": 0.0448
      }
    },
    {
      "annual_return": 163.8516,
      "max_drawdown": 28.9258,
      "win_rate": 52.1552,
      "sharpe": 2.0206,
      "calmar": 5.6645,
      "total_trades": 232,
      "profit_factor": 1.644,
      "fitness": 57.4408,
      "dna": {
        "min_score": 1,
        "rsi_buy_threshold": 38.38250408186702,
        "rsi_sell_threshold": 74.1547816143127,
        "r2_min": 0.1979715523110942,
        "slope_min": 0.1,
        "volume_ratio_min": 1.4613937508876005,
        "hold_days": 2,
        "stop_loss_pct": 7.720938382104438,
        "take_profit_pct": 12.785886526918823,
        "max_positions": 1,
        "dip_threshold_pct": 16.79017093862609,
        "r2_trend_min": 0.23247485020061626,
        "w_momentum": 0.0,
        "w_mean_reversion": 0.1498,
        "w_volume": 0.7865,
        "w_trend": 0.0265,
        "w_pattern": 0.0371
      }
    },
    {
      "annual_return": 175.038,
      "max_drawdown": 32.1246,
      "win_rate": 50.0,
      "sharpe": 2.1858,
      "calmar": 5.4487,
      "total_trades": 232,
      "profit_factor": 1.8055,
      "fitness": 55.3715,
      "dna": {
        "min_score": 1,
        "rsi_buy_threshold": 32.463049963354685,
        "rsi_sell_threshold": 95.0,
        "r2_min": 0.1,
        "slope_min": 0.11110497731497133,
        "volume_ratio_min": 0.9659299490589546,
        "hold_days": 2,
        "stop_loss_pct": 3.943858283641775,
        "take_profit_pct": 18.405525520190647,
        "max_positions": 1,
        "dip_threshold_pct": 16.27204838260257,
        "r2_trend_min": 0.22749421573910616,
        "w_momentum": 0.0,
        "w_mean_reversion": 0.1939,
        "w_volume": 0.7642,
        "w_trend": 0.013,
        "w_pattern": 0.0289
      }
    },
    {
      "annual_return": 164.8896,
      "max_drawdown": 30.7695,
      "win_rate": 50.8621,
      "sharpe": 2.1845,
      "calmar": 5.3589,
      "total_trades": 232,
      "profit_factor": 1.4594,
      "fitness": 54.9157,
      "dna": {
        "min_score": 1,
        "rsi_buy_threshold": 45.00639407670811,
        "rsi_sell_threshold": 74.1547816143127,
        "r2_min": 0.1979715523110942,
        "slope_min": 0.11110497731497133,
        "volume_ratio_min": 1.2249476896952884,
        "hold_days": 2,
        "stop_loss_pct": 7.720938382104438,
        "take_profit_pct": 9.473551980576207,
        "max_positions": 1,
        "dip_threshold_pct": 16.79017093862609,
        "r2_trend_min": 0.2,
        "w_momentum": 0.0,
        "w_mean_reversion": 0.149,
        "w_volume": 0.8071,
        "w_trend": 0.0136,
        "w_pattern": 0.0303
      }
    },
    {
      "annual_return": 182.0063,
      "max_drawdown": 37.0031,
      "win_rate": 50.0,
      "sharpe": 2.2745,
      "calmar": 4.9187,
      "total_trades": 232,
      "profit_factor": 1.6979,
      "fitness": 50.6018,
      "dna": {
        "min_score": 1,
        "rsi_buy_threshold": 40.17278967206825,
        "rsi_sell_threshold": 77.62595841700545,
        "r2_min": 0.1266381902554781,
        "slope_min": 0.11110497731497133,
        "volume_ratio_min": 1.0089717537791718,
        "hold_days": 2,
        "stop_loss_pct": 6.606249108435442,
        "take_profit_pct": 12.785886526918823,
        "max_positions": 1,
        "dip_threshold_pct": 17.439365939013975,
        "r2_trend_min": 0.4179737862499059,
        "w_momentum": 0.0,
        "w_mean_reversion": 0.1186,
        "w_volume": 0.8501,
        "w_trend": 0.0051,
        "w_pattern": 0.0262
      }
    }
  ]
}