{
  "generation": 329,
  "timestamp": "2026-03-20T15:17:08",
  "results": [
    {
      "annual_return": 176.4899,
      "max_drawdown": 16.1314,
      "win_rate": 46.9828,
      "sharpe": 2.2371,
      "calmar": 10.9408,
      "total_trades": 232,
      "profit_factor": 1.7923,
      "fitness": 108.545,
      "dna": {
        "min_score": 1,
        "rsi_buy_threshold": 47.464135271546034,
        "rsi_sell_threshold": 55.0,
        "r2_min": 0.12065362306460753,
        "slope_min": 0.1,
        "volume_ratio_min": 1.2819256740933975,
        "hold_days": 2,
        "stop_loss_pct": 2.980700791145637,
        "take_profit_pct": 23.432903494904256,
        "max_positions": 1,
        "dip_threshold_pct": 3.6857408060131873,
        "r2_trend_min": 0.20364336911691172,
        "w_momentum": 0.0,
        "w_mean_reversion": 0.1336,
        "w_volume": 0.0299,
        "w_trend": 0.0129,
        "w_pattern": 0.8236
      }
    },
    {
      "annual_return": 125.8001,
      "max_drawdown": 17.6938,
      "win_rate": 46.5517,
      "sharpe": 2.2411,
      "calmar": 7.1099,
      "total_trades": 232,
      "profit_factor": 1.6657,
      "fitness": 70.2523,
      "dna": {
        "min_score": 1,
        "rsi_buy_threshold": 35.779223773189926,
        "rsi_sell_threshold": 55.0,
        "r2_min": 0.1,
        "slope_min": 0.1,
        "volume_ratio_min": 1.4471158841735405,
        "hold_days": 2,
        "stop_loss_pct": 2.317317701706469,
        "take_profit_pct": 23.90338916091764,
        "max_positions": 1,
        "dip_threshold_pct": 3.841789628923026,
        "r2_trend_min": 0.2,
        "w_momentum": 0.0,
        "w_mean_reversion": 0.1706,
        "w_volume": 0.0713,
        "w_trend": 0.0,
        "w_pattern": 0.7581
      }
    },
    {
      "annual_return": 135.1926,
      "max_drawdown": 21.7327,
      "win_rate": 48.7069,
      "sharpe": 2.1166,
      "calmar": 6.2207,
      "total_trades": 232,
      "profit_factor": 1.7768,
      "fitness": 61.7925,
      "dna": {
        "min_score": 1,
        "rsi_buy_threshold": 39.63525510330803,
        "rsi_sell_threshold": 60.830732003494674,
        "r2_min": 0.12065362306460753,
        "slope_min": 0.12957945139252566,
        "volume_ratio_min": 1.2819256740933975,
        "hold_days": 2,
        "stop_loss_pct": 2.5492730869526032,
        "take_profit_pct": 23.432903494904256,
        "max_positions": 1,
        "dip_threshold_pct": 3.0,
        "r2_trend_min": 0.2531184285261698,
        "w_momentum": 0.0,
        "w_mean_reversion": 0.0921,
        "w_volume": 0.0181,
        "w_trend": 0.0206,
        "w_pattern": 0.8692
      }
    },
    {
      "annual_return": 120.3867,
      "max_drawdown": 18.0291,
      "win_rate": 41.3793,
      "sharpe": 2.0241,
      "calmar": 6.6774,
      "total_trades": 232,
      "profit_factor": 1.7954,
      "fitness": 60.3414,
      "dna": {
        "min_score": 1,
        "rsi_buy_threshold": 35.779223773189926,
        "rsi_sell_threshold": 65.39878326717269,
        "r2_min": 0.1,
        "slope_min": 0.1,
        "volume_ratio_min": 1.0649148313036276,
        "hold_days": 2,
        "stop_loss_pct": 1.7685460441524838,
        "take_profit_pct": 23.90338916091764,
        "max_positions": 1,
        "dip_threshold_pct": 3.841789628923026,
        "r2_trend_min": 0.2,
        "w_momentum": 0.0,
        "w_mean_reversion": 0.1396,
        "w_volume": 0.0584,
        "w_trend": 0.0,
        "w_pattern": 0.802
      }
    },
    {
      "annual_return": 161.7105,
      "max_drawdown": 28.8461,
      "win_rate": 46.5517,
      "sharpe": 2.1257,
      "calmar": 5.606,
      "total_trades": 232,
      "profit_factor": 1.6647,
      "fitness": 54.51,
      "dna": {
        "min_score": 1,
        "rsi_buy_threshold": 50.0,
        "rsi_sell_threshold": 55.0,
        "r2_min": 0.1394955760988444,
        "slope_min": 0.1,
        "volume_ratio_min": 1.000492093432479,
        "hold_days": 2,
        "stop_loss_pct": 2.5492730869526032,
        "take_profit_pct": 23.432903494904256,
        "max_positions": 1,
        "dip_threshold_pct": 3.4336261863664084,
        "r2_trend_min": 0.2,
        "w_momentum": 0.0,
        "w_mean_reversion": 0.1115,
        "w_volume": 0.0589,
        "w_trend": 0.0318,
        "w_pattern": 0.7977
      }
    }
  ]
}