{
  "generation": 309,
  "timestamp": "2026-03-20T15:06:11",
  "results": [
    {
      "annual_return": 293.3146,
      "max_drawdown": 16.871,
      "win_rate": 50.0,
      "sharpe": 2.6125,
      "calmar": 17.3857,
      "total_trades": 16,
      "profit_factor": 1.7537,
      "fitness": 99.8233,
      "dna": {
        "min_score": 1,
        "rsi_buy_threshold": 39.409070122815464,
        "rsi_sell_threshold": 69.17032965993332,
        "r2_min": 0.15040186728570595,
        "slope_min": 0.22637410626685134,
        "volume_ratio_min": 1.835654583890349,
        "hold_days": 2,
        "stop_loss_pct": 5.8222150352001805,
        "take_profit_pct": 29.685746323805674,
        "max_positions": 1,
        "dip_threshold_pct": 3.0,
        "r2_trend_min": 0.47654241398242275,
        "w_momentum": 0.0,
        "w_mean_reversion": 0.1622,
        "w_volume": 0.0727,
        "w_trend": 0.0513,
        "w_pattern": 0.7138
      }
    },
    {
      "annual_return": 174.8836,
      "max_drawdown": 17.9005,
      "win_rate": 47.4138,
      "sharpe": 2.3277,
      "calmar": 9.7697,
      "total_trades": 232,
      "profit_factor": 1.6771,
      "fitness": 98.5902,
      "dna": {
        "min_score": 1,
        "rsi_buy_threshold": 42.610363374043025,
        "rsi_sell_threshold": 65.22857534253217,
        "r2_min": 0.12902283098843578,
        "slope_min": 0.1401789209905353,
        "volume_ratio_min": 1.8690819818578481,
        "hold_days": 2,
        "stop_loss_pct": 2.83822646181387,
        "take_profit_pct": 22.880163514706688,
        "max_positions": 1,
        "dip_threshold_pct": 3.0,
        "r2_trend_min": 0.2,
        "w_momentum": 0.0,
        "w_mean_reversion": 0.1662,
        "w_volume": 0.0638,
        "w_trend": 0.0434,
        "w_pattern": 0.7266
      }
    },
    {
      "annual_return": 164.822,
      "max_drawdown": 19.3978,
      "win_rate": 51.7241,
      "sharpe": 2.3378,
      "calmar": 8.497,
      "total_trades": 232,
      "profit_factor": 1.8131,
      "fitness": 89.6821,
      "dna": {
        "min_score": 1,
        "rsi_buy_threshold": 42.610363374043025,
        "rsi_sell_threshold": 55.0,
        "r2_min": 0.12902283098843578,
        "slope_min": 0.1401789209905353,
        "volume_ratio_min": 1.8690819818578481,
        "hold_days": 2,
        "stop_loss_pct": 3.9349294343249603,
        "take_profit_pct": 22.880163514706688,
        "max_positions": 1,
        "dip_threshold_pct": 3.0,
        "r2_trend_min": 0.2,
        "w_momentum": 0.0,
        "w_mean_reversion": 0.194,
        "w_volume": 0.0624,
        "w_trend": 0.0325,
        "w_pattern": 0.7111
      }
    },
    {
      "annual_return": 191.4595,
      "max_drawdown": 27.8387,
      "win_rate": 46.9828,
      "sharpe": 2.0617,
      "calmar": 6.8775,
      "total_trades": 232,
      "profit_factor": 1.8764,
      "fitness": 66.5793,
      "dna": {
        "min_score": 1,
        "rsi_buy_threshold": 33.72022762570629,
        "rsi_sell_threshold": 95.0,
        "r2_min": 0.17261911901817478,
        "slope_min": 0.13698021272904654,
        "volume_ratio_min": 1.5073478861757414,
        "hold_days": 2,
        "stop_loss_pct": 4.336221507631271,
        "take_profit_pct": 22.012930918998737,
        "max_positions": 1,
        "dip_threshold_pct": 3.572436921366398,
        "r2_trend_min": 0.37548148909849255,
        "w_momentum": 0.0,
        "w_mean_reversion": 0.1603,
        "w_volume": 0.0768,
        "w_trend": 0.0675,
        "w_pattern": 0.6954
      }
    },
    {
      "annual_return": 141.3956,
      "max_drawdown": 26.0967,
      "win_rate": 47.0968,
      "sharpe": 1.8992,
      "calmar": 5.4181,
      "total_trades": 155,
      "profit_factor": 1.7913,
      "fitness": 51.307,
      "dna": {
        "min_score": 1,
        "rsi_buy_threshold": 50.0,
        "rsi_sell_threshold": 61.94788468086093,
        "r2_min": 0.15327939944660657,
        "slope_min": 0.19455645528627977,
        "volume_ratio_min": 2.340387774905658,
        "hold_days": 3,
        "stop_loss_pct": 5.282873025564735,
        "take_profit_pct": 23.546790137711646,
        "max_positions": 1,
        "dip_threshold_pct": 4.622687113390388,
        "r2_trend_min": 0.2,
        "w_momentum": 0.0082,
        "w_mean_reversion": 0.0889,
        "w_volume": 0.0617,
        "w_trend": 0.0303,
        "w_pattern": 0.8109
      }
    }
  ]
}