{
  "generation": 29,
  "timestamp": "2026-03-20T12:46:18",
  "results": [
    {
      "annual_return": 197.3598,
      "max_drawdown": 23.8709,
      "win_rate": 46.7672,
      "sharpe": 2.1223,
      "calmar": 8.2678,
      "total_trades": 464,
      "profit_factor": 1.4314,
      "fitness": 80.54,
      "dna": {
        "min_score": 5,
        "rsi_buy_threshold": 29.25880834708965,
        "rsi_sell_threshold": 61.521626494492935,
        "r2_min": 0.5507923084215073,
        "slope_min": 0.8279445924563071,
        "volume_ratio_min": 1.4744605352257365,
        "hold_days": 1,
        "stop_loss_pct": 3.6290937884253367,
        "take_profit_pct": 23.637224930899478,
        "max_positions": 1,
        "dip_threshold_pct": 6.298082867110856,
        "r2_trend_min": 0.6838953908649145,
        "w_momentum": 0.0433,
        "w_mean_reversion": 0.1341,
        "w_volume": 0.1087,
        "w_trend": 0.2293,
        "w_pattern": 0.4846
      }
    },
    {
      "annual_return": 157.5095,
      "max_drawdown": 30.1733,
      "win_rate": 47.0968,
      "sharpe": 1.9567,
      "calmar": 5.2202,
      "total_trades": 465,
      "profit_factor": 1.3437,
      "fitness": 49.8442,
      "dna": {
        "min_score": 4,
        "rsi_buy_threshold": 32.785220767178366,
        "rsi_sell_threshold": 83.35483068791683,
        "r2_min": 0.5507923084215073,
        "slope_min": 0.7249108327104525,
        "volume_ratio_min": 1.3099871899358164,
        "hold_days": 1,
        "stop_loss_pct": 3.1541884576290258,
        "take_profit_pct": 20.570900259788274,
        "max_positions": 1,
        "dip_threshold_pct": 12.316458129383609,
        "r2_trend_min": 0.6222643119383171,
        "w_momentum": 0.0615,
        "w_mean_reversion": 0.283,
        "w_volume": 0.123,
        "w_trend": 0.33,
        "w_pattern": 0.2024
      }
    },
    {
      "annual_return": 106.0835,
      "max_drawdown": 26.9484,
      "win_rate": 41.2903,
      "sharpe": 1.5916,
      "calmar": 3.9365,
      "total_trades": 465,
      "profit_factor": 1.2297,
      "fitness": 33.3472,
      "dna": {
        "min_score": 3,
        "rsi_buy_threshold": 29.25880834708965,
        "rsi_sell_threshold": 83.35483068791683,
        "r2_min": 0.5507923084215073,
        "slope_min": 0.5457708212238911,
        "volume_ratio_min": 1.3099871899358164,
        "hold_days": 1,
        "stop_loss_pct": 2.2708763043270883,
        "take_profit_pct": 14.532914028615853,
        "max_positions": 1,
        "dip_threshold_pct": 10.25496561188073,
        "r2_trend_min": 0.6222643119383171,
        "w_momentum": 0.0728,
        "w_mean_reversion": 0.2643,
        "w_volume": 0.1149,
        "w_trend": 0.3082,
        "w_pattern": 0.2398
      }
    },
    {
      "annual_return": 129.7688,
      "max_drawdown": 35.82,
      "win_rate": 44.3011,
      "sharpe": 1.7123,
      "calmar": 3.6228,
      "total_trades": 465,
      "profit_factor": 1.2662,
      "fitness": 32.3706,
      "dna": {
        "min_score": 5,
        "rsi_buy_threshold": 29.25880834708965,
        "rsi_sell_threshold": 95.0,
        "r2_min": 0.5507923084215073,
        "slope_min": 0.9244080752397799,
        "volume_ratio_min": 1.4744605352257365,
        "hold_days": 1,
        "stop_loss_pct": 3.1541884576290258,
        "take_profit_pct": 20.570900259788274,
        "max_positions": 1,
        "dip_threshold_pct": 7.469657937079663,
        "r2_trend_min": 0.764429976525641,
        "w_momentum": 0.0817,
        "w_mean_reversion": 0.2966,
        "w_volume": 0.1289,
        "w_trend": 0.3003,
        "w_pattern": 0.1925
      }
    },
    {
      "annual_return": 104.0127,
      "max_drawdown": 38.5308,
      "win_rate": 48.8172,
      "sharpe": 1.5078,
      "calmar": 2.6995,
      "total_trades": 465,
      "profit_factor": 1.1518,
      "fitness": 24.5487,
      "dna": {
        "min_score": 3,
        "rsi_buy_threshold": 22.34397662864169,
        "rsi_sell_threshold": 83.35483068791683,
        "r2_min": 0.7025978121311905,
        "slope_min": 0.7249108327104525,
        "volume_ratio_min": 1.3099871899358164,
        "hold_days": 1,
        "stop_loss_pct": 3.6733386255556564,
        "take_profit_pct": 15.790220737391236,
        "max_positions": 1,
        "dip_threshold_pct": 10.25496561188073,
        "r2_trend_min": 0.6222643119383171,
        "w_momentum": 0.0942,
        "w_mean_reversion": 0.2712,
        "w_volume": 0.1179,
        "w_trend": 0.2705,
        "w_pattern": 0.2461
      }
    }
  ]
}