{
  "generation": 549,
  "timestamp": "2026-03-20T17:01:40",
  "results": [
    {
      "annual_return": 91.8403,
      "max_drawdown": 15.8268,
      "win_rate": 46.9828,
      "sharpe": 2.021,
      "calmar": 5.8028,
      "total_trades": 232,
      "profit_factor": 1.5145,
      "fitness": 55.8521,
      "dna": {
        "min_score": 1,
        "rsi_buy_threshold": 39.09446683443297,
        "rsi_sell_threshold": 69.58899893134914,
        "r2_min": 0.6440903474602153,
        "slope_min": 0.6129575901378097,
        "volume_ratio_min": 2.9981781598311676,
        "hold_days": 2,
        "stop_loss_pct": 2.037200522444745,
        "take_profit_pct": 9.70976186076401,
        "max_positions": 1,
        "dip_threshold_pct": 3.0,
        "r2_trend_min": 0.2,
        "w_momentum": 0.01,
        "w_mean_reversion": 0.7154,
        "w_volume": 0.2012,
        "w_trend": 0.023,
        "w_pattern": 0.0504
      }
    },
    {
      "annual_return": 93.0963,
      "max_drawdown": 18.0764,
      "win_rate": 46.1207,
      "sharpe": 2.0819,
      "calmar": 5.1502,
      "total_trades": 232,
      "profit_factor": 1.5669,
      "fitness": 49.5387,
      "dna": {
        "min_score": 1,
        "rsi_buy_threshold": 30.78907993115112,
        "rsi_sell_threshold": 69.8061953197106,
        "r2_min": 0.7026712547184518,
        "slope_min": 0.3398507302529466,
        "volume_ratio_min": 4.0913997258949815,
        "hold_days": 2,
        "stop_loss_pct": 2.401796560744368,
        "take_profit_pct": 7.479465432957992,
        "max_positions": 1,
        "dip_threshold_pct": 3.422092405014218,
        "r2_trend_min": 0.261753159755522,
        "w_momentum": 0.0015,
        "w_mean_reversion": 0.6366,
        "w_volume": 0.3517,
        "w_trend": 0.0065,
        "w_pattern": 0.0037
      }
    },
    {
      "annual_return": 116.6707,
      "max_drawdown": 26.1824,
      "win_rate": 45.2586,
      "sharpe": 2.4383,
      "calmar": 4.4561,
      "total_trades": 232,
      "profit_factor": 1.6271,
      "fitness": 44.5971,
      "dna": {
        "min_score": 1,
        "rsi_buy_threshold": 29.38183901932211,
        "rsi_sell_threshold": 55.0,
        "r2_min": 0.7841129703012084,
        "slope_min": 0.4124183467324943,
        "volume_ratio_min": 4.0913997258949815,
        "hold_days": 2,
        "stop_loss_pct": 2.0088349615233634,
        "take_profit_pct": 7.479465432957992,
        "max_positions": 1,
        "dip_threshold_pct": 4.31616095946012,
        "r2_trend_min": 0.23452201015381632,
        "w_momentum": 0.0104,
        "w_mean_reversion": 0.6422,
        "w_volume": 0.3207,
        "w_trend": 0.0053,
        "w_pattern": 0.0214
      }
    },
    {
      "annual_return": 76.5072,
      "max_drawdown": 16.1621,
      "win_rate": 41.1255,
      "sharpe": 1.7635,
      "calmar": 4.7337,
      "total_trades": 231,
      "profit_factor": 1.4279,
      "fitness": 41.0639,
      "dna": {
        "min_score": 1,
        "rsi_buy_threshold": 39.09446683443297,
        "rsi_sell_threshold": 55.0,
        "r2_min": 0.8180886917096526,
        "slope_min": 0.6129575901378097,
        "volume_ratio_min": 3.5216524204126483,
        "hold_days": 2,
        "stop_loss_pct": 2.037200522444745,
        "take_profit_pct": 9.70976186076401,
        "max_positions": 1,
        "dip_threshold_pct": 3.0,
        "r2_trend_min": 0.24924328999911155,
        "w_momentum": 0.0086,
        "w_mean_reversion": 0.7808,
        "w_volume": 0.1673,
        "w_trend": 0.0197,
        "w_pattern": 0.0236
      }
    },
    {
      "annual_return": 76.96,
      "max_drawdown": 18.3761,
      "win_rate": 47.3913,
      "sharpe": 1.8947,
      "calmar": 4.188,
      "total_trades": 230,
      "profit_factor": 1.5018,
      "fitness": 39.7562,
      "dna": {
        "min_score": 1,
        "rsi_buy_threshold": 39.09446683443297,
        "rsi_sell_threshold": 64.94352949300091,
        "r2_min": 0.8180886917096526,
        "slope_min": 0.6129575901378097,
        "volume_ratio_min": 3.5216524204126483,
        "hold_days": 2,
        "stop_loss_pct": 2.037200522444745,
        "take_profit_pct": 12.610500520656528,
        "max_positions": 1,
        "dip_threshold_pct": 3.3596707573579225,
        "r2_trend_min": 0.20617985060025024,
        "w_momentum": 0.0207,
        "w_mean_reversion": 0.7344,
        "w_volume": 0.1858,
        "w_trend": 0.0219,
        "w_pattern": 0.0373
      }
    }
  ]
}