{
  "generation": 579,
  "timestamp": "2026-03-20T17:15:52",
  "results": [
    {
      "annual_return": 155.6708,
      "max_drawdown": 22.6252,
      "win_rate": 43.1034,
      "sharpe": 2.2756,
      "calmar": 6.8804,
      "total_trades": 232,
      "profit_factor": 2.1187,
      "fitness": 65.7312,
      "dna": {
        "min_score": 1,
        "rsi_buy_threshold": 29.31400450797112,
        "rsi_sell_threshold": 74.8367177468487,
        "r2_min": 0.5849375080928747,
        "slope_min": 0.3085085453259314,
        "volume_ratio_min": 2.7042338935310215,
        "hold_days": 2,
        "stop_loss_pct": 2.2923889423888273,
        "take_profit_pct": 17.30203071451068,
        "max_positions": 1,
        "dip_threshold_pct": 5.671310271333891,
        "r2_trend_min": 0.2,
        "w_momentum": 0.0094,
        "w_mean_reversion": 0.4686,
        "w_volume": 0.4526,
        "w_trend": 0.0465,
        "w_pattern": 0.0229
      }
    },
    {
      "annual_return": 160.7063,
      "max_drawdown": 25.6163,
      "win_rate": 46.1207,
      "sharpe": 2.3187,
      "calmar": 6.2736,
      "total_trades": 232,
      "profit_factor": 1.9976,
      "fitness": 62.3632,
      "dna": {
        "min_score": 1,
        "rsi_buy_threshold": 43.82074664292894,
        "rsi_sell_threshold": 74.8367177468487,
        "r2_min": 0.6592167271349672,
        "slope_min": 0.4146336984106006,
        "volume_ratio_min": 3.355328134202294,
        "hold_days": 2,
        "stop_loss_pct": 2.2950430365121886,
        "take_profit_pct": 17.30203071451068,
        "max_positions": 1,
        "dip_threshold_pct": 5.391383574227674,
        "r2_trend_min": 0.2,
        "w_momentum": 0.0088,
        "w_mean_reversion": 0.5146,
        "w_volume": 0.422,
        "w_trend": 0.0433,
        "w_pattern": 0.0112
      }
    },
    {
      "annual_return": 100.1356,
      "max_drawdown": 22.0904,
      "win_rate": 46.6321,
      "sharpe": 1.7047,
      "calmar": 4.533,
      "total_trades": 193,
      "profit_factor": 1.5198,
      "fitness": 41.5085,
      "dna": {
        "min_score": 1,
        "rsi_buy_threshold": 47.98462627668773,
        "rsi_sell_threshold": 55.0,
        "r2_min": 0.6870374917762954,
        "slope_min": 0.36484090503020117,
        "volume_ratio_min": 4.019899524664761,
        "hold_days": 2,
        "stop_loss_pct": 3.4199562838827546,
        "take_profit_pct": 12.458125690452906,
        "max_positions": 1,
        "dip_threshold_pct": 5.391383574227674,
        "r2_trend_min": 0.2,
        "w_momentum": 0.0,
        "w_mean_reversion": 0.4931,
        "w_volume": 0.4493,
        "w_trend": 0.0385,
        "w_pattern": 0.0191
      }
    },
    {
      "annual_return": 81.4586,
      "max_drawdown": 16.944,
      "win_rate": 38.3621,
      "sharpe": 1.7612,
      "calmar": 4.8075,
      "total_trades": 232,
      "profit_factor": 1.6314,
      "fitness": 40.2649,
      "dna": {
        "min_score": 1,
        "rsi_buy_threshold": 43.9321441804581,
        "rsi_sell_threshold": 61.15327767597753,
        "r2_min": 0.5733838092825638,
        "slope_min": 0.27020673879465795,
        "volume_ratio_min": 2.6027866548724603,
        "hold_days": 2,
        "stop_loss_pct": 1.6080834399953265,
        "take_profit_pct": 17.30203071451068,
        "max_positions": 1,
        "dip_threshold_pct": 5.391383574227674,
        "r2_trend_min": 0.3435487689417092,
        "w_momentum": 0.0079,
        "w_mean_reversion": 0.5363,
        "w_volume": 0.4062,
        "w_trend": 0.0306,
        "w_pattern": 0.0191
      }
    },
    {
      "annual_return": 109.708,
      "max_drawdown": 24.6366,
      "win_rate": 40.6926,
      "sharpe": 1.9755,
      "calmar": 4.453,
      "total_trades": 231,
      "profit_factor": 1.8244,
      "fitness": 39.6294,
      "dna": {
        "min_score": 1,
        "rsi_buy_threshold": 50.0,
        "rsi_sell_threshold": 82.865704792725,
        "r2_min": 0.433922051404214,
        "slope_min": 0.4081014460160871,
        "volume_ratio_min": 2.273037686197526,
        "hold_days": 2,
        "stop_loss_pct": 1.9968428276480326,
        "take_profit_pct": 11.341377892500457,
        "max_positions": 1,
        "dip_threshold_pct": 9.735010980667248,
        "r2_trend_min": 0.2,
        "w_momentum": 0.0,
        "w_mean_reversion": 0.7241,
        "w_volume": 0.2662,
        "w_trend": 0.0097,
        "w_pattern": 0.0
      }
    }
  ]
}