{
  "generation": 829,
  "timestamp": "2026-03-20T19:23:26",
  "results": [
    {
      "annual_return": 219.7165,
      "max_drawdown": 19.18,
      "win_rate": 29.3103,
      "sharpe": 2.318,
      "calmar": 11.4555,
      "total_trades": 232,
      "profit_factor": 2.0476,
      "fitness": 90.7703,
      "dna": {
        "min_score": 1,
        "rsi_buy_threshold": 50.0,
        "rsi_sell_threshold": 95.0,
        "r2_min": 0.4727219413842123,
        "slope_min": 0.2793140110077497,
        "volume_ratio_min": 1.5942493605368397,
        "hold_days": 2,
        "stop_loss_pct": 1.4613795457367917,
        "take_profit_pct": 22.977531901445992,
        "max_positions": 1,
        "dip_threshold_pct": 30.0,
        "r2_trend_min": 0.3122633980012201,
        "w_momentum": 0.0085,
        "w_mean_reversion": 0.5218,
        "w_volume": 0.2984,
        "w_trend": 0.1044,
        "w_pattern": 0.0669
      }
    },
    {
      "annual_return": 126.0212,
      "max_drawdown": 16.9253,
      "win_rate": 33.3333,
      "sharpe": 1.7333,
      "calmar": 7.4457,
      "total_trades": 33,
      "profit_factor": 1.4717,
      "fitness": 57.8899,
      "dna": {
        "min_score": 1,
        "rsi_buy_threshold": 50.0,
        "rsi_sell_threshold": 95.0,
        "r2_min": 0.330690232201831,
        "slope_min": 0.3553783180293558,
        "volume_ratio_min": 1.3533955868653316,
        "hold_days": 2,
        "stop_loss_pct": 1.9066860426536745,
        "take_profit_pct": 26.133277181832838,
        "max_positions": 1,
        "dip_threshold_pct": 18.405052091567327,
        "r2_trend_min": 0.34425798682130065,
        "w_momentum": 0.0095,
        "w_mean_reversion": 0.5382,
        "w_volume": 0.2908,
        "w_trend": 0.1154,
        "w_pattern": 0.0462
      }
    },
    {
      "annual_return": 129.2051,
      "max_drawdown": 26.726,
      "win_rate": 41.048,
      "sharpe": 1.8656,
      "calmar": 4.8344,
      "total_trades": 229,
      "profit_factor": 1.7552,
      "fitness": 42.5303,
      "dna": {
        "min_score": 1,
        "rsi_buy_threshold": 50.0,
        "rsi_sell_threshold": 95.0,
        "r2_min": 0.3914015959623221,
        "slope_min": 0.3553783180293558,
        "volume_ratio_min": 1.8004196049175016,
        "hold_days": 2,
        "stop_loss_pct": 2.4731602132124375,
        "take_profit_pct": 32.17172884559205,
        "max_positions": 1,
        "dip_threshold_pct": 13.031772923806582,
        "r2_trend_min": 0.34425798682130065,
        "w_momentum": 0.0104,
        "w_mean_reversion": 0.5794,
        "w_volume": 0.265,
        "w_trend": 0.0914,
        "w_pattern": 0.0538
      }
    },
    {
      "annual_return": 108.2437,
      "max_drawdown": 22.7133,
      "win_rate": 33.6207,
      "sharpe": 1.9424,
      "calmar": 4.7657,
      "total_trades": 232,
      "profit_factor": 1.5573,
      "fitness": 38.3678,
      "dna": {
        "min_score": 1,
        "rsi_buy_threshold": 50.0,
        "rsi_sell_threshold": 95.0,
        "r2_min": 0.403434725381454,
        "slope_min": 0.23799167756521372,
        "volume_ratio_min": 1.5942493605368397,
        "hold_days": 2,
        "stop_loss_pct": 1.4613795457367917,
        "take_profit_pct": 22.977531901445992,
        "max_positions": 1,
        "dip_threshold_pct": 30.0,
        "r2_trend_min": 0.28069396018113457,
        "w_momentum": 0.0097,
        "w_mean_reversion": 0.5919,
        "w_volume": 0.2385,
        "w_trend": 0.095,
        "w_pattern": 0.0649
      }
    },
    {
      "annual_return": 66.9487,
      "max_drawdown": 14.1312,
      "win_rate": 33.1897,
      "sharpe": 1.5699,
      "calmar": 4.7377,
      "total_trades": 232,
      "profit_factor": 1.452,
      "fitness": 35.8633,
      "dna": {
        "min_score": 1,
        "rsi_buy_threshold": 41.11194114391988,
        "rsi_sell_threshold": 70.49193580621349,
        "r2_min": 0.6079839888725419,
        "slope_min": 0.2793140110077497,
        "volume_ratio_min": 0.8376140664387792,
        "hold_days": 2,
        "stop_loss_pct": 1.2288367995739269,
        "take_profit_pct": 17.183148493301324,
        "max_positions": 1,
        "dip_threshold_pct": 30.0,
        "r2_trend_min": 0.43196284030232335,
        "w_momentum": 0.0107,
        "w_mean_reversion": 0.5289,
        "w_volume": 0.288,
        "w_trend": 0.0966,
        "w_pattern": 0.0758
      }
    }
  ]
}