{
  "generation": 1249,
  "timestamp": "2026-03-20T22:36:32",
  "results": [
    {
      "annual_return": 308.7067,
      "max_drawdown": 8.9914,
      "win_rate": 43.5294,
      "sharpe": 3.5904,
      "calmar": 34.3336,
      "total_trades": 85,
      "profit_factor": 2.2171,
      "fitness": 389.1827,
      "dna": {
        "min_score": 1,
        "rsi_buy_threshold": 25.62134391359635,
        "rsi_sell_threshold": 67.07125911807528,
        "r2_min": 0.19024597061031492,
        "slope_min": 0.5441260138587048,
        "volume_ratio_min": 1.109026103999658,
        "hold_days": 2,
        "stop_loss_pct": 1.5189233130355766,
        "take_profit_pct": 9.403984250049298,
        "max_positions": 1,
        "dip_threshold_pct": 12.756114193279146,
        "r2_trend_min": 0.8366056984315099,
        "w_momentum": 0.0,
        "w_mean_reversion": 0.5726,
        "w_volume": 0.41,
        "w_trend": 0.0074,
        "w_pattern": 0.0099
      }
    },
    {
      "annual_return": 96.3339,
      "max_drawdown": 11.9384,
      "win_rate": 42.6724,
      "sharpe": 2.3499,
      "calmar": 8.0692,
      "total_trades": 232,
      "profit_factor": 1.7729,
      "fitness": 77.4846,
      "dna": {
        "min_score": 1,
        "rsi_buy_threshold": 21.759091868951497,
        "rsi_sell_threshold": 59.78624282471621,
        "r2_min": 0.19024597061031492,
        "slope_min": 0.5441260138587048,
        "volume_ratio_min": 1.5603982340277753,
        "hold_days": 2,
        "stop_loss_pct": 1.4504022112463266,
        "take_profit_pct": 9.403984250049298,
        "max_positions": 1,
        "dip_threshold_pct": 12.756114193279146,
        "r2_trend_min": 0.6182141959460917,
        "w_momentum": 0.0,
        "w_mean_reversion": 0.5715,
        "w_volume": 0.4209,
        "w_trend": 0.0076,
        "w_pattern": 0.0
      }
    },
    {
      "annual_return": 93.5286,
      "max_drawdown": 15.5245,
      "win_rate": 29.4372,
      "sharpe": 2.2162,
      "calmar": 6.0246,
      "total_trades": 231,
      "profit_factor": 1.8924,
      "fitness": 47.1755,
      "dna": {
        "min_score": 1,
        "rsi_buy_threshold": 27.64472079579597,
        "rsi_sell_threshold": 87.1899952518151,
        "r2_min": 0.1262598494278828,
        "slope_min": 0.6465265875659056,
        "volume_ratio_min": 1.5469492971725063,
        "hold_days": 2,
        "stop_loss_pct": 0.879580098589196,
        "take_profit_pct": 10.610976677792488,
        "max_positions": 1,
        "dip_threshold_pct": 7.510446837090449,
        "r2_trend_min": 0.527582118133341,
        "w_momentum": 0.0099,
        "w_mean_reversion": 0.6282,
        "w_volume": 0.3189,
        "w_trend": 0.043,
        "w_pattern": 0.0
      }
    },
    {
      "annual_return": 90.6028,
      "max_drawdown": 15.4527,
      "win_rate": 29.4372,
      "sharpe": 2.2616,
      "calmar": 5.8632,
      "total_trades": 231,
      "profit_factor": 1.9602,
      "fitness": 46.2002,
      "dna": {
        "min_score": 1,
        "rsi_buy_threshold": 22.090583591371207,
        "rsi_sell_threshold": 95.0,
        "r2_min": 0.1262598494278828,
        "slope_min": 0.6465265875659056,
        "volume_ratio_min": 1.5469492971725063,
        "hold_days": 2,
        "stop_loss_pct": 0.879580098589196,
        "take_profit_pct": 8.897149623175084,
        "max_positions": 1,
        "dip_threshold_pct": 7.510446837090449,
        "r2_trend_min": 0.527582118133341,
        "w_momentum": 0.0,
        "w_mean_reversion": 0.6345,
        "w_volume": 0.3221,
        "w_trend": 0.0434,
        "w_pattern": 0.0
      }
    },
    {
      "annual_return": 99.2746,
      "max_drawdown": 18.3053,
      "win_rate": 34.9138,
      "sharpe": 2.0082,
      "calmar": 5.4233,
      "total_trades": 232,
      "profit_factor": 1.7021,
      "fitness": 44.9155,
      "dna": {
        "min_score": 1,
        "rsi_buy_threshold": 30.96884893842987,
        "rsi_sell_threshold": 67.07125911807528,
        "r2_min": 0.21920947237166705,
        "slope_min": 0.5441260138587048,
        "volume_ratio_min": 1.109026103999658,
        "hold_days": 2,
        "stop_loss_pct": 1.2650639308826568,
        "take_profit_pct": 14.848835261912974,
        "max_positions": 1,
        "dip_threshold_pct": 12.756114193279146,
        "r2_trend_min": 0.6467635302463595,
        "w_momentum": 0.0,
        "w_mean_reversion": 0.6438,
        "w_volume": 0.3364,
        "w_trend": 0.0198,
        "w_pattern": 0.0
      }
    }
  ]
}