{
  "generation": 199,
  "timestamp": "2026-03-20T14:25:23",
  "results": [
    {
      "annual_return": 136.4183,
      "max_drawdown": 34.4205,
      "win_rate": 51.7241,
      "sharpe": 1.7496,
      "calmar": 3.9633,
      "total_trades": 232,
      "profit_factor": 1.3893,
      "fitness": 38.4777,
      "dna": {
        "min_score": 1,
        "rsi_buy_threshold": 50.0,
        "rsi_sell_threshold": 65.56325356474767,
        "r2_min": 0.1,
        "slope_min": 0.13490067561711208,
        "volume_ratio_min": 1.0241051833294803,
        "hold_days": 2,
        "stop_loss_pct": 7.488702663156352,
        "take_profit_pct": 30.426564706264116,
        "max_positions": 1,
        "dip_threshold_pct": 26.013145488699017,
        "r2_trend_min": 0.27062178712803553,
        "w_momentum": 0.0,
        "w_mean_reversion": 0.1987,
        "w_volume": 0.0474,
        "w_trend": 0.0079,
        "w_pattern": 0.746
      }
    },
    {
      "annual_return": 117.1821,
      "max_drawdown": 32.953,
      "win_rate": 54.3103,
      "sharpe": 1.6057,
      "calmar": 3.556,
      "total_trades": 232,
      "profit_factor": 1.5,
      "fitness": 34.6225,
      "dna": {
        "min_score": 1,
        "rsi_buy_threshold": 50.0,
        "rsi_sell_threshold": 65.56325356474767,
        "r2_min": 0.11815966440264865,
        "slope_min": 0.13490067561711208,
        "volume_ratio_min": 1.5810574976116405,
        "hold_days": 2,
        "stop_loss_pct": 7.488702663156352,
        "take_profit_pct": 30.426564706264116,
        "max_positions": 1,
        "dip_threshold_pct": 30.0,
        "r2_trend_min": 0.2,
        "w_momentum": 0.007,
        "w_mean_reversion": 0.2678,
        "w_volume": 0.0585,
        "w_trend": 0.0154,
        "w_pattern": 0.6513
      }
    },
    {
      "annual_return": 114.079,
      "max_drawdown": 35.0925,
      "win_rate": 54.7414,
      "sharpe": 1.6607,
      "calmar": 3.2508,
      "total_trades": 232,
      "profit_factor": 1.3382,
      "fitness": 32.0407,
      "dna": {
        "min_score": 1,
        "rsi_buy_threshold": 43.04649786908457,
        "rsi_sell_threshold": 62.453807961687055,
        "r2_min": 0.11815966440264865,
        "slope_min": 0.16891236972200588,
        "volume_ratio_min": 1.2605347409749013,
        "hold_days": 2,
        "stop_loss_pct": 8.596688307470968,
        "take_profit_pct": 23.512040836043628,
        "max_positions": 1,
        "dip_threshold_pct": 25.11235213753133,
        "r2_trend_min": 0.2225607996912739,
        "w_momentum": 0.0058,
        "w_mean_reversion": 0.2241,
        "w_volume": 0.0553,
        "w_trend": 0.0219,
        "w_pattern": 0.693
      }
    },
    {
      "annual_return": 131.2246,
      "max_drawdown": 41.3512,
      "win_rate": 51.7241,
      "sharpe": 1.8201,
      "calmar": 3.1734,
      "total_trades": 232,
      "profit_factor": 1.273,
      "fitness": 31.131,
      "dna": {
        "min_score": 1,
        "rsi_buy_threshold": 50.0,
        "rsi_sell_threshold": 55.0,
        "r2_min": 0.13741429244547843,
        "slope_min": 0.16891236972200588,
        "volume_ratio_min": 1.4361809434198813,
        "hold_days": 2,
        "stop_loss_pct": 7.488702663156352,
        "take_profit_pct": 30.426564706264116,
        "max_positions": 1,
        "dip_threshold_pct": 30.0,
        "r2_trend_min": 0.27062178712803553,
        "w_momentum": 0.0067,
        "w_mean_reversion": 0.258,
        "w_volume": 0.0825,
        "w_trend": 0.0252,
        "w_pattern": 0.6276
      }
    },
    {
      "annual_return": 85.1342,
      "max_drawdown": 26.9013,
      "win_rate": 52.1552,
      "sharpe": 1.5044,
      "calmar": 3.1647,
      "total_trades": 232,
      "profit_factor": 1.2864,
      "fitness": 29.7314,
      "dna": {
        "min_score": 1,
        "rsi_buy_threshold": 50.0,
        "rsi_sell_threshold": 80.52046583901486,
        "r2_min": 0.10756558927088558,
        "slope_min": 0.11471755282257279,
        "volume_ratio_min": 1.516826491012678,
        "hold_days": 2,
        "stop_loss_pct": 5.402754900275687,
        "take_profit_pct": 33.67370120281326,
        "max_positions": 1,
        "dip_threshold_pct": 23.708645453464143,
        "r2_trend_min": 0.2615432400867115,
        "w_momentum": 0.0099,
        "w_mean_reversion": 0.1959,
        "w_volume": 0.0843,
        "w_trend": 0.0147,
        "w_pattern": 0.6952
      }
    }
  ]
}