{
  "generation": 759,
  "timestamp": "2026-03-20T18:51:12",
  "results": [
    {
      "annual_return": 211.371,
      "max_drawdown": 15.7462,
      "win_rate": 40.9483,
      "sharpe": 2.7722,
      "calmar": 13.4237,
      "total_trades": 232,
      "profit_factor": 2.1365,
      "fitness": 133.5242,
      "dna": {
        "min_score": 1,
        "rsi_buy_threshold": 41.10099313984941,
        "rsi_sell_threshold": 63.415974731244646,
        "r2_min": 0.6058744347171536,
        "slope_min": 0.3091268173547292,
        "volume_ratio_min": 0.9446316582014262,
        "hold_days": 2,
        "stop_loss_pct": 1.5537952365108545,
        "take_profit_pct": 21.1641464813069,
        "max_positions": 1,
        "dip_threshold_pct": 3.8350469255521125,
        "r2_trend_min": 0.28944835202925967,
        "w_momentum": 0.0,
        "w_mean_reversion": 0.5369,
        "w_volume": 0.3746,
        "w_trend": 0.0785,
        "w_pattern": 0.0101
      }
    },
    {
      "annual_return": 161.3851,
      "max_drawdown": 13.2052,
      "win_rate": 39.6552,
      "sharpe": 2.3752,
      "calmar": 12.2213,
      "total_trades": 232,
      "profit_factor": 1.9622,
      "fitness": 113.5193,
      "dna": {
        "min_score": 1,
        "rsi_buy_threshold": 34.71672317853391,
        "rsi_sell_threshold": 95.0,
        "r2_min": 0.6264725849641174,
        "slope_min": 0.303012728244663,
        "volume_ratio_min": 5.0,
        "hold_days": 2,
        "stop_loss_pct": 1.4097880832330545,
        "take_profit_pct": 24.38044049338836,
        "max_positions": 1,
        "dip_threshold_pct": 3.305101210856056,
        "r2_trend_min": 0.2,
        "w_momentum": 0.0001,
        "w_mean_reversion": 0.6119,
        "w_volume": 0.3223,
        "w_trend": 0.0549,
        "w_pattern": 0.0108
      }
    },
    {
      "annual_return": 130.3082,
      "max_drawdown": 13.4916,
      "win_rate": 33.3333,
      "sharpe": 2.1221,
      "calmar": 9.6585,
      "total_trades": 231,
      "profit_factor": 1.7792,
      "fitness": 79.4298,
      "dna": {
        "min_score": 1,
        "rsi_buy_threshold": 48.744757347055106,
        "rsi_sell_threshold": 71.0817729700686,
        "r2_min": 0.4993433145886149,
        "slope_min": 0.303012728244663,
        "volume_ratio_min": 1.3003307375312492,
        "hold_days": 2,
        "stop_loss_pct": 1.4097880832330545,
        "take_profit_pct": 29.92994294961221,
        "max_positions": 1,
        "dip_threshold_pct": 3.0,
        "r2_trend_min": 0.2267760008681226,
        "w_momentum": 0.0107,
        "w_mean_reversion": 0.5687,
        "w_volume": 0.3595,
        "w_trend": 0.051,
        "w_pattern": 0.0101
      }
    },
    {
      "annual_return": 129.9977,
      "max_drawdown": 18.1618,
      "win_rate": 44.1558,
      "sharpe": 2.3429,
      "calmar": 7.1577,
      "total_trades": 231,
      "profit_factor": 1.9206,
      "fitness": 69.8498,
      "dna": {
        "min_score": 1,
        "rsi_buy_threshold": 40.67117153236229,
        "rsi_sell_threshold": 55.0,
        "r2_min": 0.4993433145886149,
        "slope_min": 0.303012728244663,
        "volume_ratio_min": 1.3003307375312492,
        "hold_days": 2,
        "stop_loss_pct": 1.6577506344616229,
        "take_profit_pct": 24.38044049338836,
        "max_positions": 1,
        "dip_threshold_pct": 3.7183320284013104,
        "r2_trend_min": 0.2,
        "w_momentum": 0.0114,
        "w_mean_reversion": 0.6049,
        "w_volume": 0.3187,
        "w_trend": 0.0543,
        "w_pattern": 0.0107
      }
    },
    {
      "annual_return": 138.9596,
      "max_drawdown": 19.355,
      "win_rate": 37.931,
      "sharpe": 2.426,
      "calmar": 7.1795,
      "total_trades": 232,
      "profit_factor": 1.869,
      "fitness": 65.6713,
      "dna": {
        "min_score": 1,
        "rsi_buy_threshold": 50.0,
        "rsi_sell_threshold": 55.14560011092352,
        "r2_min": 0.6558512474790477,
        "slope_min": 0.29112373594182106,
        "volume_ratio_min": 4.3553882076193835,
        "hold_days": 2,
        "stop_loss_pct": 1.7833987585096795,
        "take_profit_pct": 8.29006805480483,
        "max_positions": 1,
        "dip_threshold_pct": 3.0,
        "r2_trend_min": 0.2289827053892824,
        "w_momentum": 0.0001,
        "w_mean_reversion": 0.553,
        "w_volume": 0.4368,
        "w_trend": 0.0,
        "w_pattern": 0.0101
      }
    }
  ]
}