{
  "generation": 1009,
  "timestamp": "2026-03-20T20:55:25",
  "results": [
    {
      "annual_return": 151.0308,
      "max_drawdown": 25.485,
      "win_rate": 52.381,
      "sharpe": 2.0548,
      "calmar": 5.9263,
      "total_trades": 231,
      "profit_factor": 1.5158,
      "fitness": 60.5177,
      "dna": {
        "min_score": 1,
        "rsi_buy_threshold": 50.0,
        "rsi_sell_threshold": 95.0,
        "r2_min": 0.1,
        "slope_min": 0.11239920328085927,
        "volume_ratio_min": 1.0476042135214871,
        "hold_days": 2,
        "stop_loss_pct": 9.629931555803932,
        "take_profit_pct": 8.981462747432563,
        "max_positions": 1,
        "dip_threshold_pct": 25.797209975938475,
        "r2_trend_min": 0.2,
        "w_momentum": 0.0,
        "w_mean_reversion": 0.2824,
        "w_volume": 0.6289,
        "w_trend": 0.0808,
        "w_pattern": 0.0079
      }
    },
    {
      "annual_return": 145.8177,
      "max_drawdown": 25.3597,
      "win_rate": 51.7241,
      "sharpe": 1.9783,
      "calmar": 5.75,
      "total_trades": 232,
      "profit_factor": 1.4385,
      "fitness": 57.7154,
      "dna": {
        "min_score": 1,
        "rsi_buy_threshold": 50.0,
        "rsi_sell_threshold": 91.98507237425734,
        "r2_min": 0.1,
        "slope_min": 0.11239920328085927,
        "volume_ratio_min": 1.0476042135214871,
        "hold_days": 2,
        "stop_loss_pct": 9.629931555803932,
        "take_profit_pct": 8.981462747432563,
        "max_positions": 1,
        "dip_threshold_pct": 25.797209975938475,
        "r2_trend_min": 0.2,
        "w_momentum": 0.0,
        "w_mean_reversion": 0.2412,
        "w_volume": 0.6651,
        "w_trend": 0.0854,
        "w_pattern": 0.0084
      }
    },
    {
      "annual_return": 167.8213,
      "max_drawdown": 42.1654,
      "win_rate": 53.0172,
      "sharpe": 2.3043,
      "calmar": 3.9801,
      "total_trades": 232,
      "profit_factor": 1.8387,
      "fitness": 42.3356,
      "dna": {
        "min_score": 1,
        "rsi_buy_threshold": 50.0,
        "rsi_sell_threshold": 76.93836036961096,
        "r2_min": 0.1,
        "slope_min": 0.11239920328085927,
        "volume_ratio_min": 1.0476042135214871,
        "hold_days": 2,
        "stop_loss_pct": 9.629931555803932,
        "take_profit_pct": 8.981462747432563,
        "max_positions": 1,
        "dip_threshold_pct": 25.797209975938475,
        "r2_trend_min": 0.2,
        "w_momentum": 0.0,
        "w_mean_reversion": 0.2412,
        "w_volume": 0.665,
        "w_trend": 0.0854,
        "w_pattern": 0.0084
      }
    },
    {
      "annual_return": 102.9424,
      "max_drawdown": 27.2121,
      "win_rate": 50.431,
      "sharpe": 1.7374,
      "calmar": 3.783,
      "total_trades": 232,
      "profit_factor": 1.4489,
      "fitness": 36.1994,
      "dna": {
        "min_score": 1,
        "rsi_buy_threshold": 50.0,
        "rsi_sell_threshold": 95.0,
        "r2_min": 0.141963013656357,
        "slope_min": 0.11239920328085927,
        "volume_ratio_min": 1.0476042135214871,
        "hold_days": 2,
        "stop_loss_pct": 7.678899566949493,
        "take_profit_pct": 10.56921776825444,
        "max_positions": 1,
        "dip_threshold_pct": 25.797209975938475,
        "r2_trend_min": 0.2722157564713327,
        "w_momentum": 0.0124,
        "w_mean_reversion": 0.4307,
        "w_volume": 0.4694,
        "w_trend": 0.069,
        "w_pattern": 0.0185
      }
    },
    {
      "annual_return": 105.6684,
      "max_drawdown": 28.1951,
      "win_rate": 48.2759,
      "sharpe": 1.7016,
      "calmar": 3.7478,
      "total_trades": 232,
      "profit_factor": 1.4608,
      "fitness": 34.9015,
      "dna": {
        "min_score": 1,
        "rsi_buy_threshold": 50.0,
        "rsi_sell_threshold": 95.0,
        "r2_min": 0.141963013656357,
        "slope_min": 0.11239920328085927,
        "volume_ratio_min": 1.0476042135214871,
        "hold_days": 2,
        "stop_loss_pct": 7.678899566949493,
        "take_profit_pct": 10.56921776825444,
        "max_positions": 1,
        "dip_threshold_pct": 25.797209975938475,
        "r2_trend_min": 0.21117360293422105,
        "w_momentum": 0.0,
        "w_mean_reversion": 0.4139,
        "w_volume": 0.5155,
        "w_trend": 0.0557,
        "w_pattern": 0.0149
      }
    }
  ]
}