{
  "generation": 259,
  "timestamp": "2026-03-20T14:48:09",
  "results": [
    {
      "annual_return": 222.0955,
      "max_drawdown": 20.1777,
      "win_rate": 54.7414,
      "sharpe": 2.5975,
      "calmar": 11.007,
      "total_trades": 232,
      "profit_factor": 1.7315,
      "fitness": 123.7439,
      "dna": {
        "min_score": 1,
        "rsi_buy_threshold": 32.9829021901092,
        "rsi_sell_threshold": 57.17735907875777,
        "r2_min": 0.1,
        "slope_min": 0.12332828472621461,
        "volume_ratio_min": 1.3869778108796043,
        "hold_days": 2,
        "stop_loss_pct": 9.14344997345663,
        "take_profit_pct": 10.100961824028799,
        "max_positions": 1,
        "dip_threshold_pct": 7.339737415084587,
        "r2_trend_min": 0.416454691645351,
        "w_momentum": 0.0,
        "w_mean_reversion": 0.1069,
        "w_volume": 0.1001,
        "w_trend": 0.0391,
        "w_pattern": 0.7539
      }
    },
    {
      "annual_return": 97.7648,
      "max_drawdown": 26.4439,
      "win_rate": 51.5152,
      "sharpe": 1.6838,
      "calmar": 3.6971,
      "total_trades": 231,
      "profit_factor": 1.4821,
      "fitness": 35.4716,
      "dna": {
        "min_score": 1,
        "rsi_buy_threshold": 21.532941368277665,
        "rsi_sell_threshold": 57.17735907875777,
        "r2_min": 0.1,
        "slope_min": 0.1393794035070067,
        "volume_ratio_min": 1.1421944472067904,
        "hold_days": 2,
        "stop_loss_pct": 8.19442604210665,
        "take_profit_pct": 10.100961824028799,
        "max_positions": 1,
        "dip_threshold_pct": 6.005462963297942,
        "r2_trend_min": 0.5075045781757163,
        "w_momentum": 0.0,
        "w_mean_reversion": 0.1103,
        "w_volume": 0.099,
        "w_trend": 0.0403,
        "w_pattern": 0.7504
      }
    },
    {
      "annual_return": 78.874,
      "max_drawdown": 21.0708,
      "win_rate": 50.431,
      "sharpe": 1.4664,
      "calmar": 3.7433,
      "total_trades": 232,
      "profit_factor": 1.3748,
      "fitness": 34.379,
      "dna": {
        "min_score": 1,
        "rsi_buy_threshold": 32.9829021901092,
        "rsi_sell_threshold": 70.91088580799229,
        "r2_min": 0.1,
        "slope_min": 0.12332828472621461,
        "volume_ratio_min": 1.1421944472067904,
        "hold_days": 2,
        "stop_loss_pct": 9.14344997345663,
        "take_profit_pct": 8.379709993579779,
        "max_positions": 1,
        "dip_threshold_pct": 4.615640031665263,
        "r2_trend_min": 0.416454691645351,
        "w_momentum": 0.0,
        "w_mean_reversion": 0.0955,
        "w_volume": 0.1019,
        "w_trend": 0.0296,
        "w_pattern": 0.773
      }
    },
    {
      "annual_return": 98.4305,
      "max_drawdown": 27.3456,
      "win_rate": 50.6494,
      "sharpe": 1.6837,
      "calmar": 3.5995,
      "total_trades": 231,
      "profit_factor": 1.4621,
      "fitness": 34.2434,
      "dna": {
        "min_score": 1,
        "rsi_buy_threshold": 24.39538376100812,
        "rsi_sell_threshold": 70.91088580799229,
        "r2_min": 0.1,
        "slope_min": 0.10148997806963836,
        "volume_ratio_min": 1.0257611334708938,
        "hold_days": 2,
        "stop_loss_pct": 10.0,
        "take_profit_pct": 10.10872521923164,
        "max_positions": 1,
        "dip_threshold_pct": 3.691227744122779,
        "r2_trend_min": 0.416454691645351,
        "w_momentum": 0.0,
        "w_mean_reversion": 0.1287,
        "w_volume": 0.145,
        "w_trend": 0.047,
        "w_pattern": 0.6793
      }
    },
    {
      "annual_return": 103.485,
      "max_drawdown": 35.9012,
      "win_rate": 51.2931,
      "sharpe": 1.8813,
      "calmar": 2.8825,
      "total_trades": 232,
      "profit_factor": 1.6704,
      "fitness": 28.4117,
      "dna": {
        "min_score": 1,
        "rsi_buy_threshold": 25.482131591884098,
        "rsi_sell_threshold": 57.17735907875777,
        "r2_min": 0.1,
        "slope_min": 0.1393794035070067,
        "volume_ratio_min": 1.1421944472067904,
        "hold_days": 2,
        "stop_loss_pct": 9.14344997345663,
        "take_profit_pct": 10.100961824028799,
        "max_positions": 1,
        "dip_threshold_pct": 6.005462963297942,
        "r2_trend_min": 0.416454691645351,
        "w_momentum": 0.0,
        "w_mean_reversion": 0.1103,
        "w_volume": 0.099,
        "w_trend": 0.0403,
        "w_pattern": 0.7504
      }
    }
  ]
}