{
  "generation": 119,
  "timestamp": "2026-03-20T13:56:13",
  "results": [
    {
      "annual_return": 187.5772,
      "max_drawdown": 28.2881,
      "win_rate": 49.569,
      "sharpe": 1.9812,
      "calmar": 6.631,
      "total_trades": 232,
      "profit_factor": 1.3773,
      "fitness": 65.1844,
      "dna": {
        "min_score": 1,
        "rsi_buy_threshold": 35.51954935366791,
        "rsi_sell_threshold": 95.0,
        "r2_min": 0.1858177304694645,
        "slope_min": 0.35593485431921795,
        "volume_ratio_min": 0.5668541524149526,
        "hold_days": 2,
        "stop_loss_pct": 8.13117179530418,
        "take_profit_pct": 15.08647048070532,
        "max_positions": 1,
        "dip_threshold_pct": 30.0,
        "r2_trend_min": 0.4756663323176284,
        "w_momentum": 0.0564,
        "w_mean_reversion": 0.1094,
        "w_volume": 0.056,
        "w_trend": 0.1881,
        "w_pattern": 0.5902
      }
    },
    {
      "annual_return": 109.01,
      "max_drawdown": 36.2873,
      "win_rate": 46.5517,
      "sharpe": 1.6145,
      "calmar": 3.0041,
      "total_trades": 232,
      "profit_factor": 1.289,
      "fitness": 27.1149,
      "dna": {
        "min_score": 1,
        "rsi_buy_threshold": 18.588187551180777,
        "rsi_sell_threshold": 95.0,
        "r2_min": 0.1858177304694645,
        "slope_min": 0.36229449585145296,
        "volume_ratio_min": 0.5,
        "hold_days": 2,
        "stop_loss_pct": 10.0,
        "take_profit_pct": 13.158590586504566,
        "max_positions": 1,
        "dip_threshold_pct": 30.0,
        "r2_trend_min": 0.40280535818473906,
        "w_momentum": 0.0649,
        "w_mean_reversion": 0.0967,
        "w_volume": 0.0578,
        "w_trend": 0.1841,
        "w_pattern": 0.5965
      }
    },
    {
      "annual_return": 91.7501,
      "max_drawdown": 32.8097,
      "win_rate": 48.4848,
      "sharpe": 1.4411,
      "calmar": 2.7964,
      "total_trades": 231,
      "profit_factor": 1.1865,
      "fitness": 25.084,
      "dna": {
        "min_score": 1,
        "rsi_buy_threshold": 17.819358477390587,
        "rsi_sell_threshold": 80.23374626260228,
        "r2_min": 0.19923214641026663,
        "slope_min": 0.28238922765567775,
        "volume_ratio_min": 0.6492836252091629,
        "hold_days": 2,
        "stop_loss_pct": 10.0,
        "take_profit_pct": 10.183673692418372,
        "max_positions": 1,
        "dip_threshold_pct": 23.202442589185488,
        "r2_trend_min": 0.2,
        "w_momentum": 0.033,
        "w_mean_reversion": 0.0557,
        "w_volume": 0.0452,
        "w_trend": 0.2474,
        "w_pattern": 0.6187
      }
    },
    {
      "annual_return": 76.5954,
      "max_drawdown": 31.316,
      "win_rate": 51.2931,
      "sharpe": 1.3046,
      "calmar": 2.4459,
      "total_trades": 232,
      "profit_factor": 1.264,
      "fitness": 22.088,
      "dna": {
        "min_score": 1,
        "rsi_buy_threshold": 28.42252892803096,
        "rsi_sell_threshold": 95.0,
        "r2_min": 0.23672837284937295,
        "slope_min": 0.36229449585145296,
        "volume_ratio_min": 0.5,
        "hold_days": 2,
        "stop_loss_pct": 7.786543763368378,
        "take_profit_pct": 15.376153253648631,
        "max_positions": 1,
        "dip_threshold_pct": 30.0,
        "r2_trend_min": 0.40280535818473906,
        "w_momentum": 0.0392,
        "w_mean_reversion": 0.0998,
        "w_volume": 0.051,
        "w_trend": 0.1641,
        "w_pattern": 0.6459
      }
    },
    {
      "annual_return": 101.1028,
      "max_drawdown": 45.3424,
      "win_rate": 51.9481,
      "sharpe": 1.4778,
      "calmar": 2.2298,
      "total_trades": 231,
      "profit_factor": 1.2309,
      "fitness": 20.821,
      "dna": {
        "min_score": 1,
        "rsi_buy_threshold": 25.691204382253957,
        "rsi_sell_threshold": 95.0,
        "r2_min": 0.1858177304694645,
        "slope_min": 0.36229449585145296,
        "volume_ratio_min": 0.5,
        "hold_days": 2,
        "stop_loss_pct": 8.945559228534416,
        "take_profit_pct": 13.158590586504566,
        "max_positions": 1,
        "dip_threshold_pct": 30.0,
        "r2_trend_min": 0.4944430732427838,
        "w_momentum": 0.0604,
        "w_mean_reversion": 0.09,
        "w_volume": 0.0506,
        "w_trend": 0.2438,
        "w_pattern": 0.5552
      }
    }
  ]
}