{
  "generation": 479,
  "timestamp": "2026-03-20T16:31:50",
  "results": [
    {
      "annual_return": 294.0579,
      "max_drawdown": 30.1963,
      "win_rate": 53.8793,
      "sharpe": 2.404,
      "calmar": 9.7382,
      "total_trades": 232,
      "profit_factor": 1.8828,
      "fitness": 105.8489,
      "dna": {
        "min_score": 1,
        "rsi_buy_threshold": 21.516287618319595,
        "rsi_sell_threshold": 67.95363771019592,
        "r2_min": 0.1,
        "slope_min": 0.22839387883957007,
        "volume_ratio_min": 0.8162009499630296,
        "hold_days": 2,
        "stop_loss_pct": 10.0,
        "take_profit_pct": 34.31551001021716,
        "max_positions": 1,
        "dip_threshold_pct": 7.964872393205038,
        "r2_trend_min": 0.2778191709585131,
        "w_momentum": 0.0,
        "w_mean_reversion": 0.0028,
        "w_volume": 0.0348,
        "w_trend": 0.01,
        "w_pattern": 0.9524
      }
    },
    {
      "annual_return": 249.5153,
      "max_drawdown": 31.138,
      "win_rate": 54.7414,
      "sharpe": 2.7079,
      "calmar": 8.0132,
      "total_trades": 232,
      "profit_factor": 2.1365,
      "fitness": 91.396,
      "dna": {
        "min_score": 1,
        "rsi_buy_threshold": 21.0451069390753,
        "rsi_sell_threshold": 78.82852720775416,
        "r2_min": 0.12347198637699756,
        "slope_min": 0.22839387883957007,
        "volume_ratio_min": 0.5,
        "hold_days": 2,
        "stop_loss_pct": 8.551033715787955,
        "take_profit_pct": 34.31551001021716,
        "max_positions": 1,
        "dip_threshold_pct": 4.181362587337878,
        "r2_trend_min": 0.3103102662647623,
        "w_momentum": 0.0,
        "w_mean_reversion": 0.0033,
        "w_volume": 0.0418,
        "w_trend": 0.0,
        "w_pattern": 0.9549
      }
    },
    {
      "annual_return": 99.9089,
      "max_drawdown": 21.2094,
      "win_rate": 51.7241,
      "sharpe": 1.5136,
      "calmar": 4.7106,
      "total_trades": 232,
      "profit_factor": 1.4072,
      "fitness": 44.1344,
      "dna": {
        "min_score": 1,
        "rsi_buy_threshold": 18.264440842202838,
        "rsi_sell_threshold": 67.95363771019592,
        "r2_min": 0.1,
        "slope_min": 0.22839387883957007,
        "volume_ratio_min": 0.6168024412226915,
        "hold_days": 2,
        "stop_loss_pct": 8.551033715787955,
        "take_profit_pct": 41.957833700200624,
        "max_positions": 1,
        "dip_threshold_pct": 4.181362587337878,
        "r2_trend_min": 0.3103102662647623,
        "w_momentum": 0.0,
        "w_mean_reversion": 0.0031,
        "w_volume": 0.0501,
        "w_trend": 0.0,
        "w_pattern": 0.9468
      }
    },
    {
      "annual_return": 126.9436,
      "max_drawdown": 49.31,
      "win_rate": 48.2759,
      "sharpe": 1.6007,
      "calmar": 2.5744,
      "total_trades": 232,
      "profit_factor": 1.634,
      "fitness": 23.6134,
      "dna": {
        "min_score": 1,
        "rsi_buy_threshold": 21.516287618319595,
        "rsi_sell_threshold": 55.0,
        "r2_min": 0.1,
        "slope_min": 0.22839387883957007,
        "volume_ratio_min": 0.674503592606333,
        "hold_days": 2,
        "stop_loss_pct": 10.0,
        "take_profit_pct": 34.31551001021716,
        "max_positions": 1,
        "dip_threshold_pct": 7.219946576001131,
        "r2_trend_min": 0.3247218943569717,
        "w_momentum": 0.0,
        "w_mean_reversion": 0.0028,
        "w_volume": 0.0355,
        "w_trend": 0.0,
        "w_pattern": 0.9617
      }
    },
    {
      "annual_return": 66.563,
      "max_drawdown": 26.7044,
      "win_rate": 51.7241,
      "sharpe": 1.3492,
      "calmar": 2.4926,
      "total_trades": 232,
      "profit_factor": 1.3172,
      "fitness": 22.7639,
      "dna": {
        "min_score": 1,
        "rsi_buy_threshold": 21.516287618319595,
        "rsi_sell_threshold": 63.107824418512266,
        "r2_min": 0.1,
        "slope_min": 0.22839387883957007,
        "volume_ratio_min": 0.674503592606333,
        "hold_days": 2,
        "stop_loss_pct": 10.0,
        "take_profit_pct": 25.140603833876852,
        "max_positions": 1,
        "dip_threshold_pct": 5.211791851510272,
        "r2_trend_min": 0.2778191709585131,
        "w_momentum": 0.0,
        "w_mean_reversion": 0.0028,
        "w_volume": 0.0355,
        "w_trend": 0.0,
        "w_pattern": 0.9617
      }
    }
  ]
}