{
  "generation": 1279,
  "timestamp": "2026-03-20T22:51:07",
  "results": [
    {
      "annual_return": 118.7793,
      "max_drawdown": 13.9277,
      "win_rate": 43.1034,
      "sharpe": 2.1466,
      "calmar": 8.5283,
      "total_trades": 232,
      "profit_factor": 1.6102,
      "fitness": 80.0286,
      "dna": {
        "min_score": 1,
        "rsi_buy_threshold": 10.0,
        "rsi_sell_threshold": 55.0,
        "r2_min": 0.1,
        "slope_min": 1.2405094266676997,
        "volume_ratio_min": 0.6560437126531939,
        "hold_days": 2,
        "stop_loss_pct": 1.9157489660527154,
        "take_profit_pct": 12.439871002332492,
        "max_positions": 1,
        "dip_threshold_pct": 6.991924819844416,
        "r2_trend_min": 0.8026550179328763,
        "w_momentum": 0.0,
        "w_mean_reversion": 0.5368,
        "w_volume": 0.4288,
        "w_trend": 0.0345,
        "w_pattern": 0.0
      }
    },
    {
      "annual_return": 102.7991,
      "max_drawdown": 18.8734,
      "win_rate": 43.6681,
      "sharpe": 1.9361,
      "calmar": 5.4468,
      "total_trades": 229,
      "profit_factor": 1.5216,
      "fitness": 49.9305,
      "dna": {
        "min_score": 1,
        "rsi_buy_threshold": 10.0,
        "rsi_sell_threshold": 55.0,
        "r2_min": 0.1,
        "slope_min": 1.0132193512662164,
        "volume_ratio_min": 1.0389838573028352,
        "hold_days": 2,
        "stop_loss_pct": 2.3174282182384545,
        "take_profit_pct": 10.234208957081343,
        "max_positions": 1,
        "dip_threshold_pct": 7.1618264709047565,
        "r2_trend_min": 0.8026550179328763,
        "w_momentum": 0.0274,
        "w_mean_reversion": 0.5115,
        "w_volume": 0.4086,
        "w_trend": 0.0525,
        "w_pattern": 0.0
      }
    },
    {
      "annual_return": 95.9544,
      "max_drawdown": 24.2314,
      "win_rate": 39.5652,
      "sharpe": 1.9834,
      "calmar": 3.9599,
      "total_trades": 230,
      "profit_factor": 1.6183,
      "fitness": 34.789,
      "dna": {
        "min_score": 1,
        "rsi_buy_threshold": 11.140284621920863,
        "rsi_sell_threshold": 55.0,
        "r2_min": 0.1268579972411768,
        "slope_min": 1.0132193512662164,
        "volume_ratio_min": 0.6560437126531939,
        "hold_days": 2,
        "stop_loss_pct": 1.9157489660527154,
        "take_profit_pct": 12.439871002332492,
        "max_positions": 1,
        "dip_threshold_pct": 6.991924819844416,
        "r2_trend_min": 0.8026550179328763,
        "w_momentum": 0.0,
        "w_mean_reversion": 0.5013,
        "w_volume": 0.4518,
        "w_trend": 0.0363,
        "w_pattern": 0.0106
      }
    },
    {
      "annual_return": 75.125,
      "max_drawdown": 21.0042,
      "win_rate": 44.3966,
      "sharpe": 1.693,
      "calmar": 3.5767,
      "total_trades": 232,
      "profit_factor": 1.4376,
      "fitness": 31.9008,
      "dna": {
        "min_score": 1,
        "rsi_buy_threshold": 10.0,
        "rsi_sell_threshold": 55.0,
        "r2_min": 0.1,
        "slope_min": 1.0132193512662164,
        "volume_ratio_min": 0.8850213656092715,
        "hold_days": 2,
        "stop_loss_pct": 2.403267552082066,
        "take_profit_pct": 7.419784136553743,
        "max_positions": 1,
        "dip_threshold_pct": 8.67872422914245,
        "r2_trend_min": 0.8102491972619379,
        "w_momentum": 0.0,
        "w_mean_reversion": 0.4685,
        "w_volume": 0.4779,
        "w_trend": 0.042,
        "w_pattern": 0.0117
      }
    },
    {
      "annual_return": 98.2979,
      "max_drawdown": 36.2317,
      "win_rate": 43.7229,
      "sharpe": 2.0191,
      "calmar": 2.713,
      "total_trades": 231,
      "profit_factor": 1.7043,
      "fitness": 25.1839,
      "dna": {
        "min_score": 1,
        "rsi_buy_threshold": 10.0,
        "rsi_sell_threshold": 55.0,
        "r2_min": 0.12659264614130833,
        "slope_min": 1.0132193512662164,
        "volume_ratio_min": 0.8244157141047832,
        "hold_days": 2,
        "stop_loss_pct": 1.9157489660527154,
        "take_profit_pct": 10.234208957081343,
        "max_positions": 1,
        "dip_threshold_pct": 8.67872422914245,
        "r2_trend_min": 0.8026550179328763,
        "w_momentum": 0.0,
        "w_mean_reversion": 0.5687,
        "w_volume": 0.3817,
        "w_trend": 0.0388,
        "w_pattern": 0.0108
      }
    }
  ]
}