{
  "generation": 1489,
  "timestamp": "2026-03-21T06:04:27",
  "results": [
    {
      "annual_return": 242.1816,
      "max_drawdown": 19.4174,
      "win_rate": 49.1379,
      "sharpe": 2.1827,
      "calmar": 12.4724,
      "total_trades": 116,
      "profit_factor": 2.8568,
      "fitness": 125.5957,
      "dna": {
        "min_score": 1,
        "rsi_buy_threshold": 14.35909373841895,
        "rsi_sell_threshold": 72.92780143384887,
        "r2_min": 0.13729855718527714,
        "slope_min": 0.40040520061878465,
        "volume_ratio_min": 1.0285248543204055,
        "hold_days": 4,
        "stop_loss_pct": 10.0,
        "take_profit_pct": 32.79132194119274,
        "max_positions": 1,
        "dip_threshold_pct": 3.241101572309623,
        "r2_trend_min": 0.2,
        "w_momentum": 0.0,
        "w_mean_reversion": 0.0466,
        "w_volume": 0.3312,
        "w_trend": 0.0089,
        "w_pattern": 0.056,
        "w_macd": 0.056,
        "w_bollinger": 0.1025,
        "w_kdj": 0.06,
        "w_obv": 0.0757,
        "w_support": 0.2292,
        "w_volume_profile": 0.034
      }
    },
    {
      "annual_return": 277.9822,
      "max_drawdown": 25.5202,
      "win_rate": 53.913,
      "sharpe": 2.4264,
      "calmar": 10.8927,
      "total_trades": 115,
      "profit_factor": 2.7262,
      "fitness": 118.7931,
      "dna": {
        "min_score": 1,
        "rsi_buy_threshold": 12.185833370157706,
        "rsi_sell_threshold": 68.82226200301682,
        "r2_min": 0.1,
        "slope_min": 0.5174705024022492,
        "volume_ratio_min": 0.8704009757544517,
        "hold_days": 4,
        "stop_loss_pct": 10.0,
        "take_profit_pct": 32.79132194119274,
        "max_positions": 1,
        "dip_threshold_pct": 3.0,
        "r2_trend_min": 0.23575034965763544,
        "w_momentum": 0.0,
        "w_mean_reversion": 0.0532,
        "w_volume": 0.3102,
        "w_trend": 0.0,
        "w_pattern": 0.0525,
        "w_macd": 0.0903,
        "w_bollinger": 0.1059,
        "w_kdj": 0.052,
        "w_obv": 0.0822,
        "w_support": 0.2146,
        "w_volume_profile": 0.0391
      }
    },
    {
      "annual_return": 204.2852,
      "max_drawdown": 19.1948,
      "win_rate": 55.914,
      "sharpe": 2.2832,
      "calmar": 10.6427,
      "total_trades": 93,
      "profit_factor": 3.8233,
      "fitness": 115.9222,
      "dna": {
        "min_score": 1,
        "rsi_buy_threshold": 14.35909373841895,
        "rsi_sell_threshold": 95.0,
        "r2_min": 0.1,
        "slope_min": 0.34466012171448096,
        "volume_ratio_min": 1.0148589930239922,
        "hold_days": 5,
        "stop_loss_pct": 10.0,
        "take_profit_pct": 32.79132194119274,
        "max_positions": 1,
        "dip_threshold_pct": 3.241101572309623,
        "r2_trend_min": 0.28453531154186246,
        "w_momentum": 0.0,
        "w_mean_reversion": 0.0748,
        "w_volume": 0.2639,
        "w_trend": 0.0,
        "w_pattern": 0.0623,
        "w_macd": 0.0738,
        "w_bollinger": 0.0879,
        "w_kdj": 0.0485,
        "w_obv": 0.0842,
        "w_support": 0.2551,
        "w_volume_profile": 0.0494
      }
    },
    {
      "annual_return": 185.4127,
      "max_drawdown": 20.1553,
      "win_rate": 59.1398,
      "sharpe": 2.3253,
      "calmar": 9.1992,
      "total_trades": 93,
      "profit_factor": 2.2098,
      "fitness": 103.6448,
      "dna": {
        "min_score": 1,
        "rsi_buy_threshold": 14.35909373841895,
        "rsi_sell_threshold": 95.0,
        "r2_min": 0.1084494764688323,
        "slope_min": 0.4456975122754597,
        "volume_ratio_min": 0.8704009757544517,
        "hold_days": 5,
        "stop_loss_pct": 10.0,
        "take_profit_pct": 25.40949260781923,
        "max_positions": 1,
        "dip_threshold_pct": 3.701751990206322,
        "r2_trend_min": 0.28453531154186246,
        "w_momentum": 0.0,
        "w_mean_reversion": 0.0883,
        "w_volume": 0.255,
        "w_trend": 0.0,
        "w_pattern": 0.0602,
        "w_macd": 0.0713,
        "w_bollinger": 0.0849,
        "w_kdj": 0.0645,
        "w_obv": 0.0814,
        "w_support": 0.2465,
        "w_volume_profile": 0.0477
      }
    },
    {
      "annual_return": 197.23,
      "max_drawdown": 20.5265,
      "win_rate": 54.7826,
      "sharpe": 2.1521,
      "calmar": 9.6086,
      "total_trades": 115,
      "profit_factor": 2.5746,
      "fitness": 101.7286,
      "dna": {
        "min_score": 1,
        "rsi_buy_threshold": 10.0,
        "rsi_sell_threshold": 68.82226200301682,
        "r2_min": 0.1,
        "slope_min": 0.5174705024022492,
        "volume_ratio_min": 0.6969202260463692,
        "hold_days": 4,
        "stop_loss_pct": 10.0,
        "take_profit_pct": 50.0,
        "max_positions": 1,
        "dip_threshold_pct": 5.232225008720462,
        "r2_trend_min": 0.2,
        "w_momentum": 0.0,
        "w_mean_reversion": 0.0484,
        "w_volume": 0.224,
        "w_trend": 0.0,
        "w_pattern": 0.0569,
        "w_macd": 0.1223,
        "w_bollinger": 0.1062,
        "w_kdj": 0.0477,
        "w_obv": 0.1022,
        "w_support": 0.2591,
        "w_volume_profile": 0.0333
      }
    }
  ]
}