{
  "generation": 1129,
  "timestamp": "2026-03-20T21:56:49",
  "results": [
    {
      "annual_return": 153.8605,
      "max_drawdown": 23.7505,
      "win_rate": 53.8793,
      "sharpe": 2.3343,
      "calmar": 6.4782,
      "total_trades": 232,
      "profit_factor": 1.7163,
      "fitness": 69.7517,
      "dna": {
        "min_score": 1,
        "rsi_buy_threshold": 12.56618232596255,
        "rsi_sell_threshold": 67.4924330448202,
        "r2_min": 0.19241313774393873,
        "slope_min": 1.2849326891469754,
        "volume_ratio_min": 0.591552808110676,
        "hold_days": 2,
        "stop_loss_pct": 9.147131194084249,
        "take_profit_pct": 18.190792052315786,
        "max_positions": 1,
        "dip_threshold_pct": 10.593298372949024,
        "r2_trend_min": 0.2568637978453074,
        "w_momentum": 0.0049,
        "w_mean_reversion": 0.6174,
        "w_volume": 0.3081,
        "w_trend": 0.0428,
        "w_pattern": 0.0267
      }
    },
    {
      "annual_return": 105.4279,
      "max_drawdown": 21.9604,
      "win_rate": 53.0172,
      "sharpe": 1.8149,
      "calmar": 4.8008,
      "total_trades": 232,
      "profit_factor": 1.6539,
      "fitness": 47.6444,
      "dna": {
        "min_score": 1,
        "rsi_buy_threshold": 10.0,
        "rsi_sell_threshold": 70.09580277721842,
        "r2_min": 0.33948829421236837,
        "slope_min": 1.1916994444042555,
        "volume_ratio_min": 0.6520217709324558,
        "hold_days": 2,
        "stop_loss_pct": 10.0,
        "take_profit_pct": 20.896698752543998,
        "max_positions": 1,
        "dip_threshold_pct": 24.7198575350341,
        "r2_trend_min": 0.31052372887437557,
        "w_momentum": 0.011,
        "w_mean_reversion": 0.4042,
        "w_volume": 0.5142,
        "w_trend": 0.0536,
        "w_pattern": 0.017
      }
    },
    {
      "annual_return": 103.7965,
      "max_drawdown": 24.4973,
      "win_rate": 53.4483,
      "sharpe": 1.7599,
      "calmar": 4.2371,
      "total_trades": 232,
      "profit_factor": 1.6163,
      "fitness": 41.8792,
      "dna": {
        "min_score": 1,
        "rsi_buy_threshold": 14.842608721579953,
        "rsi_sell_threshold": 81.27487904567384,
        "r2_min": 0.26408043247695556,
        "slope_min": 1.2849326891469754,
        "volume_ratio_min": 0.591552808110676,
        "hold_days": 2,
        "stop_loss_pct": 9.552432636020688,
        "take_profit_pct": 18.190792052315786,
        "max_positions": 1,
        "dip_threshold_pct": 10.593298372949024,
        "r2_trend_min": 0.2832247337162869,
        "w_momentum": 0.0099,
        "w_mean_reversion": 0.511,
        "w_volume": 0.3881,
        "w_trend": 0.0539,
        "w_pattern": 0.0371
      }
    },
    {
      "annual_return": 121.0213,
      "max_drawdown": 32.3177,
      "win_rate": 51.2931,
      "sharpe": 2.0715,
      "calmar": 3.7447,
      "total_trades": 232,
      "profit_factor": 1.6364,
      "fitness": 37.931,
      "dna": {
        "min_score": 1,
        "rsi_buy_threshold": 12.56618232596255,
        "rsi_sell_threshold": 67.4924330448202,
        "r2_min": 0.19241313774393873,
        "slope_min": 1.2849326891469754,
        "volume_ratio_min": 0.5195809670881651,
        "hold_days": 2,
        "stop_loss_pct": 9.147131194084249,
        "take_profit_pct": 18.190792052315786,
        "max_positions": 1,
        "dip_threshold_pct": 10.593298372949024,
        "r2_trend_min": 0.2568637978453074,
        "w_momentum": 0.0052,
        "w_mean_reversion": 0.5912,
        "w_volume": 0.3293,
        "w_trend": 0.0457,
        "w_pattern": 0.0285
      }
    },
    {
      "annual_return": 87.42,
      "max_drawdown": 24.5653,
      "win_rate": 51.0823,
      "sharpe": 1.6126,
      "calmar": 3.5587,
      "total_trades": 231,
      "profit_factor": 1.4864,
      "fitness": 33.6376,
      "dna": {
        "min_score": 1,
        "rsi_buy_threshold": 11.040874882306062,
        "rsi_sell_threshold": 81.27487904567384,
        "r2_min": 0.1726435367558378,
        "slope_min": 1.1916994444042555,
        "volume_ratio_min": 0.6520217709324558,
        "hold_days": 2,
        "stop_loss_pct": 10.0,
        "take_profit_pct": 22.58059485188883,
        "max_positions": 1,
        "dip_threshold_pct": 16.0972373400724,
        "r2_trend_min": 0.31178884474081725,
        "w_momentum": 0.0103,
        "w_mean_reversion": 0.4354,
        "w_volume": 0.4545,
        "w_trend": 0.0715,
        "w_pattern": 0.0283
      }
    }
  ]
}