{
  "generation": 539,
  "timestamp": "2026-03-20T16:57:06",
  "results": [
    {
      "annual_return": 176.8395,
      "max_drawdown": 13.0662,
      "win_rate": 49.569,
      "sharpe": 2.7853,
      "calmar": 13.5341,
      "total_trades": 232,
      "profit_factor": 1.7402,
      "fitness": 148.3679,
      "dna": {
        "min_score": 1,
        "rsi_buy_threshold": 39.97992707626952,
        "rsi_sell_threshold": 69.27876916527543,
        "r2_min": 0.4754853937217871,
        "slope_min": 0.47843221125661217,
        "volume_ratio_min": 4.055578287118983,
        "hold_days": 2,
        "stop_loss_pct": 2.7611451482680796,
        "take_profit_pct": 8.307214682426757,
        "max_positions": 1,
        "dip_threshold_pct": 3.0,
        "r2_trend_min": 0.23257821454114683,
        "w_momentum": 0.0,
        "w_mean_reversion": 0.6826,
        "w_volume": 0.268,
        "w_trend": 0.0266,
        "w_pattern": 0.0228
      }
    },
    {
      "annual_return": 133.6295,
      "max_drawdown": 22.3152,
      "win_rate": 47.8448,
      "sharpe": 2.2283,
      "calmar": 5.9883,
      "total_trades": 232,
      "profit_factor": 1.5937,
      "fitness": 59.8806,
      "dna": {
        "min_score": 1,
        "rsi_buy_threshold": 50.0,
        "rsi_sell_threshold": 69.27876916527543,
        "r2_min": 0.6094971721803301,
        "slope_min": 0.6562289180891644,
        "volume_ratio_min": 5.0,
        "hold_days": 2,
        "stop_loss_pct": 3.402912626513304,
        "take_profit_pct": 8.307214682426757,
        "max_positions": 1,
        "dip_threshold_pct": 3.0,
        "r2_trend_min": 0.2967866753449033,
        "w_momentum": 0.0097,
        "w_mean_reversion": 0.6561,
        "w_volume": 0.2576,
        "w_trend": 0.0352,
        "w_pattern": 0.0414
      }
    },
    {
      "annual_return": 132.1289,
      "max_drawdown": 24.4971,
      "win_rate": 50.8621,
      "sharpe": 2.2734,
      "calmar": 5.3937,
      "total_trades": 232,
      "profit_factor": 1.8269,
      "fitness": 55.9558,
      "dna": {
        "min_score": 1,
        "rsi_buy_threshold": 50.0,
        "rsi_sell_threshold": 62.46083587694909,
        "r2_min": 0.4059014168721221,
        "slope_min": 0.7042316281569122,
        "volume_ratio_min": 4.164358001369756,
        "hold_days": 2,
        "stop_loss_pct": 3.3619202211424875,
        "take_profit_pct": 6.480995487663181,
        "max_positions": 1,
        "dip_threshold_pct": 3.132058944381371,
        "r2_trend_min": 0.4626048451530672,
        "w_momentum": 0.0,
        "w_mean_reversion": 0.7619,
        "w_volume": 0.2148,
        "w_trend": 0.0,
        "w_pattern": 0.0234
      }
    },
    {
      "annual_return": 83.5151,
      "max_drawdown": 12.6362,
      "win_rate": 36.2069,
      "sharpe": 1.9324,
      "calmar": 6.6092,
      "total_trades": 232,
      "profit_factor": 1.5703,
      "fitness": 55.1388,
      "dna": {
        "min_score": 1,
        "rsi_buy_threshold": 50.0,
        "rsi_sell_threshold": 68.30610122308502,
        "r2_min": 0.42727308140905945,
        "slope_min": 0.5022202732054157,
        "volume_ratio_min": 4.2893743080256925,
        "hold_days": 2,
        "stop_loss_pct": 1.485579217595304,
        "take_profit_pct": 8.307214682426757,
        "max_positions": 1,
        "dip_threshold_pct": 3.0,
        "r2_trend_min": 0.2693152341076348,
        "w_momentum": 0.0,
        "w_mean_reversion": 0.6613,
        "w_volume": 0.3011,
        "w_trend": 0.0107,
        "w_pattern": 0.0268
      }
    },
    {
      "annual_return": 97.9024,
      "max_drawdown": 18.0189,
      "win_rate": 48.9177,
      "sharpe": 2.0094,
      "calmar": 5.4333,
      "total_trades": 231,
      "profit_factor": 1.5232,
      "fitness": 53.2735,
      "dna": {
        "min_score": 1,
        "rsi_buy_threshold": 50.0,
        "rsi_sell_threshold": 63.149364943077046,
        "r2_min": 0.45082438206819475,
        "slope_min": 0.6119616274007781,
        "volume_ratio_min": 3.6494995546613205,
        "hold_days": 2,
        "stop_loss_pct": 2.845692770020164,
        "take_profit_pct": 6.480995487663181,
        "max_positions": 1,
        "dip_threshold_pct": 3.1335450297208265,
        "r2_trend_min": 0.5271785017100101,
        "w_momentum": 0.0122,
        "w_mean_reversion": 0.7216,
        "w_volume": 0.213,
        "w_trend": 0.0,
        "w_pattern": 0.0533
      }
    }
  ]
}