{
  "generation": 1039,
  "timestamp": "2026-03-20T21:10:16",
  "results": [
    {
      "annual_return": 336.1753,
      "max_drawdown": 25.5512,
      "win_rate": 53.8793,
      "sharpe": 2.997,
      "calmar": 13.1569,
      "total_trades": 232,
      "profit_factor": 2.7662,
      "fitness": 154.4627,
      "dna": {
        "min_score": 1,
        "rsi_buy_threshold": 24.879152676728648,
        "rsi_sell_threshold": 79.29681294856965,
        "r2_min": 0.12370718267635251,
        "slope_min": 0.19934209574691744,
        "volume_ratio_min": 1.2276673457909535,
        "hold_days": 2,
        "stop_loss_pct": 9.171069547988948,
        "take_profit_pct": 12.26768514234169,
        "max_positions": 1,
        "dip_threshold_pct": 23.57322165309476,
        "r2_trend_min": 0.5190066523778212,
        "w_momentum": 0.0029,
        "w_mean_reversion": 0.294,
        "w_volume": 0.6873,
        "w_trend": 0.0125,
        "w_pattern": 0.0032
      }
    },
    {
      "annual_return": 216.2591,
      "max_drawdown": 25.5504,
      "win_rate": 54.1126,
      "sharpe": 2.5113,
      "calmar": 8.464,
      "total_trades": 231,
      "profit_factor": 1.6131,
      "fitness": 93.5343,
      "dna": {
        "min_score": 1,
        "rsi_buy_threshold": 18.971201661014206,
        "rsi_sell_threshold": 79.29681294856965,
        "r2_min": 0.1,
        "slope_min": 0.15023906140632884,
        "volume_ratio_min": 1.2276673457909535,
        "hold_days": 2,
        "stop_loss_pct": 7.278667569667849,
        "take_profit_pct": 12.26768514234169,
        "max_positions": 1,
        "dip_threshold_pct": 23.57322165309476,
        "r2_trend_min": 0.5190066523778212,
        "w_momentum": 0.0128,
        "w_mean_reversion": 0.2882,
        "w_volume": 0.6737,
        "w_trend": 0.0222,
        "w_pattern": 0.0032
      }
    },
    {
      "annual_return": 191.1152,
      "max_drawdown": 31.9574,
      "win_rate": 57.7586,
      "sharpe": 2.172,
      "calmar": 5.9803,
      "total_trades": 232,
      "profit_factor": 1.7511,
      "fitness": 65.1932,
      "dna": {
        "min_score": 1,
        "rsi_buy_threshold": 29.254568554500576,
        "rsi_sell_threshold": 56.35772348680687,
        "r2_min": 0.129556786937902,
        "slope_min": 0.1542517114767107,
        "volume_ratio_min": 0.9629946673176201,
        "hold_days": 2,
        "stop_loss_pct": 8.916478206989119,
        "take_profit_pct": 15.370028069971182,
        "max_positions": 1,
        "dip_threshold_pct": 24.890718309801386,
        "r2_trend_min": 0.537819411992567,
        "w_momentum": 0.01,
        "w_mean_reversion": 0.1706,
        "w_volume": 0.81,
        "w_trend": 0.0094,
        "w_pattern": 0.0
      }
    },
    {
      "annual_return": 121.8809,
      "max_drawdown": 21.3866,
      "win_rate": 53.0172,
      "sharpe": 2.054,
      "calmar": 5.699,
      "total_trades": 232,
      "profit_factor": 1.7172,
      "fitness": 58.5421,
      "dna": {
        "min_score": 1,
        "rsi_buy_threshold": 23.246856668071626,
        "rsi_sell_threshold": 68.7170391926443,
        "r2_min": 0.10509823533173321,
        "slope_min": 0.1542517114767107,
        "volume_ratio_min": 1.0759410300786396,
        "hold_days": 2,
        "stop_loss_pct": 8.916478206989119,
        "take_profit_pct": 13.065982957240001,
        "max_positions": 1,
        "dip_threshold_pct": 24.890718309801386,
        "r2_trend_min": 0.27129934977353076,
        "w_momentum": 0.0261,
        "w_mean_reversion": 0.4753,
        "w_volume": 0.4881,
        "w_trend": 0.0105,
        "w_pattern": 0.0
      }
    },
    {
      "annual_return": 114.8328,
      "max_drawdown": 25.1407,
      "win_rate": 53.0172,
      "sharpe": 1.698,
      "calmar": 4.5676,
      "total_trades": 232,
      "profit_factor": 1.5633,
      "fitness": 44.5523,
      "dna": {
        "min_score": 1,
        "rsi_buy_threshold": 29.010188659747865,
        "rsi_sell_threshold": 55.0,
        "r2_min": 0.12844408981100625,
        "slope_min": 0.18273269243078202,
        "volume_ratio_min": 0.8407085392382145,
        "hold_days": 2,
        "stop_loss_pct": 8.916478206989119,
        "take_profit_pct": 15.370028069971182,
        "max_positions": 1,
        "dip_threshold_pct": 24.890718309801386,
        "r2_trend_min": 0.44486342586496047,
        "w_momentum": 0.0,
        "w_mean_reversion": 0.1547,
        "w_volume": 0.8356,
        "w_trend": 0.0097,
        "w_pattern": 0.0
      }
    }
  ]
}