{
  "generation": 459,
  "timestamp": "2026-03-20T16:22:47",
  "results": [
    {
      "annual_return": 134.161,
      "max_drawdown": 23.2863,
      "win_rate": 51.2931,
      "sharpe": 1.9803,
      "calmar": 5.7614,
      "total_trades": 232,
      "profit_factor": 1.6024,
      "fitness": 57.6046,
      "dna": {
        "min_score": 1,
        "rsi_buy_threshold": 29.448498418795143,
        "rsi_sell_threshold": 60.93118165026846,
        "r2_min": 0.1,
        "slope_min": 0.1240950554986813,
        "volume_ratio_min": 0.7798566290007909,
        "hold_days": 2,
        "stop_loss_pct": 10.0,
        "take_profit_pct": 15.591843707909838,
        "max_positions": 1,
        "dip_threshold_pct": 9.297709257319989,
        "r2_trend_min": 0.2214197948260965,
        "w_momentum": 0.0,
        "w_mean_reversion": 0.05,
        "w_volume": 0.0446,
        "w_trend": 0.0089,
        "w_pattern": 0.8965
      }
    },
    {
      "annual_return": 147.329,
      "max_drawdown": 31.4857,
      "win_rate": 52.5862,
      "sharpe": 2.032,
      "calmar": 4.6792,
      "total_trades": 232,
      "profit_factor": 1.6402,
      "fitness": 47.722,
      "dna": {
        "min_score": 1,
        "rsi_buy_threshold": 29.448498418795143,
        "rsi_sell_threshold": 69.0803877415908,
        "r2_min": 0.12225674484698913,
        "slope_min": 0.1240950554986813,
        "volume_ratio_min": 0.669670732867943,
        "hold_days": 2,
        "stop_loss_pct": 10.0,
        "take_profit_pct": 19.570475979921113,
        "max_positions": 1,
        "dip_threshold_pct": 6.538134106605997,
        "r2_trend_min": 0.2214197948260965,
        "w_momentum": 0.0,
        "w_mean_reversion": 0.078,
        "w_volume": 0.0451,
        "w_trend": 0.0,
        "w_pattern": 0.8769
      }
    },
    {
      "annual_return": 107.919,
      "max_drawdown": 26.2613,
      "win_rate": 51.2931,
      "sharpe": 1.6733,
      "calmar": 4.1094,
      "total_trades": 232,
      "profit_factor": 1.3833,
      "fitness": 39.2811,
      "dna": {
        "min_score": 1,
        "rsi_buy_threshold": 21.173771080677525,
        "rsi_sell_threshold": 92.03929326832834,
        "r2_min": 0.1,
        "slope_min": 0.20849117443093332,
        "volume_ratio_min": 0.7466739935447466,
        "hold_days": 2,
        "stop_loss_pct": 10.0,
        "take_profit_pct": 32.00212349636684,
        "max_positions": 1,
        "dip_threshold_pct": 11.698499615776482,
        "r2_trend_min": 0.2,
        "w_momentum": 0.0,
        "w_mean_reversion": 0.0599,
        "w_volume": 0.0358,
        "w_trend": 0.0,
        "w_pattern": 0.9043
      }
    },
    {
      "annual_return": 105.6122,
      "max_drawdown": 26.9447,
      "win_rate": 51.7241,
      "sharpe": 1.5678,
      "calmar": 3.9196,
      "total_trades": 232,
      "profit_factor": 1.3862,
      "fitness": 37.0283,
      "dna": {
        "min_score": 1,
        "rsi_buy_threshold": 21.173771080677525,
        "rsi_sell_threshold": 92.03929326832834,
        "r2_min": 0.1,
        "slope_min": 0.20849117443093332,
        "volume_ratio_min": 0.6472112666207778,
        "hold_days": 2,
        "stop_loss_pct": 10.0,
        "take_profit_pct": 26.864348320411068,
        "max_positions": 1,
        "dip_threshold_pct": 11.698499615776482,
        "r2_trend_min": 0.2259175161083327,
        "w_momentum": 0.0,
        "w_mean_reversion": 0.0322,
        "w_volume": 0.0484,
        "w_trend": 0.0099,
        "w_pattern": 0.9095
      }
    },
    {
      "annual_return": 97.152,
      "max_drawdown": 27.368,
      "win_rate": 50.431,
      "sharpe": 1.5188,
      "calmar": 3.5498,
      "total_trades": 232,
      "profit_factor": 1.3717,
      "fitness": 32.8667,
      "dna": {
        "min_score": 1,
        "rsi_buy_threshold": 29.448498418795143,
        "rsi_sell_threshold": 60.93118165026846,
        "r2_min": 0.1,
        "slope_min": 0.1240950554986813,
        "volume_ratio_min": 0.8687825419240652,
        "hold_days": 2,
        "stop_loss_pct": 10.0,
        "take_profit_pct": 19.606542935875083,
        "max_positions": 1,
        "dip_threshold_pct": 9.297709257319989,
        "r2_trend_min": 0.2214197948260965,
        "w_momentum": 0.0,
        "w_mean_reversion": 0.0453,
        "w_volume": 0.0404,
        "w_trend": 0.0081,
        "w_pattern": 0.9062
      }
    }
  ]
}