{
  "generation": 509,
  "timestamp": "2026-03-20T16:45:55",
  "results": [
    {
      "annual_return": 193.1947,
      "max_drawdown": 42.6536,
      "win_rate": 49.569,
      "sharpe": 2.0844,
      "calmar": 4.5294,
      "total_trades": 232,
      "profit_factor": 1.8218,
      "fitness": 45.1833,
      "dna": {
        "min_score": 1,
        "rsi_buy_threshold": 31.81610057121121,
        "rsi_sell_threshold": 62.922262900871154,
        "r2_min": 0.2101502459242811,
        "slope_min": 0.4772235828665802,
        "volume_ratio_min": 0.7095027438598086,
        "hold_days": 2,
        "stop_loss_pct": 6.968020313726788,
        "take_profit_pct": 28.88689438909404,
        "max_positions": 1,
        "dip_threshold_pct": 3.0,
        "r2_trend_min": 0.3761584563428064,
        "w_momentum": 0.0,
        "w_mean_reversion": 0.0172,
        "w_volume": 0.1639,
        "w_trend": 0.0,
        "w_pattern": 0.8189
      }
    },
    {
      "annual_return": 57.59,
      "max_drawdown": 30.919,
      "win_rate": 49.7835,
      "sharpe": 1.1824,
      "calmar": 1.8626,
      "total_trades": 231,
      "profit_factor": 1.2266,
      "fitness": 16.2499,
      "dna": {
        "min_score": 1,
        "rsi_buy_threshold": 35.516907923021265,
        "rsi_sell_threshold": 62.922262900871154,
        "r2_min": 0.2101502459242811,
        "slope_min": 0.6193044985812677,
        "volume_ratio_min": 0.7095027438598086,
        "hold_days": 2,
        "stop_loss_pct": 6.968020313726788,
        "take_profit_pct": 28.88689438909404,
        "max_positions": 1,
        "dip_threshold_pct": 3.0,
        "r2_trend_min": 0.3761584563428064,
        "w_momentum": 0.0,
        "w_mean_reversion": 0.0228,
        "w_volume": 0.1376,
        "w_trend": 0.0,
        "w_pattern": 0.8396
      }
    },
    {
      "annual_return": 48.4038,
      "max_drawdown": 28.816,
      "win_rate": 46.5517,
      "sharpe": 1.0728,
      "calmar": 1.6798,
      "total_trades": 232,
      "profit_factor": 1.2595,
      "fitness": 13.9198,
      "dna": {
        "min_score": 1,
        "rsi_buy_threshold": 21.76212610601586,
        "rsi_sell_threshold": 76.08580999768743,
        "r2_min": 0.15283138185655415,
        "slope_min": 0.5618371032874179,
        "volume_ratio_min": 0.7164733297727731,
        "hold_days": 2,
        "stop_loss_pct": 6.363034743098812,
        "take_profit_pct": 34.97385464038351,
        "max_positions": 1,
        "dip_threshold_pct": 3.0072396288698258,
        "r2_trend_min": 0.3761584563428064,
        "w_momentum": 0.0,
        "w_mean_reversion": 0.0065,
        "w_volume": 0.1328,
        "w_trend": 0.0,
        "w_pattern": 0.8606
      }
    },
    {
      "annual_return": 53.2832,
      "max_drawdown": 33.5466,
      "win_rate": 49.7835,
      "sharpe": 1.1714,
      "calmar": 1.5883,
      "total_trades": 231,
      "profit_factor": 1.3403,
      "fitness": 13.8325,
      "dna": {
        "min_score": 1,
        "rsi_buy_threshold": 19.878309027645482,
        "rsi_sell_threshold": 62.922262900871154,
        "r2_min": 0.2101502459242811,
        "slope_min": 0.5976140389877245,
        "volume_ratio_min": 0.5,
        "hold_days": 2,
        "stop_loss_pct": 5.670515498086101,
        "take_profit_pct": 30.827227823567572,
        "max_positions": 1,
        "dip_threshold_pct": 3.4553278055054273,
        "r2_trend_min": 0.4711123920772137,
        "w_momentum": 0.0,
        "w_mean_reversion": 0.019,
        "w_volume": 0.1642,
        "w_trend": 0.009,
        "w_pattern": 0.8078
      }
    },
    {
      "annual_return": 49.9866,
      "max_drawdown": 31.3815,
      "win_rate": 48.0519,
      "sharpe": 1.0739,
      "calmar": 1.5929,
      "total_trades": 231,
      "profit_factor": 1.2269,
      "fitness": 13.4133,
      "dna": {
        "min_score": 1,
        "rsi_buy_threshold": 30.677528357759087,
        "rsi_sell_threshold": 55.0,
        "r2_min": 0.16214625161420934,
        "slope_min": 0.5997355174947369,
        "volume_ratio_min": 0.7095027438598086,
        "hold_days": 2,
        "stop_loss_pct": 4.935083336852651,
        "take_profit_pct": 28.88689438909404,
        "max_positions": 1,
        "dip_threshold_pct": 3.0,
        "r2_trend_min": 0.3761584563428064,
        "w_momentum": 0.0,
        "w_mean_reversion": 0.0155,
        "w_volume": 0.1892,
        "w_trend": 0.0,
        "w_pattern": 0.7953
      }
    }
  ]
}