{
  "generation": 319,
  "timestamp": "2026-03-20T15:09:48",
  "results": [
    {
      "annual_return": 164.7417,
      "max_drawdown": 15.7118,
      "win_rate": 50.8621,
      "sharpe": 2.2935,
      "calmar": 10.4852,
      "total_trades": 232,
      "profit_factor": 1.9996,
      "fitness": 109.0791,
      "dna": {
        "min_score": 1,
        "rsi_buy_threshold": 42.610363374043025,
        "rsi_sell_threshold": 75.70067665834804,
        "r2_min": 0.1,
        "slope_min": 0.11852105051339398,
        "volume_ratio_min": 2.1137958772395042,
        "hold_days": 2,
        "stop_loss_pct": 3.1244550514574456,
        "take_profit_pct": 19.950332765345934,
        "max_positions": 1,
        "dip_threshold_pct": 3.0,
        "r2_trend_min": 0.20864435638528514,
        "w_momentum": 0.0,
        "w_mean_reversion": 0.1104,
        "w_volume": 0.0538,
        "w_trend": 0.0317,
        "w_pattern": 0.8041
      }
    },
    {
      "annual_return": 151.5859,
      "max_drawdown": 19.5523,
      "win_rate": 50.431,
      "sharpe": 2.0953,
      "calmar": 7.7529,
      "total_trades": 232,
      "profit_factor": 1.6154,
      "fitness": 78.1284,
      "dna": {
        "min_score": 1,
        "rsi_buy_threshold": 49.42192376169198,
        "rsi_sell_threshold": 65.22857534253217,
        "r2_min": 0.1,
        "slope_min": 0.11852105051339398,
        "volume_ratio_min": 2.163385261350677,
        "hold_days": 2,
        "stop_loss_pct": 3.7118970541554037,
        "take_profit_pct": 19.950332765345934,
        "max_positions": 1,
        "dip_threshold_pct": 3.0,
        "r2_trend_min": 0.2,
        "w_momentum": 0.0,
        "w_mean_reversion": 0.072,
        "w_volume": 0.0384,
        "w_trend": 0.0277,
        "w_pattern": 0.862
      }
    },
    {
      "annual_return": 153.1382,
      "max_drawdown": 21.2398,
      "win_rate": 51.2931,
      "sharpe": 2.1528,
      "calmar": 7.21,
      "total_trades": 232,
      "profit_factor": 1.7778,
      "fitness": 73.8705,
      "dna": {
        "min_score": 1,
        "rsi_buy_threshold": 30.113614244741434,
        "rsi_sell_threshold": 95.0,
        "r2_min": 0.14986512963796433,
        "slope_min": 0.1,
        "volume_ratio_min": 1.8690819818578481,
        "hold_days": 2,
        "stop_loss_pct": 3.721601398870388,
        "take_profit_pct": 28.954943062317135,
        "max_positions": 1,
        "dip_threshold_pct": 3.510598290403495,
        "r2_trend_min": 0.2,
        "w_momentum": 0.0,
        "w_mean_reversion": 0.1218,
        "w_volume": 0.0558,
        "w_trend": 0.0318,
        "w_pattern": 0.7906
      }
    },
    {
      "annual_return": 206.911,
      "max_drawdown": 32.1719,
      "win_rate": 51.7241,
      "sharpe": 2.4398,
      "calmar": 6.4314,
      "total_trades": 232,
      "profit_factor": 1.9444,
      "fitness": 68.8246,
      "dna": {
        "min_score": 1,
        "rsi_buy_threshold": 42.610363374043025,
        "rsi_sell_threshold": 65.22857534253217,
        "r2_min": 0.1,
        "slope_min": 0.1,
        "volume_ratio_min": 1.7778693787598636,
        "hold_days": 2,
        "stop_loss_pct": 3.1244550514574456,
        "take_profit_pct": 19.950332765345934,
        "max_positions": 1,
        "dip_threshold_pct": 3.0,
        "r2_trend_min": 0.238984257683795,
        "w_momentum": 0.0,
        "w_mean_reversion": 0.1129,
        "w_volume": 0.0419,
        "w_trend": 0.0227,
        "w_pattern": 0.8224
      }
    },
    {
      "annual_return": 165.0191,
      "max_drawdown": 24.8587,
      "win_rate": 45.4545,
      "sharpe": 1.8802,
      "calmar": 6.6383,
      "total_trades": 231,
      "profit_factor": 1.6229,
      "fitness": 61.5848,
      "dna": {
        "min_score": 1,
        "rsi_buy_threshold": 21.294514719217716,
        "rsi_sell_threshold": 91.55748269331802,
        "r2_min": 0.12488523667638324,
        "slope_min": 0.14332914110702347,
        "volume_ratio_min": 1.5589414403954431,
        "hold_days": 2,
        "stop_loss_pct": 3.1371984592574758,
        "take_profit_pct": 27.298310415914237,
        "max_positions": 1,
        "dip_threshold_pct": 4.372217063353881,
        "r2_trend_min": 0.2,
        "w_momentum": 0.0,
        "w_mean_reversion": 0.1027,
        "w_volume": 0.048,
        "w_trend": 0.0229,
        "w_pattern": 0.8264
      }
    }
  ]
}