{
  "generation": 519,
  "timestamp": "2026-03-20T16:50:40",
  "results": [
    {
      "annual_return": 259.7286,
      "max_drawdown": 33.9921,
      "win_rate": 50.5495,
      "sharpe": 2.0985,
      "calmar": 7.6409,
      "total_trades": 182,
      "profit_factor": 1.6176,
      "fitness": 77.1258,
      "dna": {
        "min_score": 1,
        "rsi_buy_threshold": 28.910038687433264,
        "rsi_sell_threshold": 61.01253069654579,
        "r2_min": 0.10105393056876544,
        "slope_min": 0.5573861841000404,
        "volume_ratio_min": 0.990021635646789,
        "hold_days": 2,
        "stop_loss_pct": 5.7891665070427845,
        "take_profit_pct": 42.151640956887036,
        "max_positions": 1,
        "dip_threshold_pct": 3.0,
        "r2_trend_min": 0.3501270984908321,
        "w_momentum": 0.0,
        "w_mean_reversion": 0.0113,
        "w_volume": 0.1405,
        "w_trend": 0.0156,
        "w_pattern": 0.8326
      }
    },
    {
      "annual_return": 148.537,
      "max_drawdown": 26.9948,
      "win_rate": 45.2586,
      "sharpe": 1.8804,
      "calmar": 5.5024,
      "total_trades": 232,
      "profit_factor": 1.5944,
      "fitness": 50.939,
      "dna": {
        "min_score": 1,
        "rsi_buy_threshold": 14.00551189098364,
        "rsi_sell_threshold": 62.29260758188624,
        "r2_min": 0.22774774008146212,
        "slope_min": 0.7309568643054638,
        "volume_ratio_min": 1.0236312984404474,
        "hold_days": 2,
        "stop_loss_pct": 3.0997945555411075,
        "take_profit_pct": 30.84327180391008,
        "max_positions": 1,
        "dip_threshold_pct": 3.0,
        "r2_trend_min": 0.40831607673849774,
        "w_momentum": 0.0,
        "w_mean_reversion": 0.0152,
        "w_volume": 0.0958,
        "w_trend": 0.0,
        "w_pattern": 0.8891
      }
    },
    {
      "annual_return": 142.7908,
      "max_drawdown": 29.7982,
      "win_rate": 43.7229,
      "sharpe": 1.9767,
      "calmar": 4.7919,
      "total_trades": 231,
      "profit_factor": 1.6093,
      "fitness": 44.2127,
      "dna": {
        "min_score": 1,
        "rsi_buy_threshold": 15.568387956947385,
        "rsi_sell_threshold": 73.01585795184123,
        "r2_min": 0.18583108525989178,
        "slope_min": 0.7309568643054638,
        "volume_ratio_min": 1.0236312984404474,
        "hold_days": 2,
        "stop_loss_pct": 2.538993404779074,
        "take_profit_pct": 30.84327180391008,
        "max_positions": 1,
        "dip_threshold_pct": 3.0,
        "r2_trend_min": 0.40831607673849774,
        "w_momentum": 0.0,
        "w_mean_reversion": 0.0147,
        "w_volume": 0.1266,
        "w_trend": 0.0,
        "w_pattern": 0.8588
      }
    },
    {
      "annual_return": 111.5321,
      "max_drawdown": 27.5419,
      "win_rate": 53.0172,
      "sharpe": 2.0664,
      "calmar": 4.0495,
      "total_trades": 232,
      "profit_factor": 1.5173,
      "fitness": 41.6717,
      "dna": {
        "min_score": 1,
        "rsi_buy_threshold": 19.46615420946233,
        "rsi_sell_threshold": 62.29260758188624,
        "r2_min": 0.1624630101224795,
        "slope_min": 0.7309568643054638,
        "volume_ratio_min": 0.7290530963392774,
        "hold_days": 2,
        "stop_loss_pct": 3.5826162832998194,
        "take_profit_pct": 30.84327180391008,
        "max_positions": 1,
        "dip_threshold_pct": 3.0,
        "r2_trend_min": 0.40831607673849774,
        "w_momentum": 0.0,
        "w_mean_reversion": 0.0147,
        "w_volume": 0.125,
        "w_trend": 0.0,
        "w_pattern": 0.8603
      }
    },
    {
      "annual_return": 102.9839,
      "max_drawdown": 28.707,
      "win_rate": 46.7532,
      "sharpe": 1.6511,
      "calmar": 3.5874,
      "total_trades": 231,
      "profit_factor": 1.4166,
      "fitness": 32.6295,
      "dna": {
        "min_score": 1,
        "rsi_buy_threshold": 19.46615420946233,
        "rsi_sell_threshold": 55.0,
        "r2_min": 0.22020394299183146,
        "slope_min": 0.7309568643054638,
        "volume_ratio_min": 1.0236312984404474,
        "hold_days": 2,
        "stop_loss_pct": 3.5826162832998194,
        "take_profit_pct": 30.84327180391008,
        "max_positions": 1,
        "dip_threshold_pct": 3.0,
        "r2_trend_min": 0.40831607673849774,
        "w_momentum": 0.0,
        "w_mean_reversion": 0.0225,
        "w_volume": 0.0786,
        "w_trend": 0.0,
        "w_pattern": 0.8989
      }
    }
  ]
}