{
  "generation": 839,
  "timestamp": "2026-03-20T19:28:54",
  "results": [
    {
      "annual_return": 157.9031,
      "max_drawdown": 19.4344,
      "win_rate": 46.1039,
      "sharpe": 2.0123,
      "calmar": 8.1249,
      "total_trades": 154,
      "profit_factor": 2.1031,
      "fitness": 77.3707,
      "dna": {
        "min_score": 1,
        "rsi_buy_threshold": 26.43745548642049,
        "rsi_sell_threshold": 66.70198031693351,
        "r2_min": 0.2731999163603983,
        "slope_min": 0.2683246301539128,
        "volume_ratio_min": 1.1062209735571766,
        "hold_days": 3,
        "stop_loss_pct": 2.694513200981979,
        "take_profit_pct": 32.12215983866524,
        "max_positions": 1,
        "dip_threshold_pct": 26.290072412413735,
        "r2_trend_min": 0.2188330602470217,
        "w_momentum": 0.0,
        "w_mean_reversion": 0.5473,
        "w_volume": 0.2867,
        "w_trend": 0.1425,
        "w_pattern": 0.0234
      }
    },
    {
      "annual_return": 171.1396,
      "max_drawdown": 22.3547,
      "win_rate": 42.4242,
      "sharpe": 2.2289,
      "calmar": 7.6556,
      "total_trades": 231,
      "profit_factor": 1.8783,
      "fitness": 72.0922,
      "dna": {
        "min_score": 1,
        "rsi_buy_threshold": 24.405655270883,
        "rsi_sell_threshold": 95.0,
        "r2_min": 0.2731999163603983,
        "slope_min": 0.16489619368823813,
        "volume_ratio_min": 1.5105944390970265,
        "hold_days": 2,
        "stop_loss_pct": 2.107781481205194,
        "take_profit_pct": 22.59926431666743,
        "max_positions": 1,
        "dip_threshold_pct": 26.290072412413735,
        "r2_trend_min": 0.2,
        "w_momentum": 0.0093,
        "w_mean_reversion": 0.5404,
        "w_volume": 0.3399,
        "w_trend": 0.0894,
        "w_pattern": 0.021
      }
    },
    {
      "annual_return": 128.8476,
      "max_drawdown": 17.7827,
      "win_rate": 39.2241,
      "sharpe": 2.1889,
      "calmar": 7.2457,
      "total_trades": 232,
      "profit_factor": 1.8942,
      "fitness": 65.2447,
      "dna": {
        "min_score": 1,
        "rsi_buy_threshold": 19.332604457321985,
        "rsi_sell_threshold": 95.0,
        "r2_min": 0.2731999163603983,
        "slope_min": 0.17828539309149632,
        "volume_ratio_min": 1.4044137774521948,
        "hold_days": 2,
        "stop_loss_pct": 1.5675883248313673,
        "take_profit_pct": 16.64866433508022,
        "max_positions": 1,
        "dip_threshold_pct": 26.290072412413735,
        "r2_trend_min": 0.2188330602470217,
        "w_momentum": 0.0,
        "w_mean_reversion": 0.6103,
        "w_volume": 0.278,
        "w_trend": 0.1019,
        "w_pattern": 0.0098
      }
    },
    {
      "annual_return": 116.5439,
      "max_drawdown": 26.6659,
      "win_rate": 34.9206,
      "sharpe": 1.9793,
      "calmar": 4.3705,
      "total_trades": 189,
      "profit_factor": 1.8694,
      "fitness": 36.0507,
      "dna": {
        "min_score": 1,
        "rsi_buy_threshold": 34.10518602557381,
        "rsi_sell_threshold": 82.59887104959094,
        "r2_min": 0.2340489562808759,
        "slope_min": 0.14346792503340025,
        "volume_ratio_min": 1.3172685618990234,
        "hold_days": 2,
        "stop_loss_pct": 1.5049629789237275,
        "take_profit_pct": 20.82534229282522,
        "max_positions": 1,
        "dip_threshold_pct": 30.0,
        "r2_trend_min": 0.2599964742345416,
        "w_momentum": 0.0098,
        "w_mean_reversion": 0.4736,
        "w_volume": 0.4239,
        "w_trend": 0.0718,
        "w_pattern": 0.021
      }
    },
    {
      "annual_return": 84.3683,
      "max_drawdown": 23.9333,
      "win_rate": 38.6957,
      "sharpe": 1.5224,
      "calmar": 3.5251,
      "total_trades": 230,
      "profit_factor": 1.4558,
      "fitness": 28.6052,
      "dna": {
        "min_score": 1,
        "rsi_buy_threshold": 43.49331408537797,
        "rsi_sell_threshold": 76.29336419189158,
        "r2_min": 0.52410895075405,
        "slope_min": 0.2517029909973349,
        "volume_ratio_min": 1.0878542913311258,
        "hold_days": 2,
        "stop_loss_pct": 1.996315524395471,
        "take_profit_pct": 28.085215703858115,
        "max_positions": 1,
        "dip_threshold_pct": 21.549694511247477,
        "r2_trend_min": 0.25423396943194243,
        "w_momentum": 0.0,
        "w_mean_reversion": 0.5965,
        "w_volume": 0.2894,
        "w_trend": 0.0871,
        "w_pattern": 0.027
      }
    }
  ]
}