{
  "generation": 359,
  "timestamp": "2026-03-20T15:34:39",
  "results": [
    {
      "annual_return": 227.1935,
      "max_drawdown": 24.5884,
      "win_rate": 55.8442,
      "sharpe": 2.5177,
      "calmar": 9.2399,
      "total_trades": 231,
      "profit_factor": 1.6595,
      "fitness": 103.8177,
      "dna": {
        "min_score": 1,
        "rsi_buy_threshold": 43.44270349898828,
        "rsi_sell_threshold": 81.4848592792848,
        "r2_min": 0.13932914071755823,
        "slope_min": 0.1973804229947332,
        "volume_ratio_min": 1.0747408224564174,
        "hold_days": 2,
        "stop_loss_pct": 8.723745451290126,
        "take_profit_pct": 23.502602517962057,
        "max_positions": 1,
        "dip_threshold_pct": 5.688430538669003,
        "r2_trend_min": 0.20161388921852147,
        "w_momentum": 0.0,
        "w_mean_reversion": 0.3451,
        "w_volume": 0.0902,
        "w_trend": 0.0284,
        "w_pattern": 0.5363
      }
    },
    {
      "annual_return": 160.5529,
      "max_drawdown": 28.3081,
      "win_rate": 56.4655,
      "sharpe": 2.4403,
      "calmar": 5.6716,
      "total_trades": 232,
      "profit_factor": 1.985,
      "fitness": 63.4191,
      "dna": {
        "min_score": 1,
        "rsi_buy_threshold": 32.04065099967712,
        "rsi_sell_threshold": 69.6262366195567,
        "r2_min": 0.17960734237548648,
        "slope_min": 0.12308449265058857,
        "volume_ratio_min": 1.055887348012764,
        "hold_days": 2,
        "stop_loss_pct": 7.12850275425673,
        "take_profit_pct": 14.092548301707694,
        "max_positions": 1,
        "dip_threshold_pct": 6.876692207343613,
        "r2_trend_min": 0.24717768296192275,
        "w_momentum": 0.0,
        "w_mean_reversion": 0.2451,
        "w_volume": 0.0655,
        "w_trend": 0.0091,
        "w_pattern": 0.6803
      }
    },
    {
      "annual_return": 108.6454,
      "max_drawdown": 18.1457,
      "win_rate": 52.1552,
      "sharpe": 1.8102,
      "calmar": 5.9874,
      "total_trades": 232,
      "profit_factor": 1.4474,
      "fitness": 58.8946,
      "dna": {
        "min_score": 1,
        "rsi_buy_threshold": 37.890916902857306,
        "rsi_sell_threshold": 55.0,
        "r2_min": 0.11470279637412538,
        "slope_min": 0.12308449265058857,
        "volume_ratio_min": 1.0135360485428044,
        "hold_days": 2,
        "stop_loss_pct": 7.12850275425673,
        "take_profit_pct": 12.871223845446197,
        "max_positions": 1,
        "dip_threshold_pct": 7.685567905511707,
        "r2_trend_min": 0.30106421997480165,
        "w_momentum": 0.0,
        "w_mean_reversion": 0.2316,
        "w_volume": 0.2154,
        "w_trend": 0.0,
        "w_pattern": 0.553
      }
    },
    {
      "annual_return": 218.3372,
      "max_drawdown": 52.2766,
      "win_rate": 51.7241,
      "sharpe": 2.0402,
      "calmar": 4.1766,
      "total_trades": 232,
      "profit_factor": 1.9943,
      "fitness": 42.2945,
      "dna": {
        "min_score": 1,
        "rsi_buy_threshold": 43.44270349898828,
        "rsi_sell_threshold": 81.4848592792848,
        "r2_min": 0.136954931752276,
        "slope_min": 0.22141688355950268,
        "volume_ratio_min": 0.929583796752727,
        "hold_days": 2,
        "stop_loss_pct": 8.723745451290126,
        "take_profit_pct": 23.502602517962057,
        "max_positions": 1,
        "dip_threshold_pct": 8.805764117402886,
        "r2_trend_min": 0.2259475204564233,
        "w_momentum": 0.0,
        "w_mean_reversion": 0.1731,
        "w_volume": 0.1487,
        "w_trend": 0.0135,
        "w_pattern": 0.6647
      }
    },
    {
      "annual_return": 119.7498,
      "max_drawdown": 31.1631,
      "win_rate": 54.7414,
      "sharpe": 2.0148,
      "calmar": 3.8427,
      "total_trades": 232,
      "profit_factor": 1.5616,
      "fitness": 39.8875,
      "dna": {
        "min_score": 1,
        "rsi_buy_threshold": 32.04065099967712,
        "rsi_sell_threshold": 95.0,
        "r2_min": 0.17960734237548648,
        "slope_min": 0.12308449265058857,
        "volume_ratio_min": 0.9375623321115747,
        "hold_days": 2,
        "stop_loss_pct": 7.12850275425673,
        "take_profit_pct": 14.092548301707694,
        "max_positions": 1,
        "dip_threshold_pct": 6.876692207343613,
        "r2_trend_min": 0.24717768296192275,
        "w_momentum": 0.0,
        "w_mean_reversion": 0.2302,
        "w_volume": 0.077,
        "w_trend": 0.0092,
        "w_pattern": 0.6837
      }
    }
  ]
}