{
  "generation": 1219,
  "timestamp": "2026-03-20T22:21:52",
  "results": [
    {
      "annual_return": 101.3257,
      "max_drawdown": 10.7993,
      "win_rate": 31.8966,
      "sharpe": 2.6043,
      "calmar": 9.3826,
      "total_trades": 232,
      "profit_factor": 1.9571,
      "fitness": 80.5901,
      "dna": {
        "min_score": 1,
        "rsi_buy_threshold": 20.36368268097671,
        "rsi_sell_threshold": 74.65179831382,
        "r2_min": 0.2212909826485993,
        "slope_min": 0.44085908015474146,
        "volume_ratio_min": 0.5,
        "hold_days": 2,
        "stop_loss_pct": 0.9469523851462291,
        "take_profit_pct": 7.182503691271117,
        "max_positions": 1,
        "dip_threshold_pct": 9.805022162695003,
        "r2_trend_min": 0.5452125266612721,
        "w_momentum": 0.0,
        "w_mean_reversion": 0.5846,
        "w_volume": 0.3504,
        "w_trend": 0.0283,
        "w_pattern": 0.0367
      }
    },
    {
      "annual_return": 66.491,
      "max_drawdown": 18.5778,
      "win_rate": 49.1304,
      "sharpe": 1.7306,
      "calmar": 3.5791,
      "total_trades": 230,
      "profit_factor": 1.3944,
      "fitness": 33.7697,
      "dna": {
        "min_score": 1,
        "rsi_buy_threshold": 16.225710459925164,
        "rsi_sell_threshold": 55.0,
        "r2_min": 0.16944686372827286,
        "slope_min": 0.44085908015474146,
        "volume_ratio_min": 0.5,
        "hold_days": 2,
        "stop_loss_pct": 2.383169348647481,
        "take_profit_pct": 8.525957511146617,
        "max_positions": 1,
        "dip_threshold_pct": 11.85936352953281,
        "r2_trend_min": 0.6017439824733646,
        "w_momentum": 0.0,
        "w_mean_reversion": 0.6087,
        "w_volume": 0.3213,
        "w_trend": 0.0349,
        "w_pattern": 0.0351
      }
    },
    {
      "annual_return": 74.8942,
      "max_drawdown": 17.4685,
      "win_rate": 31.0345,
      "sharpe": 1.9255,
      "calmar": 4.2874,
      "total_trades": 232,
      "profit_factor": 1.5521,
      "fitness": 33.0824,
      "dna": {
        "min_score": 1,
        "rsi_buy_threshold": 16.225710459925164,
        "rsi_sell_threshold": 74.65179831382,
        "r2_min": 0.16944686372827286,
        "slope_min": 0.44085908015474146,
        "volume_ratio_min": 0.609260850966773,
        "hold_days": 2,
        "stop_loss_pct": 1.2048147942691312,
        "take_profit_pct": 7.182503691271117,
        "max_positions": 1,
        "dip_threshold_pct": 7.572793405513776,
        "r2_trend_min": 0.5452125266612721,
        "w_momentum": 0.0,
        "w_mean_reversion": 0.6653,
        "w_volume": 0.2678,
        "w_trend": 0.0291,
        "w_pattern": 0.0377
      }
    },
    {
      "annual_return": 60.6421,
      "max_drawdown": 18.8523,
      "win_rate": 37.931,
      "sharpe": 1.7461,
      "calmar": 3.2167,
      "total_trades": 232,
      "profit_factor": 1.4829,
      "fitness": 26.7296,
      "dna": {
        "min_score": 1,
        "rsi_buy_threshold": 16.225710459925164,
        "rsi_sell_threshold": 65.76737285673572,
        "r2_min": 0.2212909826485993,
        "slope_min": 0.5085855390410775,
        "volume_ratio_min": 0.5,
        "hold_days": 2,
        "stop_loss_pct": 1.3467398542685156,
        "take_profit_pct": 7.182503691271117,
        "max_positions": 1,
        "dip_threshold_pct": 15.313448424657086,
        "r2_trend_min": 0.5452125266612721,
        "w_momentum": 0.0,
        "w_mean_reversion": 0.5474,
        "w_volume": 0.385,
        "w_trend": 0.0338,
        "w_pattern": 0.0338
      }
    },
    {
      "annual_return": 48.8332,
      "max_drawdown": 16.1566,
      "win_rate": 36.2069,
      "sharpe": 1.5966,
      "calmar": 3.0225,
      "total_trades": 232,
      "profit_factor": 1.5016,
      "fitness": 23.9944,
      "dna": {
        "min_score": 1,
        "rsi_buy_threshold": 19.663270995473965,
        "rsi_sell_threshold": 93.24330834942944,
        "r2_min": 0.16944686372827286,
        "slope_min": 0.44085908015474146,
        "volume_ratio_min": 0.5,
        "hold_days": 2,
        "stop_loss_pct": 1.3467398542685156,
        "take_profit_pct": 7.182503691271117,
        "max_positions": 1,
        "dip_threshold_pct": 9.805022162695003,
        "r2_trend_min": 0.606245092762421,
        "w_momentum": 0.0,
        "w_mean_reversion": 0.6353,
        "w_volume": 0.283,
        "w_trend": 0.0308,
        "w_pattern": 0.051
      }
    }
  ]
}