{
  "generation": 979,
  "timestamp": "2026-03-20T20:41:20",
  "results": [
    {
      "annual_return": 214.6125,
      "max_drawdown": 21.6217,
      "win_rate": 51.2931,
      "sharpe": 2.7386,
      "calmar": 9.9258,
      "total_trades": 232,
      "profit_factor": 1.864,
      "fitness": 110.0234,
      "dna": {
        "min_score": 1,
        "rsi_buy_threshold": 47.519750627423534,
        "rsi_sell_threshold": 74.1547816143127,
        "r2_min": 0.13241817423716987,
        "slope_min": 0.1,
        "volume_ratio_min": 1.1979300547324199,
        "hold_days": 2,
        "stop_loss_pct": 5.658828010260573,
        "take_profit_pct": 8.438451962437362,
        "max_positions": 1,
        "dip_threshold_pct": 16.849685890881663,
        "r2_trend_min": 0.2,
        "w_momentum": 0.0,
        "w_mean_reversion": 0.1431,
        "w_volume": 0.8426,
        "w_trend": 0.0143,
        "w_pattern": 0.0
      }
    },
    {
      "annual_return": 147.5655,
      "max_drawdown": 26.3761,
      "win_rate": 49.1304,
      "sharpe": 2.0823,
      "calmar": 5.5947,
      "total_trades": 230,
      "profit_factor": 1.4571,
      "fitness": 55.5465,
      "dna": {
        "min_score": 1,
        "rsi_buy_threshold": 47.519750627423534,
        "rsi_sell_threshold": 67.75086483475454,
        "r2_min": 0.1,
        "slope_min": 0.14067249988451894,
        "volume_ratio_min": 1.2166503598105889,
        "hold_days": 2,
        "stop_loss_pct": 5.839044730107415,
        "take_profit_pct": 8.396639659907343,
        "max_positions": 1,
        "dip_threshold_pct": 22.92952594564174,
        "r2_trend_min": 0.2,
        "w_momentum": 0.0,
        "w_mean_reversion": 0.2221,
        "w_volume": 0.7184,
        "w_trend": 0.0401,
        "w_pattern": 0.0194
      }
    },
    {
      "annual_return": 141.5479,
      "max_drawdown": 26.4656,
      "win_rate": 48.2609,
      "sharpe": 1.9794,
      "calmar": 5.3484,
      "total_trades": 230,
      "profit_factor": 1.5908,
      "fitness": 51.8638,
      "dna": {
        "min_score": 1,
        "rsi_buy_threshold": 47.519750627423534,
        "rsi_sell_threshold": 74.1547816143127,
        "r2_min": 0.13241817423716987,
        "slope_min": 0.1,
        "volume_ratio_min": 1.1979300547324199,
        "hold_days": 2,
        "stop_loss_pct": 5.658828010260573,
        "take_profit_pct": 11.951357032243692,
        "max_positions": 1,
        "dip_threshold_pct": 16.849685890881663,
        "r2_trend_min": 0.2,
        "w_momentum": 0.0,
        "w_mean_reversion": 0.1409,
        "w_volume": 0.8297,
        "w_trend": 0.0241,
        "w_pattern": 0.0054
      }
    },
    {
      "annual_return": 117.5602,
      "max_drawdown": 33.3801,
      "win_rate": 49.569,
      "sharpe": 1.8908,
      "calmar": 3.5219,
      "total_trades": 232,
      "profit_factor": 1.707,
      "fitness": 34.1723,
      "dna": {
        "min_score": 1,
        "rsi_buy_threshold": 35.83380102235034,
        "rsi_sell_threshold": 67.75086483475454,
        "r2_min": 0.11735259068567347,
        "slope_min": 0.12480784595482697,
        "volume_ratio_min": 1.0089717537791718,
        "hold_days": 2,
        "stop_loss_pct": 10.0,
        "take_profit_pct": 9.392107819919994,
        "max_positions": 1,
        "dip_threshold_pct": 22.92952594564174,
        "r2_trend_min": 0.2330877951977059,
        "w_momentum": 0.0121,
        "w_mean_reversion": 0.2555,
        "w_volume": 0.6506,
        "w_trend": 0.0595,
        "w_pattern": 0.0223
      }
    },
    {
      "annual_return": 154.3345,
      "max_drawdown": 45.6441,
      "win_rate": 50.431,
      "sharpe": 2.0337,
      "calmar": 3.3813,
      "total_trades": 232,
      "profit_factor": 1.5156,
      "fitness": 33.7785,
      "dna": {
        "min_score": 1,
        "rsi_buy_threshold": 47.519750627423534,
        "rsi_sell_threshold": 91.46608887756067,
        "r2_min": 0.1,
        "slope_min": 0.11160769971271738,
        "volume_ratio_min": 1.0089717537791718,
        "hold_days": 2,
        "stop_loss_pct": 6.386758779700646,
        "take_profit_pct": 11.951357032243692,
        "max_positions": 1,
        "dip_threshold_pct": 22.50547303535627,
        "r2_trend_min": 0.24285100345101673,
        "w_momentum": 0.0,
        "w_mean_reversion": 0.139,
        "w_volume": 0.8027,
        "w_trend": 0.0321,
        "w_pattern": 0.0262
      }
    }
  ]
}