{
  "generation": 1029,
  "timestamp": "2026-03-20T21:04:50",
  "results": [
    {
      "annual_return": 328.9534,
      "max_drawdown": 26.1875,
      "win_rate": 53.0172,
      "sharpe": 2.8422,
      "calmar": 12.5615,
      "total_trades": 232,
      "profit_factor": 2.4356,
      "fitness": 143.4552,
      "dna": {
        "min_score": 1,
        "rsi_buy_threshold": 35.21951434608019,
        "rsi_sell_threshold": 95.0,
        "r2_min": 0.10442349900500089,
        "slope_min": 0.23711030581046522,
        "volume_ratio_min": 1.579085114702031,
        "hold_days": 2,
        "stop_loss_pct": 8.929159279970902,
        "take_profit_pct": 11.779489512628137,
        "max_positions": 1,
        "dip_threshold_pct": 21.611628380192727,
        "r2_trend_min": 0.33065653364784026,
        "w_momentum": 0.0007,
        "w_mean_reversion": 0.4085,
        "w_volume": 0.5417,
        "w_trend": 0.0125,
        "w_pattern": 0.0366
      }
    },
    {
      "annual_return": 283.5105,
      "max_drawdown": 34.4401,
      "win_rate": 52.5862,
      "sharpe": 2.7237,
      "calmar": 8.232,
      "total_trades": 232,
      "profit_factor": 1.9393,
      "fitness": 92.2138,
      "dna": {
        "min_score": 1,
        "rsi_buy_threshold": 19.450222442605728,
        "rsi_sell_threshold": 82.85062502961875,
        "r2_min": 0.1,
        "slope_min": 0.3701715323837483,
        "volume_ratio_min": 1.1837924254295198,
        "hold_days": 2,
        "stop_loss_pct": 7.547118147971388,
        "take_profit_pct": 11.225863386183699,
        "max_positions": 1,
        "dip_threshold_pct": 16.718245289115245,
        "r2_trend_min": 0.31328422083974417,
        "w_momentum": 0.01,
        "w_mean_reversion": 0.3994,
        "w_volume": 0.5763,
        "w_trend": 0.0013,
        "w_pattern": 0.013
      }
    },
    {
      "annual_return": 144.3773,
      "max_drawdown": 31.2596,
      "win_rate": 53.2468,
      "sharpe": 1.9509,
      "calmar": 4.6187,
      "total_trades": 154,
      "profit_factor": 1.5615,
      "fitness": 46.8524,
      "dna": {
        "min_score": 1,
        "rsi_buy_threshold": 28.873659134700016,
        "rsi_sell_threshold": 82.85062502961875,
        "r2_min": 0.1,
        "slope_min": 0.3917514706822665,
        "volume_ratio_min": 1.319805262990254,
        "hold_days": 3,
        "stop_loss_pct": 8.929159279970902,
        "take_profit_pct": 11.280983894399737,
        "max_positions": 1,
        "dip_threshold_pct": 13.44222310598497,
        "r2_trend_min": 0.31328422083974417,
        "w_momentum": 0.0103,
        "w_mean_reversion": 0.2803,
        "w_volume": 0.675,
        "w_trend": 0.0112,
        "w_pattern": 0.0233
      }
    },
    {
      "annual_return": 111.9415,
      "max_drawdown": 23.5558,
      "win_rate": 50.2165,
      "sharpe": 1.6345,
      "calmar": 4.7522,
      "total_trades": 231,
      "profit_factor": 1.3152,
      "fitness": 44.6843,
      "dna": {
        "min_score": 1,
        "rsi_buy_threshold": 27.883031631870793,
        "rsi_sell_threshold": 95.0,
        "r2_min": 0.10442349900500089,
        "slope_min": 0.2788237568349692,
        "volume_ratio_min": 1.579085114702031,
        "hold_days": 2,
        "stop_loss_pct": 10.0,
        "take_profit_pct": 13.055637401198235,
        "max_positions": 1,
        "dip_threshold_pct": 14.342861968447693,
        "r2_trend_min": 0.2746859425447288,
        "w_momentum": 0.0006,
        "w_mean_reversion": 0.3618,
        "w_volume": 0.6053,
        "w_trend": 0.0204,
        "w_pattern": 0.012
      }
    },
    {
      "annual_return": 202.3521,
      "max_drawdown": 48.6037,
      "win_rate": 51.9481,
      "sharpe": 2.1539,
      "calmar": 4.1633,
      "total_trades": 231,
      "profit_factor": 1.7573,
      "fitness": 42.9334,
      "dna": {
        "min_score": 1,
        "rsi_buy_threshold": 30.325139793583336,
        "rsi_sell_threshold": 95.0,
        "r2_min": 0.11463892676505369,
        "slope_min": 0.15356398497294244,
        "volume_ratio_min": 1.4893492567941389,
        "hold_days": 2,
        "stop_loss_pct": 10.0,
        "take_profit_pct": 13.111340256175094,
        "max_positions": 1,
        "dip_threshold_pct": 16.718245289115245,
        "r2_trend_min": 0.4244280759592946,
        "w_momentum": 0.0101,
        "w_mean_reversion": 0.3173,
        "w_volume": 0.6482,
        "w_trend": 0.0199,
        "w_pattern": 0.0045
      }
    }
  ]
}