{
  "generation": 219,
  "timestamp": "2026-03-20T14:32:22",
  "results": [
    {
      "annual_return": 164.6866,
      "max_drawdown": 20.4191,
      "win_rate": 56.71,
      "sharpe": 2.0333,
      "calmar": 8.0653,
      "total_trades": 231,
      "profit_factor": 1.5037,
      "fitness": 85.4358,
      "dna": {
        "min_score": 1,
        "rsi_buy_threshold": 42.092884496307015,
        "rsi_sell_threshold": 55.0,
        "r2_min": 0.10075287187821844,
        "slope_min": 0.10554754879557643,
        "volume_ratio_min": 1.8867704663178155,
        "hold_days": 2,
        "stop_loss_pct": 10.0,
        "take_profit_pct": 41.076248325645125,
        "max_positions": 1,
        "dip_threshold_pct": 25.709808456079234,
        "r2_trend_min": 0.2513199930042724,
        "w_momentum": 0.0116,
        "w_mean_reversion": 0.3011,
        "w_volume": 0.1102,
        "w_trend": 0.0,
        "w_pattern": 0.5771
      }
    },
    {
      "annual_return": 180.0454,
      "max_drawdown": 22.2735,
      "win_rate": 51.7241,
      "sharpe": 2.0833,
      "calmar": 8.0834,
      "total_trades": 232,
      "profit_factor": 1.491,
      "fitness": 82.3582,
      "dna": {
        "min_score": 1,
        "rsi_buy_threshold": 42.092884496307015,
        "rsi_sell_threshold": 63.75328044894915,
        "r2_min": 0.13616118732989224,
        "slope_min": 0.11121386139438835,
        "volume_ratio_min": 1.7712695942636758,
        "hold_days": 2,
        "stop_loss_pct": 10.0,
        "take_profit_pct": 20.55432498974765,
        "max_positions": 1,
        "dip_threshold_pct": 24.524330680839096,
        "r2_trend_min": 0.2513199930042724,
        "w_momentum": 0.0,
        "w_mean_reversion": 0.3001,
        "w_volume": 0.0862,
        "w_trend": 0.0,
        "w_pattern": 0.6138
      }
    },
    {
      "annual_return": 188.0103,
      "max_drawdown": 24.2207,
      "win_rate": 52.5862,
      "sharpe": 2.2507,
      "calmar": 7.7624,
      "total_trades": 232,
      "profit_factor": 1.5528,
      "fitness": 81.6284,
      "dna": {
        "min_score": 1,
        "rsi_buy_threshold": 42.092884496307015,
        "rsi_sell_threshold": 55.0,
        "r2_min": 0.1,
        "slope_min": 0.10554754879557643,
        "volume_ratio_min": 1.8867704663178155,
        "hold_days": 2,
        "stop_loss_pct": 10.0,
        "take_profit_pct": 50.0,
        "max_positions": 1,
        "dip_threshold_pct": 25.709808456079234,
        "r2_trend_min": 0.2513199930042724,
        "w_momentum": 0.0196,
        "w_mean_reversion": 0.3119,
        "w_volume": 0.1242,
        "w_trend": 0.0,
        "w_pattern": 0.5444
      }
    },
    {
      "annual_return": 178.88,
      "max_drawdown": 31.3997,
      "win_rate": 49.3506,
      "sharpe": 2.0271,
      "calmar": 5.6969,
      "total_trades": 231,
      "profit_factor": 1.6114,
      "fitness": 56.2454,
      "dna": {
        "min_score": 1,
        "rsi_buy_threshold": 48.83611673963131,
        "rsi_sell_threshold": 55.0,
        "r2_min": 0.11196021821465602,
        "slope_min": 0.11121386139438835,
        "volume_ratio_min": 1.7712695942636758,
        "hold_days": 2,
        "stop_loss_pct": 10.0,
        "take_profit_pct": 27.5158088849634,
        "max_positions": 1,
        "dip_threshold_pct": 16.99933769852542,
        "r2_trend_min": 0.2513199930042724,
        "w_momentum": 0.0,
        "w_mean_reversion": 0.2928,
        "w_volume": 0.1083,
        "w_trend": 0.0,
        "w_pattern": 0.5989
      }
    },
    {
      "annual_return": 141.1128,
      "max_drawdown": 30.9984,
      "win_rate": 51.0823,
      "sharpe": 1.9805,
      "calmar": 4.5523,
      "total_trades": 231,
      "profit_factor": 1.541,
      "fitness": 45.4235,
      "dna": {
        "min_score": 1,
        "rsi_buy_threshold": 33.58848806400366,
        "rsi_sell_threshold": 68.38616380261335,
        "r2_min": 0.11196021821465602,
        "slope_min": 0.11121386139438835,
        "volume_ratio_min": 1.3630781008863113,
        "hold_days": 2,
        "stop_loss_pct": 8.30003132951535,
        "take_profit_pct": 27.5158088849634,
        "max_positions": 1,
        "dip_threshold_pct": 21.37380050904121,
        "r2_trend_min": 0.2513199930042724,
        "w_momentum": 0.0173,
        "w_mean_reversion": 0.2749,
        "w_volume": 0.0572,
        "w_trend": 0.0,
        "w_pattern": 0.6506
      }
    }
  ]
}