{
  "generation": 129,
  "timestamp": "2026-03-20T13:59:37",
  "results": [
    {
      "annual_return": 138.5408,
      "max_drawdown": 35.2595,
      "win_rate": 50.0,
      "sharpe": 1.7346,
      "calmar": 3.9292,
      "total_trades": 232,
      "profit_factor": 1.3879,
      "fitness": 37.422,
      "dna": {
        "min_score": 1,
        "rsi_buy_threshold": 23.035818263591015,
        "rsi_sell_threshold": 88.15020547315684,
        "r2_min": 0.16231337292891423,
        "slope_min": 0.45669442115837344,
        "volume_ratio_min": 0.5151565271293622,
        "hold_days": 2,
        "stop_loss_pct": 10.0,
        "take_profit_pct": 12.142875254203872,
        "max_positions": 1,
        "dip_threshold_pct": 30.0,
        "r2_trend_min": 0.21709973747623265,
        "w_momentum": 0.104,
        "w_mean_reversion": 0.1408,
        "w_volume": 0.0854,
        "w_trend": 0.0976,
        "w_pattern": 0.5722
      }
    },
    {
      "annual_return": 111.1415,
      "max_drawdown": 30.7295,
      "win_rate": 48.9177,
      "sharpe": 1.5995,
      "calmar": 3.6168,
      "total_trades": 231,
      "profit_factor": 1.3282,
      "fitness": 33.3886,
      "dna": {
        "min_score": 1,
        "rsi_buy_threshold": 31.21581274638764,
        "rsi_sell_threshold": 69.57427577436135,
        "r2_min": 0.14230384825942038,
        "slope_min": 0.47594739385717805,
        "volume_ratio_min": 0.6267885337689172,
        "hold_days": 2,
        "stop_loss_pct": 6.5358835081221365,
        "take_profit_pct": 15.708945462820168,
        "max_positions": 1,
        "dip_threshold_pct": 22.087342297808043,
        "r2_trend_min": 0.47724902641837375,
        "w_momentum": 0.0398,
        "w_mean_reversion": 0.1053,
        "w_volume": 0.0952,
        "w_trend": 0.1099,
        "w_pattern": 0.6498
      }
    },
    {
      "annual_return": 106.0448,
      "max_drawdown": 36.3951,
      "win_rate": 51.2931,
      "sharpe": 1.5418,
      "calmar": 2.9137,
      "total_trades": 232,
      "profit_factor": 1.2304,
      "fitness": 27.3027,
      "dna": {
        "min_score": 1,
        "rsi_buy_threshold": 26.43747498221428,
        "rsi_sell_threshold": 88.15020547315684,
        "r2_min": 0.1331925815723382,
        "slope_min": 0.36229449585145296,
        "volume_ratio_min": 0.6822316308540178,
        "hold_days": 2,
        "stop_loss_pct": 10.0,
        "take_profit_pct": 12.142875254203872,
        "max_positions": 1,
        "dip_threshold_pct": 30.0,
        "r2_trend_min": 0.2,
        "w_momentum": 0.0901,
        "w_mean_reversion": 0.1221,
        "w_volume": 0.0952,
        "w_trend": 0.0846,
        "w_pattern": 0.608
      }
    },
    {
      "annual_return": 126.4316,
      "max_drawdown": 44.9736,
      "win_rate": 51.9481,
      "sharpe": 1.6833,
      "calmar": 2.8112,
      "total_trades": 154,
      "profit_factor": 1.5083,
      "fitness": 27.0835,
      "dna": {
        "min_score": 1,
        "rsi_buy_threshold": 23.035818263591015,
        "rsi_sell_threshold": 88.15020547315684,
        "r2_min": 0.16231337292891423,
        "slope_min": 0.36229449585145296,
        "volume_ratio_min": 0.5873370289029851,
        "hold_days": 3,
        "stop_loss_pct": 10.0,
        "take_profit_pct": 12.142875254203872,
        "max_positions": 1,
        "dip_threshold_pct": 30.0,
        "r2_trend_min": 0.21709973747623265,
        "w_momentum": 0.0933,
        "w_mean_reversion": 0.1133,
        "w_volume": 0.0766,
        "w_trend": 0.0875,
        "w_pattern": 0.6293
      }
    },
    {
      "annual_return": 110.8278,
      "max_drawdown": 40.6654,
      "win_rate": 47.4138,
      "sharpe": 1.5369,
      "calmar": 2.7254,
      "total_trades": 232,
      "profit_factor": 1.3135,
      "fitness": 24.5344,
      "dna": {
        "min_score": 1,
        "rsi_buy_threshold": 23.035818263591015,
        "rsi_sell_threshold": 70.58164022682182,
        "r2_min": 0.23729570390105514,
        "slope_min": 0.2839034372211896,
        "volume_ratio_min": 0.8627876648990007,
        "hold_days": 2,
        "stop_loss_pct": 8.89501483188975,
        "take_profit_pct": 12.142875254203872,
        "max_positions": 1,
        "dip_threshold_pct": 22.262442363236623,
        "r2_trend_min": 0.39254512694078436,
        "w_momentum": 0.0867,
        "w_mean_reversion": 0.1273,
        "w_volume": 0.0474,
        "w_trend": 0.0907,
        "w_pattern": 0.6479
      }
    }
  ]
}