{
  "generation": 589,
  "timestamp": "2026-03-20T17:21:22",
  "results": [
    {
      "annual_return": 171.7311,
      "max_drawdown": 13.9408,
      "win_rate": 34.9345,
      "sharpe": 2.5755,
      "calmar": 12.3186,
      "total_trades": 229,
      "profit_factor": 1.849,
      "fitness": 110.3131,
      "dna": {
        "min_score": 1,
        "rsi_buy_threshold": 24.097467048076723,
        "rsi_sell_threshold": 55.0,
        "r2_min": 0.8600172208285098,
        "slope_min": 0.3911909841714142,
        "volume_ratio_min": 2.649764872451728,
        "hold_days": 2,
        "stop_loss_pct": 1.2433293477919518,
        "take_profit_pct": 17.21116213812351,
        "max_positions": 1,
        "dip_threshold_pct": 8.229898562770506,
        "r2_trend_min": 0.505379147519956,
        "w_momentum": 0.0166,
        "w_mean_reversion": 0.5119,
        "w_volume": 0.4316,
        "w_trend": 0.0174,
        "w_pattern": 0.0225
      }
    },
    {
      "annual_return": 140.4433,
      "max_drawdown": 20.2438,
      "win_rate": 36.7965,
      "sharpe": 2.0804,
      "calmar": 6.9376,
      "total_trades": 231,
      "profit_factor": 1.8263,
      "fitness": 59.5936,
      "dna": {
        "min_score": 1,
        "rsi_buy_threshold": 50.0,
        "rsi_sell_threshold": 63.563151989759255,
        "r2_min": 0.4075048119031156,
        "slope_min": 0.30384567609137264,
        "volume_ratio_min": 1.9992387910064495,
        "hold_days": 2,
        "stop_loss_pct": 1.6746630959536142,
        "take_profit_pct": 20.227174865914147,
        "max_positions": 1,
        "dip_threshold_pct": 10.336112059534024,
        "r2_trend_min": 0.41709829833599116,
        "w_momentum": 0.0056,
        "w_mean_reversion": 0.6424,
        "w_volume": 0.3315,
        "w_trend": 0.0167,
        "w_pattern": 0.0038
      }
    },
    {
      "annual_return": 99.1912,
      "max_drawdown": 17.9734,
      "win_rate": 39.6552,
      "sharpe": 1.7994,
      "calmar": 5.5188,
      "total_trades": 232,
      "profit_factor": 1.4674,
      "fitness": 47.2601,
      "dna": {
        "min_score": 1,
        "rsi_buy_threshold": 38.92611884124617,
        "rsi_sell_threshold": 55.0,
        "r2_min": 0.3377928660868972,
        "slope_min": 0.30384567609137264,
        "volume_ratio_min": 1.9992387910064495,
        "hold_days": 2,
        "stop_loss_pct": 2.154648385745519,
        "take_profit_pct": 17.50441043921467,
        "max_positions": 1,
        "dip_threshold_pct": 10.336112059534024,
        "r2_trend_min": 0.41709829833599116,
        "w_momentum": 0.0056,
        "w_mean_reversion": 0.6424,
        "w_volume": 0.3315,
        "w_trend": 0.0167,
        "w_pattern": 0.0038
      }
    },
    {
      "annual_return": 71.4101,
      "max_drawdown": 13.5967,
      "win_rate": 40.0862,
      "sharpe": 1.6656,
      "calmar": 5.252,
      "total_trades": 232,
      "profit_factor": 1.4181,
      "fitness": 44.3298,
      "dna": {
        "min_score": 1,
        "rsi_buy_threshold": 30.30876331037864,
        "rsi_sell_threshold": 69.8818070960296,
        "r2_min": 0.7332934156095763,
        "slope_min": 0.41232935752268096,
        "volume_ratio_min": 2.6027866548724603,
        "hold_days": 2,
        "stop_loss_pct": 1.5698713237784987,
        "take_profit_pct": 15.45051116027933,
        "max_positions": 1,
        "dip_threshold_pct": 3.4265498038237125,
        "r2_trend_min": 0.2217801243017632,
        "w_momentum": 0.0014,
        "w_mean_reversion": 0.569,
        "w_volume": 0.3872,
        "w_trend": 0.0198,
        "w_pattern": 0.0225
      }
    },
    {
      "annual_return": 106.1953,
      "max_drawdown": 25.3305,
      "win_rate": 44.3966,
      "sharpe": 1.9342,
      "calmar": 4.1924,
      "total_trades": 232,
      "profit_factor": 1.9794,
      "fitness": 38.7402,
      "dna": {
        "min_score": 1,
        "rsi_buy_threshold": 50.0,
        "rsi_sell_threshold": 69.8818070960296,
        "r2_min": 0.5757640276954944,
        "slope_min": 0.32700209020001453,
        "volume_ratio_min": 2.6027866548724603,
        "hold_days": 2,
        "stop_loss_pct": 2.1770079959001096,
        "take_profit_pct": 15.45051116027933,
        "max_positions": 1,
        "dip_threshold_pct": 3.4265498038237125,
        "r2_trend_min": 0.4491635333467996,
        "w_momentum": 0.0193,
        "w_mean_reversion": 0.6259,
        "w_volume": 0.3187,
        "w_trend": 0.0163,
        "w_pattern": 0.0198
      }
    }
  ]
}