{
  "generation": 1479,
  "timestamp": "2026-03-21T05:54:34",
  "results": [
    {
      "annual_return": 217.4805,
      "max_drawdown": 18.1891,
      "win_rate": 58.6207,
      "sharpe": 2.4005,
      "calmar": 11.9566,
      "total_trades": 116,
      "profit_factor": 2.3102,
      "fitness": 135.4953,
      "dna": {
        "min_score": 1,
        "rsi_buy_threshold": 14.35909373841895,
        "rsi_sell_threshold": 69.02300869189493,
        "r2_min": 0.1,
        "slope_min": 0.33758081380281924,
        "volume_ratio_min": 0.6462243660390357,
        "hold_days": 4,
        "stop_loss_pct": 10.0,
        "take_profit_pct": 37.96789224114275,
        "max_positions": 1,
        "dip_threshold_pct": 4.270521091903826,
        "r2_trend_min": 0.2,
        "w_momentum": 0.0103,
        "w_mean_reversion": 0.0535,
        "w_volume": 0.3089,
        "w_trend": 0.0,
        "w_pattern": 0.0648,
        "w_macd": 0.0888,
        "w_bollinger": 0.0961,
        "w_kdj": 0.045,
        "w_obv": 0.0779,
        "w_support": 0.1987,
        "w_volume_profile": 0.056
      }
    },
    {
      "annual_return": 155.4709,
      "max_drawdown": 17.8461,
      "win_rate": 52.2581,
      "sharpe": 1.9955,
      "calmar": 8.7118,
      "total_trades": 155,
      "profit_factor": 2.0847,
      "fitness": 88.1107,
      "dna": {
        "min_score": 1,
        "rsi_buy_threshold": 17.168742234039584,
        "rsi_sell_threshold": 55.0,
        "r2_min": 0.1,
        "slope_min": 0.33758081380281924,
        "volume_ratio_min": 0.5778324891032423,
        "hold_days": 3,
        "stop_loss_pct": 10.0,
        "take_profit_pct": 37.96789224114275,
        "max_positions": 1,
        "dip_threshold_pct": 4.270521091903826,
        "r2_trend_min": 0.2,
        "w_momentum": 0.0112,
        "w_mean_reversion": 0.0578,
        "w_volume": 0.2534,
        "w_trend": 0.0,
        "w_pattern": 0.0645,
        "w_macd": 0.096,
        "w_bollinger": 0.104,
        "w_kdj": 0.0487,
        "w_obv": 0.0716,
        "w_support": 0.2148,
        "w_volume_profile": 0.0779
      }
    },
    {
      "annual_return": 112.3071,
      "max_drawdown": 14.3011,
      "win_rate": 52.5862,
      "sharpe": 1.9483,
      "calmar": 7.8531,
      "total_trades": 116,
      "profit_factor": 1.7503,
      "fitness": 79.1379,
      "dna": {
        "min_score": 1,
        "rsi_buy_threshold": 14.35909373841895,
        "rsi_sell_threshold": 69.02300869189493,
        "r2_min": 0.1,
        "slope_min": 0.3875874368348314,
        "volume_ratio_min": 0.6462243660390357,
        "hold_days": 4,
        "stop_loss_pct": 10.0,
        "take_profit_pct": 42.30782035402589,
        "max_positions": 1,
        "dip_threshold_pct": 4.270521091903826,
        "r2_trend_min": 0.2,
        "w_momentum": 0.0003,
        "w_mean_reversion": 0.0445,
        "w_volume": 0.3161,
        "w_trend": 0.0,
        "w_pattern": 0.0663,
        "w_macd": 0.0768,
        "w_bollinger": 0.0983,
        "w_kdj": 0.0572,
        "w_obv": 0.0797,
        "w_support": 0.2033,
        "w_volume_profile": 0.0573
      }
    },
    {
      "annual_return": 202.8359,
      "max_drawdown": 33.316,
      "win_rate": 58.6957,
      "sharpe": 2.3361,
      "calmar": 6.0882,
      "total_trades": 92,
      "profit_factor": 3.5065,
      "fitness": 68.4373,
      "dna": {
        "min_score": 1,
        "rsi_buy_threshold": 11.14882917186372,
        "rsi_sell_threshold": 55.0,
        "r2_min": 0.12597851788307446,
        "slope_min": 0.4168457464064771,
        "volume_ratio_min": 0.5778324891032423,
        "hold_days": 5,
        "stop_loss_pct": 10.0,
        "take_profit_pct": 37.96789224114275,
        "max_positions": 1,
        "dip_threshold_pct": 4.270521091903826,
        "r2_trend_min": 0.2,
        "w_momentum": 0.0,
        "w_mean_reversion": 0.0442,
        "w_volume": 0.4246,
        "w_trend": 0.0255,
        "w_pattern": 0.0541,
        "w_macd": 0.0706,
        "w_bollinger": 0.0439,
        "w_kdj": 0.0372,
        "w_obv": 0.0761,
        "w_support": 0.1643,
        "w_volume_profile": 0.0594
      }
    },
    {
      "annual_return": 163.5508,
      "max_drawdown": 27.5025,
      "win_rate": 60.0,
      "sharpe": 2.2435,
      "calmar": 5.9468,
      "total_trades": 115,
      "profit_factor": 2.5513,
      "fitness": 66.7326,
      "dna": {
        "min_score": 1,
        "rsi_buy_threshold": 14.35909373841895,
        "rsi_sell_threshold": 69.02300869189493,
        "r2_min": 0.1,
        "slope_min": 0.33758081380281924,
        "volume_ratio_min": 0.5778324891032423,
        "hold_days": 4,
        "stop_loss_pct": 10.0,
        "take_profit_pct": 37.96789224114275,
        "max_positions": 1,
        "dip_threshold_pct": 4.270521091903826,
        "r2_trend_min": 0.2,
        "w_momentum": 0.0105,
        "w_mean_reversion": 0.0543,
        "w_volume": 0.3134,
        "w_trend": 0.0,
        "w_pattern": 0.0511,
        "w_macd": 0.0901,
        "w_bollinger": 0.0975,
        "w_kdj": 0.0457,
        "w_obv": 0.079,
        "w_support": 0.2016,
        "w_volume_profile": 0.0568
      }
    }
  ]
}