{
  "generation": 639,
  "timestamp": "2026-03-20T17:52:12",
  "results": [
    {
      "annual_return": 198.9581,
      "max_drawdown": 13.28,
      "win_rate": 49.1379,
      "sharpe": 3.0041,
      "calmar": 14.9818,
      "total_trades": 232,
      "profit_factor": 2.0983,
      "fitness": 168.1186,
      "dna": {
        "min_score": 1,
        "rsi_buy_threshold": 50.0,
        "rsi_sell_threshold": 92.55348851797444,
        "r2_min": 0.34618075646025814,
        "slope_min": 0.35756067328993263,
        "volume_ratio_min": 1.0533467377954593,
        "hold_days": 2,
        "stop_loss_pct": 2.5952493735330338,
        "take_profit_pct": 6.643894049148023,
        "max_positions": 1,
        "dip_threshold_pct": 3.714207074959576,
        "r2_trend_min": 0.20607671563443436,
        "w_momentum": 0.0,
        "w_mean_reversion": 0.6137,
        "w_volume": 0.3542,
        "w_trend": 0.0321,
        "w_pattern": 0.0
      }
    },
    {
      "annual_return": 191.9256,
      "max_drawdown": 23.0864,
      "win_rate": 54.3478,
      "sharpe": 2.6771,
      "calmar": 8.3134,
      "total_trades": 230,
      "profit_factor": 1.7535,
      "fitness": 94.1011,
      "dna": {
        "min_score": 1,
        "rsi_buy_threshold": 50.0,
        "rsi_sell_threshold": 95.0,
        "r2_min": 0.6228804047837542,
        "slope_min": 0.6106858539807781,
        "volume_ratio_min": 1.612966401314717,
        "hold_days": 2,
        "stop_loss_pct": 4.920518871649763,
        "take_profit_pct": 6.1027979253730225,
        "max_positions": 1,
        "dip_threshold_pct": 3.0,
        "r2_trend_min": 0.2699386710252667,
        "w_momentum": 0.0,
        "w_mean_reversion": 0.5384,
        "w_volume": 0.4288,
        "w_trend": 0.0219,
        "w_pattern": 0.011
      }
    },
    {
      "annual_return": 122.7337,
      "max_drawdown": 20.3744,
      "win_rate": 52.5862,
      "sharpe": 2.1181,
      "calmar": 6.0239,
      "total_trades": 232,
      "profit_factor": 1.521,
      "fitness": 62.1879,
      "dna": {
        "min_score": 1,
        "rsi_buy_threshold": 50.0,
        "rsi_sell_threshold": 95.0,
        "r2_min": 0.5826299349190269,
        "slope_min": 0.49523324708392874,
        "volume_ratio_min": 1.612966401314717,
        "hold_days": 2,
        "stop_loss_pct": 4.838553848627754,
        "take_profit_pct": 5.248560527834112,
        "max_positions": 1,
        "dip_threshold_pct": 3.421479073003725,
        "r2_trend_min": 0.3106283418018313,
        "w_momentum": 0.0,
        "w_mean_reversion": 0.515,
        "w_volume": 0.4539,
        "w_trend": 0.0207,
        "w_pattern": 0.0104
      }
    },
    {
      "annual_return": 103.2813,
      "max_drawdown": 15.9563,
      "win_rate": 44.8276,
      "sharpe": 2.0679,
      "calmar": 6.4728,
      "total_trades": 232,
      "profit_factor": 1.6031,
      "fitness": 61.2609,
      "dna": {
        "min_score": 1,
        "rsi_buy_threshold": 50.0,
        "rsi_sell_threshold": 92.55348851797444,
        "r2_min": 0.34618075646025814,
        "slope_min": 0.35756067328993263,
        "volume_ratio_min": 1.3322288404405338,
        "hold_days": 2,
        "stop_loss_pct": 2.5952493735330338,
        "take_profit_pct": 6.643894049148023,
        "max_positions": 1,
        "dip_threshold_pct": 3.0,
        "r2_trend_min": 0.20607671563443436,
        "w_momentum": 0.0,
        "w_mean_reversion": 0.5345,
        "w_volume": 0.4401,
        "w_trend": 0.0254,
        "w_pattern": 0.0
      }
    },
    {
      "annual_return": 108.122,
      "max_drawdown": 19.4218,
      "win_rate": 49.1379,
      "sharpe": 2.2257,
      "calmar": 5.567,
      "total_trades": 232,
      "profit_factor": 1.7183,
      "fitness": 56.395,
      "dna": {
        "min_score": 1,
        "rsi_buy_threshold": 50.0,
        "rsi_sell_threshold": 92.55348851797444,
        "r2_min": 0.4376623614810564,
        "slope_min": 0.35756067328993263,
        "volume_ratio_min": 0.842980426141385,
        "hold_days": 2,
        "stop_loss_pct": 2.5952493735330338,
        "take_profit_pct": 6.643894049148023,
        "max_positions": 1,
        "dip_threshold_pct": 4.7011429843651555,
        "r2_trend_min": 0.20607671563443436,
        "w_momentum": 0.0,
        "w_mean_reversion": 0.6406,
        "w_volume": 0.3295,
        "w_trend": 0.0299,
        "w_pattern": 0.0
      }
    }
  ]
}