{
  "generation": 649,
  "timestamp": "2026-03-20T17:59:01",
  "results": [
    {
      "annual_return": 193.5923,
      "max_drawdown": 21.4402,
      "win_rate": 55.6034,
      "sharpe": 2.7008,
      "calmar": 9.0294,
      "total_trades": 232,
      "profit_factor": 2.2797,
      "fitness": 103.6989,
      "dna": {
        "min_score": 1,
        "rsi_buy_threshold": 47.279308415187536,
        "rsi_sell_threshold": 82.42357735844404,
        "r2_min": 0.2915444059472533,
        "slope_min": 0.35756067328993263,
        "volume_ratio_min": 0.7917836113263114,
        "hold_days": 2,
        "stop_loss_pct": 4.119574081247078,
        "take_profit_pct": 9.518512752935392,
        "max_positions": 1,
        "dip_threshold_pct": 3.0,
        "r2_trend_min": 0.24700426892011038,
        "w_momentum": 0.0098,
        "w_mean_reversion": 0.6627,
        "w_volume": 0.3033,
        "w_trend": 0.0241,
        "w_pattern": 0.0002
      }
    },
    {
      "annual_return": 130.3678,
      "max_drawdown": 23.1949,
      "win_rate": 41.3793,
      "sharpe": 2.3246,
      "calmar": 5.6205,
      "total_trades": 232,
      "profit_factor": 2.1424,
      "fitness": 52.9643,
      "dna": {
        "min_score": 1,
        "rsi_buy_threshold": 50.0,
        "rsi_sell_threshold": 57.07108323829693,
        "r2_min": 0.23259443895012163,
        "slope_min": 0.2659876661516638,
        "volume_ratio_min": 1.3313887212024866,
        "hold_days": 2,
        "stop_loss_pct": 1.905417711496749,
        "take_profit_pct": 9.518512752935392,
        "max_positions": 1,
        "dip_threshold_pct": 3.5552860584511192,
        "r2_trend_min": 0.3086324687682522,
        "w_momentum": 0.0,
        "w_mean_reversion": 0.514,
        "w_volume": 0.4385,
        "w_trend": 0.0473,
        "w_pattern": 0.0002
      }
    },
    {
      "annual_return": 103.5187,
      "max_drawdown": 23.1329,
      "win_rate": 48.2759,
      "sharpe": 1.8792,
      "calmar": 4.475,
      "total_trades": 232,
      "profit_factor": 1.5344,
      "fitness": 42.7784,
      "dna": {
        "min_score": 1,
        "rsi_buy_threshold": 47.279308415187536,
        "rsi_sell_threshold": 82.42357735844404,
        "r2_min": 0.2915444059472533,
        "slope_min": 0.35756067328993263,
        "volume_ratio_min": 0.7917836113263114,
        "hold_days": 2,
        "stop_loss_pct": 4.119574081247078,
        "take_profit_pct": 9.518512752935392,
        "max_positions": 1,
        "dip_threshold_pct": 3.0,
        "r2_trend_min": 0.24700426892011038,
        "w_momentum": 0.0092,
        "w_mean_reversion": 0.6197,
        "w_volume": 0.3577,
        "w_trend": 0.0132,
        "w_pattern": 0.0002
      }
    },
    {
      "annual_return": 138.1644,
      "max_drawdown": 32.8855,
      "win_rate": 47.4138,
      "sharpe": 2.2429,
      "calmar": 4.2014,
      "total_trades": 232,
      "profit_factor": 1.8921,
      "fitness": 41.9068,
      "dna": {
        "min_score": 1,
        "rsi_buy_threshold": 50.0,
        "rsi_sell_threshold": 66.9028941162195,
        "r2_min": 0.30054278224065106,
        "slope_min": 0.35756067328993263,
        "volume_ratio_min": 1.1468638286164325,
        "hold_days": 2,
        "stop_loss_pct": 2.6179202597796176,
        "take_profit_pct": 10.643705769091165,
        "max_positions": 1,
        "dip_threshold_pct": 3.5552860584511192,
        "r2_trend_min": 0.3086324687682522,
        "w_momentum": 0.0,
        "w_mean_reversion": 0.5685,
        "w_volume": 0.3984,
        "w_trend": 0.0328,
        "w_pattern": 0.0002
      }
    },
    {
      "annual_return": 94.8382,
      "max_drawdown": 29.6189,
      "win_rate": 46.5517,
      "sharpe": 1.7928,
      "calmar": 3.2019,
      "total_trades": 232,
      "profit_factor": 1.4124,
      "fitness": 29.6798,
      "dna": {
        "min_score": 1,
        "rsi_buy_threshold": 47.279308415187536,
        "rsi_sell_threshold": 82.42357735844404,
        "r2_min": 0.2915444059472533,
        "slope_min": 0.41187097670643696,
        "volume_ratio_min": 0.9797961963114986,
        "hold_days": 2,
        "stop_loss_pct": 4.119574081247078,
        "take_profit_pct": 9.518512752935392,
        "max_positions": 1,
        "dip_threshold_pct": 3.296969931911041,
        "r2_trend_min": 0.2095384908919561,
        "w_momentum": 0.0,
        "w_mean_reversion": 0.6427,
        "w_volume": 0.331,
        "w_trend": 0.0261,
        "w_pattern": 0.0002
      }
    }
  ]
}