{
  "generation": 149,
  "timestamp": "2026-03-20T14:06:27",
  "results": [
    {
      "annual_return": 121.9022,
      "max_drawdown": 28.7052,
      "win_rate": 53.4483,
      "sharpe": 1.6608,
      "calmar": 4.2467,
      "total_trades": 232,
      "profit_factor": 1.3473,
      "fitness": 41.3594,
      "dna": {
        "min_score": 1,
        "rsi_buy_threshold": 36.91163947634,
        "rsi_sell_threshold": 79.39929604786279,
        "r2_min": 0.10213970908501721,
        "slope_min": 0.5256013895777049,
        "volume_ratio_min": 0.8347497591659352,
        "hold_days": 2,
        "stop_loss_pct": 10.0,
        "take_profit_pct": 33.3671059668702,
        "max_positions": 1,
        "dip_threshold_pct": 25.13251564593239,
        "r2_trend_min": 0.30323172282320265,
        "w_momentum": 0.0509,
        "w_mean_reversion": 0.1126,
        "w_volume": 0.0852,
        "w_trend": 0.0681,
        "w_pattern": 0.6833
      }
    },
    {
      "annual_return": 111.3395,
      "max_drawdown": 32.5625,
      "win_rate": 54.3103,
      "sharpe": 1.6725,
      "calmar": 3.4193,
      "total_trades": 232,
      "profit_factor": 1.487,
      "fitness": 33.6272,
      "dna": {
        "min_score": 1,
        "rsi_buy_threshold": 50.0,
        "rsi_sell_threshold": 86.28740818149106,
        "r2_min": 0.19228798975873823,
        "slope_min": 0.4783836468887691,
        "volume_ratio_min": 1.318924374342203,
        "hold_days": 2,
        "stop_loss_pct": 7.453096585926565,
        "take_profit_pct": 43.7891686332744,
        "max_positions": 1,
        "dip_threshold_pct": 19.962777846350754,
        "r2_trend_min": 0.30323172282320265,
        "w_momentum": 0.0317,
        "w_mean_reversion": 0.1075,
        "w_volume": 0.0585,
        "w_trend": 0.0761,
        "w_pattern": 0.7263
      }
    },
    {
      "annual_return": 90.3927,
      "max_drawdown": 31.905,
      "win_rate": 51.2931,
      "sharpe": 1.3352,
      "calmar": 2.8332,
      "total_trades": 232,
      "profit_factor": 1.2931,
      "fitness": 25.7093,
      "dna": {
        "min_score": 1,
        "rsi_buy_threshold": 40.79110949775039,
        "rsi_sell_threshold": 95.0,
        "r2_min": 0.20540630321468534,
        "slope_min": 0.4783836468887691,
        "volume_ratio_min": 1.011274049385651,
        "hold_days": 2,
        "stop_loss_pct": 10.0,
        "take_profit_pct": 28.330753294784543,
        "max_positions": 1,
        "dip_threshold_pct": 29.4841906362644,
        "r2_trend_min": 0.30323172282320265,
        "w_momentum": 0.0272,
        "w_mean_reversion": 0.109,
        "w_volume": 0.091,
        "w_trend": 0.0537,
        "w_pattern": 0.719
      }
    },
    {
      "annual_return": 92.3364,
      "max_drawdown": 41.9477,
      "win_rate": 51.7241,
      "sharpe": 1.3921,
      "calmar": 2.2012,
      "total_trades": 232,
      "profit_factor": 1.3041,
      "fitness": 20.2389,
      "dna": {
        "min_score": 1,
        "rsi_buy_threshold": 50.0,
        "rsi_sell_threshold": 95.0,
        "r2_min": 0.2631381330908492,
        "slope_min": 0.3882435932728481,
        "volume_ratio_min": 1.711713406836548,
        "hold_days": 2,
        "stop_loss_pct": 9.967369233639547,
        "take_profit_pct": 38.540210828359236,
        "max_positions": 1,
        "dip_threshold_pct": 29.4841906362644,
        "r2_trend_min": 0.30323172282320265,
        "w_momentum": 0.018,
        "w_mean_reversion": 0.1117,
        "w_volume": 0.0782,
        "w_trend": 0.0551,
        "w_pattern": 0.737
      }
    },
    {
      "annual_return": 78.7801,
      "max_drawdown": 35.3403,
      "win_rate": 46.5517,
      "sharpe": 1.278,
      "calmar": 2.2292,
      "total_trades": 232,
      "profit_factor": 1.2357,
      "fitness": 19.097,
      "dna": {
        "min_score": 1,
        "rsi_buy_threshold": 50.0,
        "rsi_sell_threshold": 95.0,
        "r2_min": 0.16932786291272622,
        "slope_min": 0.3044892245322233,
        "volume_ratio_min": 1.4284140867815645,
        "hold_days": 2,
        "stop_loss_pct": 9.334101678470725,
        "take_profit_pct": 32.431155660830086,
        "max_positions": 1,
        "dip_threshold_pct": 29.623009581571928,
        "r2_trend_min": 0.30323172282320265,
        "w_momentum": 0.0209,
        "w_mean_reversion": 0.1216,
        "w_volume": 0.0639,
        "w_trend": 0.0637,
        "w_pattern": 0.7299
      }
    }
  ]
}