{
  "generation": 89,
  "timestamp": "2026-03-20T13:11:03",
  "results": [
    {
      "annual_return": 345.1771,
      "max_drawdown": 29.9335,
      "win_rate": 50.7527,
      "sharpe": 2.5165,
      "calmar": 11.5314,
      "total_trades": 465,
      "profit_factor": 1.3898,
      "fitness": 123.4983,
      "dna": {
        "min_score": 2,
        "rsi_buy_threshold": 31.233151108371036,
        "rsi_sell_threshold": 78.78160285734644,
        "r2_min": 0.1895049086932265,
        "slope_min": 0.7067390440105142,
        "volume_ratio_min": 0.906102461691326,
        "hold_days": 1,
        "stop_loss_pct": 10.0,
        "take_profit_pct": 8.232621571346128,
        "max_positions": 1,
        "dip_threshold_pct": 13.5835191628285,
        "r2_trend_min": 0.2,
        "w_momentum": 0.0686,
        "w_mean_reversion": 0.074,
        "w_volume": 0.2582,
        "w_trend": 0.3817,
        "w_pattern": 0.2177
      }
    },
    {
      "annual_return": 297.7547,
      "max_drawdown": 27.1358,
      "win_rate": 52.2581,
      "sharpe": 2.5373,
      "calmar": 10.9727,
      "total_trades": 465,
      "profit_factor": 1.3636,
      "fitness": 119.5746,
      "dna": {
        "min_score": 2,
        "rsi_buy_threshold": 31.233151108371036,
        "rsi_sell_threshold": 61.431799330146305,
        "r2_min": 0.16817633346990693,
        "slope_min": 0.6168798978905113,
        "volume_ratio_min": 0.906102461691326,
        "hold_days": 1,
        "stop_loss_pct": 7.576572278523342,
        "take_profit_pct": 6.259591984467921,
        "max_positions": 1,
        "dip_threshold_pct": 16.682128276287806,
        "r2_trend_min": 0.23828817734752183,
        "w_momentum": 0.0537,
        "w_mean_reversion": 0.0744,
        "w_volume": 0.2597,
        "w_trend": 0.3455,
        "w_pattern": 0.2668
      }
    },
    {
      "annual_return": 312.2339,
      "max_drawdown": 35.6449,
      "win_rate": 48.8172,
      "sharpe": 2.3896,
      "calmar": 8.7596,
      "total_trades": 465,
      "profit_factor": 1.2181,
      "fitness": 90.452,
      "dna": {
        "min_score": 2,
        "rsi_buy_threshold": 42.89503455235753,
        "rsi_sell_threshold": 56.597630970717816,
        "r2_min": 0.1895049086932265,
        "slope_min": 0.6460538871791754,
        "volume_ratio_min": 1.2206551336608016,
        "hold_days": 1,
        "stop_loss_pct": 10.0,
        "take_profit_pct": 7.422771851744391,
        "max_positions": 1,
        "dip_threshold_pct": 18.420164229389776,
        "r2_trend_min": 0.2517429287370641,
        "w_momentum": 0.0649,
        "w_mean_reversion": 0.0629,
        "w_volume": 0.3939,
        "w_trend": 0.2234,
        "w_pattern": 0.2549
      }
    },
    {
      "annual_return": 243.2861,
      "max_drawdown": 37.935,
      "win_rate": 49.8925,
      "sharpe": 2.1402,
      "calmar": 6.4132,
      "total_trades": 465,
      "profit_factor": 1.3065,
      "fitness": 64.6893,
      "dna": {
        "min_score": 2,
        "rsi_buy_threshold": 42.89503455235753,
        "rsi_sell_threshold": 73.11698793508329,
        "r2_min": 0.1895049086932265,
        "slope_min": 0.6460538871791754,
        "volume_ratio_min": 1.2206551336608016,
        "hold_days": 1,
        "stop_loss_pct": 10.0,
        "take_profit_pct": 7.422771851744391,
        "max_positions": 1,
        "dip_threshold_pct": 18.420164229389776,
        "r2_trend_min": 0.2,
        "w_momentum": 0.0864,
        "w_mean_reversion": 0.0753,
        "w_volume": 0.3136,
        "w_trend": 0.3029,
        "w_pattern": 0.2218
      }
    },
    {
      "annual_return": 209.7338,
      "max_drawdown": 34.5826,
      "win_rate": 52.4731,
      "sharpe": 2.216,
      "calmar": 6.0647,
      "total_trades": 465,
      "profit_factor": 1.3751,
      "fitness": 63.4019,
      "dna": {
        "min_score": 2,
        "rsi_buy_threshold": 36.3042324691228,
        "rsi_sell_threshold": 71.37518195045833,
        "r2_min": 0.2844786299061628,
        "slope_min": 1.0563676095755883,
        "volume_ratio_min": 0.8130780622612895,
        "hold_days": 1,
        "stop_loss_pct": 10.0,
        "take_profit_pct": 5.2909869884988385,
        "max_positions": 1,
        "dip_threshold_pct": 12.93413974538473,
        "r2_trend_min": 0.2164729356469488,
        "w_momentum": 0.0929,
        "w_mean_reversion": 0.0767,
        "w_volume": 0.15,
        "w_trend": 0.4049,
        "w_pattern": 0.2755
      }
    }
  ]
}