{
  "generation": 1349,
  "timestamp": "2026-03-21T00:11:12",
  "results": [
    {
      "annual_return": 222.4236,
      "max_drawdown": 15.2021,
      "win_rate": 47.619,
      "sharpe": 2.3736,
      "calmar": 14.6311,
      "total_trades": 231,
      "profit_factor": 1.9612,
      "fitness": 148.8933,
      "dna": {
        "min_score": 1,
        "rsi_buy_threshold": 10.0,
        "rsi_sell_threshold": 95.0,
        "r2_min": 0.15439753187752803,
        "slope_min": 0.34817854091868644,
        "volume_ratio_min": 0.5556441423948912,
        "hold_days": 2,
        "stop_loss_pct": 4.421762270661333,
        "take_profit_pct": 32.08638101393548,
        "max_positions": 1,
        "dip_threshold_pct": 7.9374893597446805,
        "r2_trend_min": 0.6585617338863536,
        "w_momentum": 0.0,
        "w_mean_reversion": 0.0821,
        "w_volume": 0.4182,
        "w_trend": 0.0,
        "w_pattern": 0.0458,
        "w_macd": 0.0809,
        "w_bollinger": 0.0893,
        "w_kdj": 0.0955,
        "w_obv": 0.0873,
        "w_support": 0.0448,
        "w_volume_profile": 0.056
      }
    },
    {
      "annual_return": 182.514,
      "max_drawdown": 14.6134,
      "win_rate": 56.4655,
      "sharpe": 2.6634,
      "calmar": 12.4895,
      "total_trades": 232,
      "profit_factor": 1.7958,
      "fitness": 143.8428,
      "dna": {
        "min_score": 1,
        "rsi_buy_threshold": 11.791493483979103,
        "rsi_sell_threshold": 78.3882540568229,
        "r2_min": 0.1,
        "slope_min": 0.3985432534160429,
        "volume_ratio_min": 0.6316077623954952,
        "hold_days": 2,
        "stop_loss_pct": 5.235429495080839,
        "take_profit_pct": 31.715550385118277,
        "max_positions": 1,
        "dip_threshold_pct": 10.404864743861523,
        "r2_trend_min": 0.8218870531860785,
        "w_momentum": 0.0,
        "w_mean_reversion": 0.0944,
        "w_volume": 0.4725,
        "w_trend": 0.01,
        "w_pattern": 0.0347,
        "w_macd": 0.0593,
        "w_bollinger": 0.0749,
        "w_kdj": 0.0532,
        "w_obv": 0.0603,
        "w_support": 0.0834,
        "w_volume_profile": 0.0572
      }
    },
    {
      "annual_return": 176.6113,
      "max_drawdown": 20.3602,
      "win_rate": 52.381,
      "sharpe": 2.4107,
      "calmar": 8.6743,
      "total_trades": 231,
      "profit_factor": 2.0028,
      "fitness": 93.0495,
      "dna": {
        "min_score": 1,
        "rsi_buy_threshold": 10.0,
        "rsi_sell_threshold": 95.0,
        "r2_min": 0.15439753187752803,
        "slope_min": 0.3903066606627546,
        "volume_ratio_min": 0.5345251249586791,
        "hold_days": 2,
        "stop_loss_pct": 3.2647853536733042,
        "take_profit_pct": 32.08638101393548,
        "max_positions": 1,
        "dip_threshold_pct": 8.518494650049774,
        "r2_trend_min": 0.95,
        "w_momentum": 0.0,
        "w_mean_reversion": 0.0769,
        "w_volume": 0.4786,
        "w_trend": 0.0,
        "w_pattern": 0.0318,
        "w_macd": 0.0588,
        "w_bollinger": 0.1055,
        "w_kdj": 0.0819,
        "w_obv": 0.0756,
        "w_support": 0.0385,
        "w_volume_profile": 0.0524
      }
    },
    {
      "annual_return": 196.9602,
      "max_drawdown": 22.6963,
      "win_rate": 49.1304,
      "sharpe": 2.2723,
      "calmar": 8.6781,
      "total_trades": 230,
      "profit_factor": 1.9149,
      "fitness": 88.4707,
      "dna": {
        "min_score": 1,
        "rsi_buy_threshold": 10.0,
        "rsi_sell_threshold": 95.0,
        "r2_min": 0.1,
        "slope_min": 0.3903066606627546,
        "volume_ratio_min": 0.6316077623954952,
        "hold_days": 2,
        "stop_loss_pct": 4.421762270661333,
        "take_profit_pct": 32.08638101393548,
        "max_positions": 1,
        "dip_threshold_pct": 6.841512034149466,
        "r2_trend_min": 0.9371336576225447,
        "w_momentum": 0.0,
        "w_mean_reversion": 0.1054,
        "w_volume": 0.4229,
        "w_trend": 0.0,
        "w_pattern": 0.0419,
        "w_macd": 0.0628,
        "w_bollinger": 0.0949,
        "w_kdj": 0.0874,
        "w_obv": 0.0807,
        "w_support": 0.0411,
        "w_volume_profile": 0.0629
      }
    },
    {
      "annual_return": 195.0427,
      "max_drawdown": 23.2129,
      "win_rate": 49.7835,
      "sharpe": 2.3329,
      "calmar": 8.4023,
      "total_trades": 231,
      "profit_factor": 1.977,
      "fitness": 86.946,
      "dna": {
        "min_score": 1,
        "rsi_buy_threshold": 10.0,
        "rsi_sell_threshold": 95.0,
        "r2_min": 0.1,
        "slope_min": 0.3220924303325352,
        "volume_ratio_min": 0.6316077623954952,
        "hold_days": 2,
        "stop_loss_pct": 3.3845754151613274,
        "take_profit_pct": 38.81703372000824,
        "max_positions": 1,
        "dip_threshold_pct": 7.9374893597446805,
        "r2_trend_min": 0.9371336576225447,
        "w_momentum": 0.0,
        "w_mean_reversion": 0.0868,
        "w_volume": 0.4068,
        "w_trend": 0.0,
        "w_pattern": 0.0592,
        "w_macd": 0.0926,
        "w_bollinger": 0.0767,
        "w_kdj": 0.0691,
        "w_obv": 0.0742,
        "w_support": 0.0755,
        "w_volume_profile": 0.0591
      }
    }
  ]
}