{
  "generation": 1359,
  "timestamp": "2026-03-21T00:38:01",
  "results": [
    {
      "annual_return": 247.4384,
      "max_drawdown": 26.8634,
      "win_rate": 49.569,
      "sharpe": 2.6145,
      "calmar": 9.211,
      "total_trades": 232,
      "profit_factor": 1.8354,
      "fitness": 98.7604,
      "dna": {
        "min_score": 1,
        "rsi_buy_threshold": 10.0,
        "rsi_sell_threshold": 58.054541434522804,
        "r2_min": 0.18709141421659406,
        "slope_min": 0.3583303586631957,
        "volume_ratio_min": 0.7180310750672851,
        "hold_days": 2,
        "stop_loss_pct": 5.621805124132921,
        "take_profit_pct": 50.0,
        "max_positions": 1,
        "dip_threshold_pct": 16.812591834323083,
        "r2_trend_min": 0.5743733001568802,
        "w_momentum": 0.0,
        "w_mean_reversion": 0.1351,
        "w_volume": 0.3681,
        "w_trend": 0.0107,
        "w_pattern": 0.0468,
        "w_macd": 0.0676,
        "w_bollinger": 0.0843,
        "w_kdj": 0.0831,
        "w_obv": 0.0623,
        "w_support": 0.0699,
        "w_volume_profile": 0.0721
      }
    },
    {
      "annual_return": 165.6941,
      "max_drawdown": 20.7252,
      "win_rate": 49.3506,
      "sharpe": 2.1203,
      "calmar": 7.9948,
      "total_trades": 231,
      "profit_factor": 1.6598,
      "fitness": 79.9799,
      "dna": {
        "min_score": 1,
        "rsi_buy_threshold": 15.149849981822639,
        "rsi_sell_threshold": 69.92480504294045,
        "r2_min": 0.12917416123631154,
        "slope_min": 0.4585202799629167,
        "volume_ratio_min": 0.7795867068778115,
        "hold_days": 2,
        "stop_loss_pct": 5.28429103754017,
        "take_profit_pct": 50.0,
        "max_positions": 1,
        "dip_threshold_pct": 16.812591834323083,
        "r2_trend_min": 0.6687783634889337,
        "w_momentum": 0.0106,
        "w_mean_reversion": 0.1022,
        "w_volume": 0.4138,
        "w_trend": 0.0203,
        "w_pattern": 0.0248,
        "w_macd": 0.0648,
        "w_bollinger": 0.0666,
        "w_kdj": 0.1114,
        "w_obv": 0.0596,
        "w_support": 0.067,
        "w_volume_profile": 0.059
      }
    },
    {
      "annual_return": 155.8201,
      "max_drawdown": 26.2217,
      "win_rate": 54.1126,
      "sharpe": 2.232,
      "calmar": 5.9424,
      "total_trades": 231,
      "profit_factor": 2.0439,
      "fitness": 63.227,
      "dna": {
        "min_score": 1,
        "rsi_buy_threshold": 11.855091686695834,
        "rsi_sell_threshold": 69.92480504294045,
        "r2_min": 0.11145092388308966,
        "slope_min": 0.4585202799629167,
        "volume_ratio_min": 0.6156316579121257,
        "hold_days": 2,
        "stop_loss_pct": 4.101275980022245,
        "take_profit_pct": 50.0,
        "max_positions": 1,
        "dip_threshold_pct": 16.812591834323083,
        "r2_trend_min": 0.6687783634889337,
        "w_momentum": 0.0005,
        "w_mean_reversion": 0.1284,
        "w_volume": 0.4109,
        "w_trend": 0.0102,
        "w_pattern": 0.0246,
        "w_macd": 0.0643,
        "w_bollinger": 0.0661,
        "w_kdj": 0.1106,
        "w_obv": 0.0592,
        "w_support": 0.0665,
        "w_volume_profile": 0.0586
      }
    },
    {
      "annual_return": 166.8967,
      "max_drawdown": 25.1506,
      "win_rate": 45.8874,
      "sharpe": 1.9639,
      "calmar": 6.6359,
      "total_trades": 231,
      "profit_factor": 1.8647,
      "fitness": 62.6079,
      "dna": {
        "min_score": 1,
        "rsi_buy_threshold": 11.096508527732803,
        "rsi_sell_threshold": 73.68955560589947,
        "r2_min": 0.1801440683268523,
        "slope_min": 0.37681215007858104,
        "volume_ratio_min": 0.6316077623954952,
        "hold_days": 2,
        "stop_loss_pct": 4.166954432410741,
        "take_profit_pct": 50.0,
        "max_positions": 1,
        "dip_threshold_pct": 7.38311737125045,
        "r2_trend_min": 0.6782040671792577,
        "w_momentum": 0.0,
        "w_mean_reversion": 0.0712,
        "w_volume": 0.441,
        "w_trend": 0.0098,
        "w_pattern": 0.032,
        "w_macd": 0.0691,
        "w_bollinger": 0.0787,
        "w_kdj": 0.0851,
        "w_obv": 0.0719,
        "w_support": 0.0818,
        "w_volume_profile": 0.0593
      }
    },
    {
      "annual_return": 137.2757,
      "max_drawdown": 21.8043,
      "win_rate": 45.2586,
      "sharpe": 1.9243,
      "calmar": 6.2958,
      "total_trades": 232,
      "profit_factor": 1.5201,
      "fitness": 58.6551,
      "dna": {
        "min_score": 1,
        "rsi_buy_threshold": 11.096508527732803,
        "rsi_sell_threshold": 95.0,
        "r2_min": 0.11120332255134888,
        "slope_min": 0.5486824731150702,
        "volume_ratio_min": 0.7301343879595075,
        "hold_days": 2,
        "stop_loss_pct": 4.166954432410741,
        "take_profit_pct": 50.0,
        "max_positions": 1,
        "dip_threshold_pct": 7.38311737125045,
        "r2_trend_min": 0.6782040671792577,
        "w_momentum": 0.0,
        "w_mean_reversion": 0.0526,
        "w_volume": 0.4647,
        "w_trend": 0.0,
        "w_pattern": 0.0338,
        "w_macd": 0.0728,
        "w_bollinger": 0.0726,
        "w_kdj": 0.079,
        "w_obv": 0.0758,
        "w_support": 0.0862,
        "w_volume_profile": 0.0625
      }
    }
  ]
}