{
  "generation": 1189,
  "timestamp": "2026-03-20T22:07:43",
  "results": [
    {
      "annual_return": 127.9997,
      "max_drawdown": 23.642,
      "win_rate": 49.569,
      "sharpe": 2.3147,
      "calmar": 5.4141,
      "total_trades": 232,
      "profit_factor": 1.8146,
      "fitness": 55.7639,
      "dna": {
        "min_score": 1,
        "rsi_buy_threshold": 12.950105446243079,
        "rsi_sell_threshold": 65.70017273186787,
        "r2_min": 0.2391847016220995,
        "slope_min": 0.947964666647911,
        "volume_ratio_min": 0.6941269982607371,
        "hold_days": 2,
        "stop_loss_pct": 2.3041545322630608,
        "take_profit_pct": 10.191028451944653,
        "max_positions": 1,
        "dip_threshold_pct": 21.733892732166034,
        "r2_trend_min": 0.5585572427369981,
        "w_momentum": 0.0,
        "w_mean_reversion": 0.6363,
        "w_volume": 0.2875,
        "w_trend": 0.0437,
        "w_pattern": 0.0325
      }
    },
    {
      "annual_return": 91.8915,
      "max_drawdown": 19.2121,
      "win_rate": 40.4348,
      "sharpe": 2.1674,
      "calmar": 4.783,
      "total_trades": 230,
      "profit_factor": 1.6831,
      "fitness": 43.5984,
      "dna": {
        "min_score": 1,
        "rsi_buy_threshold": 10.579938289600761,
        "rsi_sell_threshold": 55.0,
        "r2_min": 0.20964256505905735,
        "slope_min": 0.5918545353935002,
        "volume_ratio_min": 0.5,
        "hold_days": 2,
        "stop_loss_pct": 1.5123223570745625,
        "take_profit_pct": 7.1251449909299716,
        "max_positions": 1,
        "dip_threshold_pct": 25.973351855470504,
        "r2_trend_min": 0.5813620344388994,
        "w_momentum": 0.0,
        "w_mean_reversion": 0.3557,
        "w_volume": 0.5643,
        "w_trend": 0.0575,
        "w_pattern": 0.0225
      }
    },
    {
      "annual_return": 74.4596,
      "max_drawdown": 16.7119,
      "win_rate": 42.6724,
      "sharpe": 2.0327,
      "calmar": 4.4555,
      "total_trades": 232,
      "profit_factor": 1.4996,
      "fitness": 40.9373,
      "dna": {
        "min_score": 1,
        "rsi_buy_threshold": 10.579938289600761,
        "rsi_sell_threshold": 55.0,
        "r2_min": 0.20964256505905735,
        "slope_min": 0.6739562254491018,
        "volume_ratio_min": 0.5,
        "hold_days": 2,
        "stop_loss_pct": 1.5123223570745625,
        "take_profit_pct": 7.1251449909299716,
        "max_positions": 1,
        "dip_threshold_pct": 25.973351855470504,
        "r2_trend_min": 0.5813620344388994,
        "w_momentum": 0.0,
        "w_mean_reversion": 0.3746,
        "w_volume": 0.5629,
        "w_trend": 0.0513,
        "w_pattern": 0.0112
      }
    },
    {
      "annual_return": 78.3294,
      "max_drawdown": 17.475,
      "win_rate": 42.2414,
      "sharpe": 1.6274,
      "calmar": 4.4824,
      "total_trades": 232,
      "profit_factor": 1.3654,
      "fitness": 38.6146,
      "dna": {
        "min_score": 1,
        "rsi_buy_threshold": 10.0,
        "rsi_sell_threshold": 65.70017273186787,
        "r2_min": 0.2391847016220995,
        "slope_min": 0.7295122161591481,
        "volume_ratio_min": 0.6941269982607371,
        "hold_days": 2,
        "stop_loss_pct": 2.3041545322630608,
        "take_profit_pct": 10.191028451944653,
        "max_positions": 1,
        "dip_threshold_pct": 26.085896596505236,
        "r2_trend_min": 0.5585572427369981,
        "w_momentum": 0.0,
        "w_mean_reversion": 0.5947,
        "w_volume": 0.3102,
        "w_trend": 0.052,
        "w_pattern": 0.0432
      }
    },
    {
      "annual_return": 86.6354,
      "max_drawdown": 21.0763,
      "win_rate": 38.3621,
      "sharpe": 1.7591,
      "calmar": 4.1106,
      "total_trades": 232,
      "profit_factor": 1.4622,
      "fitness": 34.4166,
      "dna": {
        "min_score": 1,
        "rsi_buy_threshold": 12.72095555338058,
        "rsi_sell_threshold": 81.51511361149704,
        "r2_min": 0.2391847016220995,
        "slope_min": 0.7295122161591481,
        "volume_ratio_min": 0.6941269982607371,
        "hold_days": 2,
        "stop_loss_pct": 1.8474303062045232,
        "take_profit_pct": 10.191028451944653,
        "max_positions": 1,
        "dip_threshold_pct": 21.733892732166034,
        "r2_trend_min": 0.5585572427369981,
        "w_momentum": 0.0,
        "w_mean_reversion": 0.6571,
        "w_volume": 0.269,
        "w_trend": 0.0451,
        "w_pattern": 0.0288
      }
    }
  ]
}