{
  "generation": 529,
  "timestamp": "2026-03-20T16:52:20",
  "results": [
    {
      "annual_return": 178.2882,
      "max_drawdown": 8.227,
      "win_rate": 37.5,
      "sharpe": 2.5561,
      "calmar": 21.671,
      "total_trades": 24,
      "profit_factor": 1.6484,
      "fitness": 160.4408,
      "dna": {
        "min_score": 1,
        "rsi_buy_threshold": 43.81325338848821,
        "rsi_sell_threshold": 81.28587561244622,
        "r2_min": 0.34478232822905286,
        "slope_min": 0.2590218328515135,
        "volume_ratio_min": 5.0,
        "hold_days": 2,
        "stop_loss_pct": 2.8511963724213416,
        "take_profit_pct": 7.21987620063365,
        "max_positions": 1,
        "dip_threshold_pct": 5.508132679993433,
        "r2_trend_min": 0.43831563991900896,
        "w_momentum": 0.0,
        "w_mean_reversion": 0.658,
        "w_volume": 0.2359,
        "w_trend": 0.0111,
        "w_pattern": 0.0949
      }
    },
    {
      "annual_return": 249.5982,
      "max_drawdown": 21.7919,
      "win_rate": 52.5862,
      "sharpe": 2.993,
      "calmar": 11.4537,
      "total_trades": 232,
      "profit_factor": 2.0082,
      "fitness": 132.776,
      "dna": {
        "min_score": 1,
        "rsi_buy_threshold": 50.0,
        "rsi_sell_threshold": 73.63088259829262,
        "r2_min": 0.2378498255128172,
        "slope_min": 0.19864741354297313,
        "volume_ratio_min": 3.3942523251468213,
        "hold_days": 2,
        "stop_loss_pct": 4.08511761659506,
        "take_profit_pct": 8.0879012761642,
        "max_positions": 1,
        "dip_threshold_pct": 4.054942251784935,
        "r2_trend_min": 0.32386726455376696,
        "w_momentum": 0.0127,
        "w_mean_reversion": 0.6047,
        "w_volume": 0.3316,
        "w_trend": 0.0343,
        "w_pattern": 0.0166
      }
    },
    {
      "annual_return": 94.209,
      "max_drawdown": 12.0957,
      "win_rate": 57.1429,
      "sharpe": 2.2803,
      "calmar": 7.7886,
      "total_trades": 91,
      "profit_factor": 2.3704,
      "fitness": 85.7272,
      "dna": {
        "min_score": 1,
        "rsi_buy_threshold": 41.520537131221026,
        "rsi_sell_threshold": 92.90884098529925,
        "r2_min": 0.2711557371299332,
        "slope_min": 0.21685891029072527,
        "volume_ratio_min": 5.0,
        "hold_days": 5,
        "stop_loss_pct": 3.85141078511149,
        "take_profit_pct": 8.941198510836593,
        "max_positions": 1,
        "dip_threshold_pct": 6.829248791422931,
        "r2_trend_min": 0.4331180961558445,
        "w_momentum": 0.009,
        "w_mean_reversion": 0.7581,
        "w_volume": 0.1925,
        "w_trend": 0.0282,
        "w_pattern": 0.0122
      }
    },
    {
      "annual_return": 125.5248,
      "max_drawdown": 18.9322,
      "win_rate": 54.8387,
      "sharpe": 2.3211,
      "calmar": 6.6302,
      "total_trades": 93,
      "profit_factor": 2.523,
      "fitness": 71.8918,
      "dna": {
        "min_score": 1,
        "rsi_buy_threshold": 41.520537131221026,
        "rsi_sell_threshold": 92.90884098529925,
        "r2_min": 0.2397564152542704,
        "slope_min": 0.24559570781870224,
        "volume_ratio_min": 4.312873694336735,
        "hold_days": 5,
        "stop_loss_pct": 4.349719506546711,
        "take_profit_pct": 13.671988352812983,
        "max_positions": 1,
        "dip_threshold_pct": 7.712193757683776,
        "r2_trend_min": 0.4331180961558445,
        "w_momentum": 0.0102,
        "w_mean_reversion": 0.6903,
        "w_volume": 0.2181,
        "w_trend": 0.0561,
        "w_pattern": 0.0253
      }
    },
    {
      "annual_return": 164.241,
      "max_drawdown": 43.9952,
      "win_rate": 46.1207,
      "sharpe": 2.0456,
      "calmar": 3.7332,
      "total_trades": 232,
      "profit_factor": 1.7788,
      "fitness": 35.7249,
      "dna": {
        "min_score": 1,
        "rsi_buy_threshold": 50.0,
        "rsi_sell_threshold": 73.63088259829262,
        "r2_min": 0.20781177156594638,
        "slope_min": 0.22495228799355343,
        "volume_ratio_min": 3.836487886053376,
        "hold_days": 2,
        "stop_loss_pct": 4.08511761659506,
        "take_profit_pct": 13.161340057346525,
        "max_positions": 1,
        "dip_threshold_pct": 3.0,
        "r2_trend_min": 0.36178718573154495,
        "w_momentum": 0.0126,
        "w_mean_reversion": 0.5982,
        "w_volume": 0.3603,
        "w_trend": 0.0232,
        "w_pattern": 0.0057
      }
    }
  ]
}