{
  "generation": 1199,
  "timestamp": "2026-03-20T22:12:32",
  "results": [
    {
      "annual_return": 178.2503,
      "max_drawdown": 12.8505,
      "win_rate": 39.3939,
      "sharpe": 2.4573,
      "calmar": 13.8711,
      "total_trades": 33,
      "profit_factor": 1.6086,
      "fitness": 129.8479,
      "dna": {
        "min_score": 1,
        "rsi_buy_threshold": 18.519890205345515,
        "rsi_sell_threshold": 55.64255644595641,
        "r2_min": 0.17839492296199894,
        "slope_min": 0.8991229039001023,
        "volume_ratio_min": 0.62983997737547,
        "hold_days": 2,
        "stop_loss_pct": 2.0937539816389807,
        "take_profit_pct": 8.92760102240187,
        "max_positions": 1,
        "dip_threshold_pct": 21.22758977146988,
        "r2_trend_min": 0.95,
        "w_momentum": 0.0,
        "w_mean_reversion": 0.7266,
        "w_volume": 0.2155,
        "w_trend": 0.0477,
        "w_pattern": 0.0102
      }
    },
    {
      "annual_return": 86.8766,
      "max_drawdown": 13.5168,
      "win_rate": 44.1558,
      "sharpe": 2.0292,
      "calmar": 6.4273,
      "total_trades": 231,
      "profit_factor": 1.5746,
      "fitness": 60.0424,
      "dna": {
        "min_score": 1,
        "rsi_buy_threshold": 14.738327934492245,
        "rsi_sell_threshold": 63.56686488923046,
        "r2_min": 0.21150444391992929,
        "slope_min": 0.8711674023108282,
        "volume_ratio_min": 0.5,
        "hold_days": 2,
        "stop_loss_pct": 2.0333805385360546,
        "take_profit_pct": 8.488193636642709,
        "max_positions": 1,
        "dip_threshold_pct": 15.619296663206374,
        "r2_trend_min": 0.7724034034673657,
        "w_momentum": 0.0098,
        "w_mean_reversion": 0.6461,
        "w_volume": 0.2748,
        "w_trend": 0.0366,
        "w_pattern": 0.0327
      }
    },
    {
      "annual_return": 66.3009,
      "max_drawdown": 17.3347,
      "win_rate": 42.8571,
      "sharpe": 1.7083,
      "calmar": 3.8248,
      "total_trades": 231,
      "profit_factor": 1.445,
      "fitness": 33.5935,
      "dna": {
        "min_score": 1,
        "rsi_buy_threshold": 14.729836587892704,
        "rsi_sell_threshold": 63.56686488923046,
        "r2_min": 0.17707921801176202,
        "slope_min": 0.8991229039001023,
        "volume_ratio_min": 0.6098977359100978,
        "hold_days": 2,
        "stop_loss_pct": 1.8474303062045232,
        "take_profit_pct": 8.199906887997393,
        "max_positions": 1,
        "dip_threshold_pct": 22.019602002927034,
        "r2_trend_min": 0.8565220939290696,
        "w_momentum": 0.0,
        "w_mean_reversion": 0.673,
        "w_volume": 0.2571,
        "w_trend": 0.0501,
        "w_pattern": 0.0199
      }
    },
    {
      "annual_return": 66.8892,
      "max_drawdown": 19.6528,
      "win_rate": 47.4138,
      "sharpe": 1.6914,
      "calmar": 3.4035,
      "total_trades": 232,
      "profit_factor": 1.3646,
      "fitness": 31.3641,
      "dna": {
        "min_score": 1,
        "rsi_buy_threshold": 15.107099917035187,
        "rsi_sell_threshold": 63.56686488923046,
        "r2_min": 0.21150444391992929,
        "slope_min": 0.6816880571547701,
        "volume_ratio_min": 0.5,
        "hold_days": 2,
        "stop_loss_pct": 2.363008001927307,
        "take_profit_pct": 8.488193636642709,
        "max_positions": 1,
        "dip_threshold_pct": 17.5147531902103,
        "r2_trend_min": 0.6891048216373679,
        "w_momentum": 0.0099,
        "w_mean_reversion": 0.6525,
        "w_volume": 0.2775,
        "w_trend": 0.027,
        "w_pattern": 0.0331
      }
    },
    {
      "annual_return": 59.0869,
      "max_drawdown": 17.258,
      "win_rate": 37.2294,
      "sharpe": 1.6948,
      "calmar": 3.4237,
      "total_trades": 231,
      "profit_factor": 1.439,
      "fitness": 27.9711,
      "dna": {
        "min_score": 1,
        "rsi_buy_threshold": 14.729836587892704,
        "rsi_sell_threshold": 75.58025624775861,
        "r2_min": 0.17034525729460506,
        "slope_min": 0.8991229039001023,
        "volume_ratio_min": 0.6461765078164872,
        "hold_days": 2,
        "stop_loss_pct": 1.3557337583554947,
        "take_profit_pct": 8.199906887997393,
        "max_positions": 1,
        "dip_threshold_pct": 18.355069920759245,
        "r2_trend_min": 0.8565220939290696,
        "w_momentum": 0.0094,
        "w_mean_reversion": 0.6576,
        "w_volume": 0.2745,
        "w_trend": 0.0392,
        "w_pattern": 0.0194
      }
    }
  ]
}