{
  "generation": 109,
  "timestamp": "2026-03-20T13:16:45",
  "results": [
    {
      "annual_return": 279.5664,
      "max_drawdown": 33.8798,
      "win_rate": 52.1552,
      "sharpe": 2.47,
      "calmar": 8.2517,
      "total_trades": 232,
      "profit_factor": 1.6643,
      "fitness": 89.0319,
      "dna": {
        "min_score": 1,
        "rsi_buy_threshold": 22.184312458111314,
        "rsi_sell_threshold": 78.08814294072742,
        "r2_min": 0.2875614588527709,
        "slope_min": 0.3730878003267886,
        "volume_ratio_min": 0.7067394020583989,
        "hold_days": 2,
        "stop_loss_pct": 7.610136826883469,
        "take_profit_pct": 29.42763778095122,
        "max_positions": 1,
        "dip_threshold_pct": 30.0,
        "r2_trend_min": 0.3405508098226716,
        "w_momentum": 0.0446,
        "w_mean_reversion": 0.0493,
        "w_volume": 0.0326,
        "w_trend": 0.3712,
        "w_pattern": 0.5024
      }
    },
    {
      "annual_return": 113.5179,
      "max_drawdown": 24.6252,
      "win_rate": 51.2931,
      "sharpe": 1.5652,
      "calmar": 4.6098,
      "total_trades": 232,
      "profit_factor": 1.2598,
      "fitness": 43.3503,
      "dna": {
        "min_score": 1,
        "rsi_buy_threshold": 10.0,
        "rsi_sell_threshold": 95.0,
        "r2_min": 0.11786585930909727,
        "slope_min": 0.34462823582595625,
        "volume_ratio_min": 0.65962211349952,
        "hold_days": 2,
        "stop_loss_pct": 10.0,
        "take_profit_pct": 12.702571726213517,
        "max_positions": 1,
        "dip_threshold_pct": 30.0,
        "r2_trend_min": 0.2986532000743117,
        "w_momentum": 0.0619,
        "w_mean_reversion": 0.0531,
        "w_volume": 0.0176,
        "w_trend": 0.186,
        "w_pattern": 0.6814
      }
    },
    {
      "annual_return": 124.8182,
      "max_drawdown": 31.791,
      "win_rate": 48.0519,
      "sharpe": 1.6912,
      "calmar": 3.9262,
      "total_trades": 231,
      "profit_factor": 1.3104,
      "fitness": 36.4219,
      "dna": {
        "min_score": 1,
        "rsi_buy_threshold": 17.687535470147033,
        "rsi_sell_threshold": 58.805207603394905,
        "r2_min": 0.11786585930909727,
        "slope_min": 0.35040197974298126,
        "volume_ratio_min": 0.5200288640412265,
        "hold_days": 2,
        "stop_loss_pct": 10.0,
        "take_profit_pct": 12.702571726213517,
        "max_positions": 1,
        "dip_threshold_pct": 30.0,
        "r2_trend_min": 0.2986532000743117,
        "w_momentum": 0.0662,
        "w_mean_reversion": 0.0402,
        "w_volume": 0.0271,
        "w_trend": 0.2328,
        "w_pattern": 0.6337
      }
    },
    {
      "annual_return": 171.3281,
      "max_drawdown": 50.9824,
      "win_rate": 49.569,
      "sharpe": 1.9243,
      "calmar": 3.3605,
      "total_trades": 232,
      "profit_factor": 1.2527,
      "fitness": 32.7656,
      "dna": {
        "min_score": 1,
        "rsi_buy_threshold": 24.159062323719947,
        "rsi_sell_threshold": 83.97229551948998,
        "r2_min": 0.11513558293779129,
        "slope_min": 0.3866333478889459,
        "volume_ratio_min": 0.6039005544800777,
        "hold_days": 2,
        "stop_loss_pct": 10.0,
        "take_profit_pct": 14.831705393023038,
        "max_positions": 1,
        "dip_threshold_pct": 30.0,
        "r2_trend_min": 0.34765810098572625,
        "w_momentum": 0.0483,
        "w_mean_reversion": 0.0681,
        "w_volume": 0.0372,
        "w_trend": 0.1983,
        "w_pattern": 0.6481
      }
    },
    {
      "annual_return": 75.224,
      "max_drawdown": 27.2002,
      "win_rate": 50.431,
      "sharpe": 1.2974,
      "calmar": 2.7656,
      "total_trades": 232,
      "profit_factor": 1.2455,
      "fitness": 24.7356,
      "dna": {
        "min_score": 1,
        "rsi_buy_threshold": 24.159062323719947,
        "rsi_sell_threshold": 69.97737928090065,
        "r2_min": 0.11513558293779129,
        "slope_min": 0.47495952417746,
        "volume_ratio_min": 0.5,
        "hold_days": 2,
        "stop_loss_pct": 10.0,
        "take_profit_pct": 14.831705393023038,
        "max_positions": 1,
        "dip_threshold_pct": 30.0,
        "r2_trend_min": 0.34765810098572625,
        "w_momentum": 0.0549,
        "w_mean_reversion": 0.0645,
        "w_volume": 0.0422,
        "w_trend": 0.2252,
        "w_pattern": 0.6132
      }
    }
  ]
}