{
  "generation": 1079,
  "timestamp": "2026-03-20T21:29:03",
  "results": [
    {
      "annual_return": 373.9562,
      "max_drawdown": 27.2294,
      "win_rate": 56.4655,
      "sharpe": 3.0681,
      "calmar": 13.7336,
      "total_trades": 232,
      "profit_factor": 1.8775,
      "fitness": 166.5244,
      "dna": {
        "min_score": 1,
        "rsi_buy_threshold": 14.436071326649426,
        "rsi_sell_threshold": 95.0,
        "r2_min": 0.1255930156394243,
        "slope_min": 0.18338507292831605,
        "volume_ratio_min": 1.2526149308131367,
        "hold_days": 2,
        "stop_loss_pct": 10.0,
        "take_profit_pct": 10.944343441665481,
        "max_positions": 1,
        "dip_threshold_pct": 10.281825174783325,
        "r2_trend_min": 0.5727742789386793,
        "w_momentum": 0.0044,
        "w_mean_reversion": 0.4123,
        "w_volume": 0.5572,
        "w_trend": 0.0261,
        "w_pattern": 0.0
      }
    },
    {
      "annual_return": 296.8181,
      "max_drawdown": 34.0319,
      "win_rate": 49.569,
      "sharpe": 2.9387,
      "calmar": 8.7218,
      "total_trades": 232,
      "profit_factor": 2.3857,
      "fitness": 97.4967,
      "dna": {
        "min_score": 1,
        "rsi_buy_threshold": 16.638988560944185,
        "rsi_sell_threshold": 85.75509884571922,
        "r2_min": 0.15490429337283904,
        "slope_min": 0.13484142456361983,
        "volume_ratio_min": 1.2526149308131367,
        "hold_days": 2,
        "stop_loss_pct": 8.727867808005485,
        "take_profit_pct": 10.944343441665481,
        "max_positions": 1,
        "dip_threshold_pct": 6.316418269729466,
        "r2_trend_min": 0.6573100773136957,
        "w_momentum": 0.0044,
        "w_mean_reversion": 0.4042,
        "w_volume": 0.5461,
        "w_trend": 0.0354,
        "w_pattern": 0.0099
      }
    },
    {
      "annual_return": 191.3124,
      "max_drawdown": 31.9551,
      "win_rate": 50.431,
      "sharpe": 2.3733,
      "calmar": 5.9869,
      "total_trades": 232,
      "profit_factor": 1.8608,
      "fitness": 62.6968,
      "dna": {
        "min_score": 1,
        "rsi_buy_threshold": 20.95942114773284,
        "rsi_sell_threshold": 72.03208428143996,
        "r2_min": 0.11440658842710416,
        "slope_min": 0.15677485886265136,
        "volume_ratio_min": 1.2526149308131367,
        "hold_days": 2,
        "stop_loss_pct": 10.0,
        "take_profit_pct": 9.71012336961294,
        "max_positions": 1,
        "dip_threshold_pct": 6.316418269729466,
        "r2_trend_min": 0.6573100773136957,
        "w_momentum": 0.0044,
        "w_mean_reversion": 0.4042,
        "w_volume": 0.5461,
        "w_trend": 0.0254,
        "w_pattern": 0.0199
      }
    },
    {
      "annual_return": 244.916,
      "max_drawdown": 44.4274,
      "win_rate": 49.569,
      "sharpe": 2.4908,
      "calmar": 5.5127,
      "total_trades": 232,
      "profit_factor": 2.1153,
      "fitness": 58.1471,
      "dna": {
        "min_score": 1,
        "rsi_buy_threshold": 14.436071326649426,
        "rsi_sell_threshold": 79.6745176110085,
        "r2_min": 0.13916939330268208,
        "slope_min": 0.18338507292831605,
        "volume_ratio_min": 1.2526149308131367,
        "hold_days": 2,
        "stop_loss_pct": 10.0,
        "take_profit_pct": 13.554037710265275,
        "max_positions": 1,
        "dip_threshold_pct": 10.281825174783325,
        "r2_trend_min": 0.4832946904670188,
        "w_momentum": 0.0041,
        "w_mean_reversion": 0.4045,
        "w_volume": 0.5467,
        "w_trend": 0.0355,
        "w_pattern": 0.0092
      }
    },
    {
      "annual_return": 156.5825,
      "max_drawdown": 34.0426,
      "win_rate": 50.431,
      "sharpe": 2.3564,
      "calmar": 4.5996,
      "total_trades": 232,
      "profit_factor": 1.7489,
      "fitness": 48.0577,
      "dna": {
        "min_score": 1,
        "rsi_buy_threshold": 16.34782538778956,
        "rsi_sell_threshold": 64.09569941923054,
        "r2_min": 0.1328630061430278,
        "slope_min": 0.17699134297171423,
        "volume_ratio_min": 0.9866000868211401,
        "hold_days": 2,
        "stop_loss_pct": 6.5384025842046025,
        "take_profit_pct": 7.380284724254903,
        "max_positions": 1,
        "dip_threshold_pct": 7.103137838467604,
        "r2_trend_min": 0.5535464390962459,
        "w_momentum": 0.0037,
        "w_mean_reversion": 0.3084,
        "w_volume": 0.6492,
        "w_trend": 0.0303,
        "w_pattern": 0.0085
      }
    }
  ]
}