{
  "generation": 869,
  "timestamp": "2026-03-20T19:45:23",
  "results": [
    {
      "annual_return": 198.94,
      "max_drawdown": 17.1114,
      "win_rate": 48.7069,
      "sharpe": 2.2894,
      "calmar": 11.6261,
      "total_trades": 232,
      "profit_factor": 1.8728,
      "fitness": 118.2912,
      "dna": {
        "min_score": 1,
        "rsi_buy_threshold": 27.807920990213717,
        "rsi_sell_threshold": 87.55172875525174,
        "r2_min": 0.8142003652054832,
        "slope_min": 0.2935864383589552,
        "volume_ratio_min": 1.913194803505892,
        "hold_days": 2,
        "stop_loss_pct": 3.0969220394946393,
        "take_profit_pct": 34.00045286991487,
        "max_positions": 1,
        "dip_threshold_pct": 30.0,
        "r2_trend_min": 0.2948692723858253,
        "w_momentum": 0.0087,
        "w_mean_reversion": 0.593,
        "w_volume": 0.3197,
        "w_trend": 0.0361,
        "w_pattern": 0.0425
      }
    },
    {
      "annual_return": 208.7954,
      "max_drawdown": 15.9435,
      "win_rate": 35.9307,
      "sharpe": 2.272,
      "calmar": 13.096,
      "total_trades": 231,
      "profit_factor": 2.2454,
      "fitness": 114.1702,
      "dna": {
        "min_score": 1,
        "rsi_buy_threshold": 46.977271618144194,
        "rsi_sell_threshold": 95.0,
        "r2_min": 0.95,
        "slope_min": 0.2935864383589552,
        "volume_ratio_min": 1.4978815452447536,
        "hold_days": 2,
        "stop_loss_pct": 1.384220158596051,
        "take_profit_pct": 34.00045286991487,
        "max_positions": 1,
        "dip_threshold_pct": 30.0,
        "r2_trend_min": 0.2948692723858253,
        "w_momentum": 0.0174,
        "w_mean_reversion": 0.7052,
        "w_volume": 0.2015,
        "w_trend": 0.0307,
        "w_pattern": 0.0453
      }
    },
    {
      "annual_return": 180.9423,
      "max_drawdown": 19.7265,
      "win_rate": 42.6724,
      "sharpe": 2.1298,
      "calmar": 9.1726,
      "total_trades": 232,
      "profit_factor": 1.6599,
      "fitness": 85.4417,
      "dna": {
        "min_score": 1,
        "rsi_buy_threshold": 38.66489106844058,
        "rsi_sell_threshold": 95.0,
        "r2_min": 0.95,
        "slope_min": 0.35354768377261764,
        "volume_ratio_min": 1.1636885619040476,
        "hold_days": 2,
        "stop_loss_pct": 2.399465925375223,
        "take_profit_pct": 34.00045286991487,
        "max_positions": 1,
        "dip_threshold_pct": 30.0,
        "r2_trend_min": 0.3451340342408445,
        "w_momentum": 0.0227,
        "w_mean_reversion": 0.5495,
        "w_volume": 0.3055,
        "w_trend": 0.0454,
        "w_pattern": 0.0769
      }
    },
    {
      "annual_return": 172.2497,
      "max_drawdown": 23.4267,
      "win_rate": 38.961,
      "sharpe": 2.268,
      "calmar": 7.3527,
      "total_trades": 231,
      "profit_factor": 1.9917,
      "fitness": 66.7122,
      "dna": {
        "min_score": 1,
        "rsi_buy_threshold": 38.66489106844058,
        "rsi_sell_threshold": 95.0,
        "r2_min": 0.7607427955432171,
        "slope_min": 0.3346420937350423,
        "volume_ratio_min": 1.9934045427564102,
        "hold_days": 2,
        "stop_loss_pct": 1.8303527067597192,
        "take_profit_pct": 19.27374247376555,
        "max_positions": 1,
        "dip_threshold_pct": 30.0,
        "r2_trend_min": 0.22436134438623484,
        "w_momentum": 0.008,
        "w_mean_reversion": 0.5747,
        "w_volume": 0.3408,
        "w_trend": 0.0285,
        "w_pattern": 0.048
      }
    },
    {
      "annual_return": 119.9751,
      "max_drawdown": 17.77,
      "win_rate": 33.0435,
      "sharpe": 1.8072,
      "calmar": 6.7516,
      "total_trades": 230,
      "profit_factor": 1.5707,
      "fitness": 52.8382,
      "dna": {
        "min_score": 1,
        "rsi_buy_threshold": 42.1123375987286,
        "rsi_sell_threshold": 87.09075807088603,
        "r2_min": 0.95,
        "slope_min": 0.3781233289417222,
        "volume_ratio_min": 1.3587450551429985,
        "hold_days": 2,
        "stop_loss_pct": 1.3877775227747111,
        "take_profit_pct": 29.017677881995947,
        "max_positions": 1,
        "dip_threshold_pct": 30.0,
        "r2_trend_min": 0.24404433827113214,
        "w_momentum": 0.0092,
        "w_mean_reversion": 0.5668,
        "w_volume": 0.3348,
        "w_trend": 0.04,
        "w_pattern": 0.0492
      }
    }
  ]
}