{
  "generation": 1529,
  "timestamp": "2026-03-21T07:55:58",
  "results": [
    {
      "annual_return": 503.5896,
      "max_drawdown": 21.137,
      "win_rate": 59.4828,
      "sharpe": 3.378,
      "calmar": 23.825,
      "total_trades": 116,
      "profit_factor": 3.5106,
      "fitness": 307.8924,
      "dna": {
        "min_score": 1,
        "rsi_buy_threshold": 30.974176310211583,
        "rsi_sell_threshold": 95.0,
        "r2_min": 0.15568280195235837,
        "slope_min": 0.2709965590162686,
        "volume_ratio_min": 0.9382998771430758,
        "hold_days": 4,
        "stop_loss_pct": 6.172272952521391,
        "take_profit_pct": 24.612120187385262,
        "max_positions": 1,
        "dip_threshold_pct": 5.595618335699368,
        "r2_trend_min": 0.45920360537354743,
        "w_momentum": 0.0,
        "w_mean_reversion": 0.0788,
        "w_volume": 0.3572,
        "w_trend": 0.0,
        "w_pattern": 0.0,
        "w_macd": 0.0765,
        "w_bollinger": 0.1502,
        "w_kdj": 0.0263,
        "w_obv": 0.1314,
        "w_support": 0.1746,
        "w_volume_profile": 0.005
      }
    },
    {
      "annual_return": 283.3676,
      "max_drawdown": 16.3855,
      "win_rate": 56.8966,
      "sharpe": 2.4687,
      "calmar": 17.2939,
      "total_trades": 116,
      "profit_factor": 2.5866,
      "fitness": 194.8537,
      "dna": {
        "min_score": 1,
        "rsi_buy_threshold": 35.93742165738858,
        "rsi_sell_threshold": 95.0,
        "r2_min": 0.1,
        "slope_min": 0.3279989635912849,
        "volume_ratio_min": 0.8458969326605781,
        "hold_days": 4,
        "stop_loss_pct": 8.48075671418596,
        "take_profit_pct": 37.65071373106059,
        "max_positions": 1,
        "dip_threshold_pct": 3.0,
        "r2_trend_min": 0.3748192450868976,
        "w_momentum": 0.0,
        "w_mean_reversion": 0.0247,
        "w_volume": 0.3246,
        "w_trend": 0.0,
        "w_pattern": 0.0,
        "w_macd": 0.0659,
        "w_bollinger": 0.2177,
        "w_kdj": 0.041,
        "w_obv": 0.1467,
        "w_support": 0.1513,
        "w_volume_profile": 0.0282
      }
    },
    {
      "annual_return": 285.5275,
      "max_drawdown": 24.9972,
      "win_rate": 62.069,
      "sharpe": 2.8111,
      "calmar": 11.4224,
      "total_trades": 116,
      "profit_factor": 3.1193,
      "fitness": 140.5843,
      "dna": {
        "min_score": 1,
        "rsi_buy_threshold": 35.93742165738858,
        "rsi_sell_threshold": 95.0,
        "r2_min": 0.1,
        "slope_min": 0.29286712970670237,
        "volume_ratio_min": 0.8458969326605781,
        "hold_days": 4,
        "stop_loss_pct": 8.924070783627082,
        "take_profit_pct": 21.981067217184147,
        "max_positions": 1,
        "dip_threshold_pct": 6.433018650356433,
        "r2_trend_min": 0.45452359761421274,
        "w_momentum": 0.0,
        "w_mean_reversion": 0.0886,
        "w_volume": 0.2655,
        "w_trend": 0.0,
        "w_pattern": 0.0,
        "w_macd": 0.1106,
        "w_bollinger": 0.1746,
        "w_kdj": 0.0296,
        "w_obv": 0.1476,
        "w_support": 0.1664,
        "w_volume_profile": 0.0171
      }
    },
    {
      "annual_return": 261.8128,
      "max_drawdown": 22.0054,
      "win_rate": 52.5862,
      "sharpe": 2.3376,
      "calmar": 11.8977,
      "total_trades": 116,
      "profit_factor": 2.4849,
      "fitness": 126.6147,
      "dna": {
        "min_score": 1,
        "rsi_buy_threshold": 42.2512183688671,
        "rsi_sell_threshold": 95.0,
        "r2_min": 0.12824425857257332,
        "slope_min": 0.3279989635912849,
        "volume_ratio_min": 0.8458969326605781,
        "hold_days": 4,
        "stop_loss_pct": 8.48075671418596,
        "take_profit_pct": 37.65071373106059,
        "max_positions": 1,
        "dip_threshold_pct": 3.0,
        "r2_trend_min": 0.3748192450868976,
        "w_momentum": 0.0,
        "w_mean_reversion": 0.0247,
        "w_volume": 0.3246,
        "w_trend": 0.01,
        "w_pattern": 0.0,
        "w_macd": 0.0659,
        "w_bollinger": 0.2177,
        "w_kdj": 0.041,
        "w_obv": 0.1467,
        "w_support": 0.1513,
        "w_volume_profile": 0.0182
      }
    },
    {
      "annual_return": 221.969,
      "max_drawdown": 18.9521,
      "win_rate": 53.4483,
      "sharpe": 2.3816,
      "calmar": 11.7121,
      "total_trades": 116,
      "profit_factor": 2.8658,
      "fitness": 126.4094,
      "dna": {
        "min_score": 1,
        "rsi_buy_threshold": 35.93742165738858,
        "rsi_sell_threshold": 70.31538593437119,
        "r2_min": 0.14029164051298623,
        "slope_min": 0.33411642388785134,
        "volume_ratio_min": 0.9813064579100726,
        "hold_days": 4,
        "stop_loss_pct": 6.172272952521391,
        "take_profit_pct": 31.165148598588274,
        "max_positions": 1,
        "dip_threshold_pct": 5.595618335699368,
        "r2_trend_min": 0.5345305179234048,
        "w_momentum": 0.0,
        "w_mean_reversion": 0.101,
        "w_volume": 0.2899,
        "w_trend": 0.0,
        "w_pattern": 0.0,
        "w_macd": 0.0824,
        "w_bollinger": 0.1523,
        "w_kdj": 0.017,
        "w_obv": 0.1415,
        "w_support": 0.188,
        "w_volume_profile": 0.0278
      }
    }
  ]
}