{
  "generation": 1109,
  "timestamp": "2026-03-20T21:45:28",
  "results": [
    {
      "annual_return": 336.0399,
      "max_drawdown": 24.675,
      "win_rate": 54.3103,
      "sharpe": 2.7301,
      "calmar": 13.6187,
      "total_trades": 232,
      "profit_factor": 1.9971,
      "fitness": 155.1629,
      "dna": {
        "min_score": 1,
        "rsi_buy_threshold": 10.0,
        "rsi_sell_threshold": 95.0,
        "r2_min": 0.2659502722066477,
        "slope_min": 0.8170726862055628,
        "volume_ratio_min": 1.2765030703055373,
        "hold_days": 2,
        "stop_loss_pct": 9.442772753368036,
        "take_profit_pct": 18.112472693400477,
        "max_positions": 1,
        "dip_threshold_pct": 14.192444420310128,
        "r2_trend_min": 0.24538687253625108,
        "w_momentum": 0.0186,
        "w_mean_reversion": 0.4606,
        "w_volume": 0.4415,
        "w_trend": 0.0624,
        "w_pattern": 0.0169
      }
    },
    {
      "annual_return": 193.5249,
      "max_drawdown": 27.8366,
      "win_rate": 53.8793,
      "sharpe": 2.1919,
      "calmar": 6.9522,
      "total_trades": 232,
      "profit_factor": 2.0285,
      "fitness": 73.4012,
      "dna": {
        "min_score": 1,
        "rsi_buy_threshold": 10.0,
        "rsi_sell_threshold": 79.66387669620349,
        "r2_min": 0.10073935443437734,
        "slope_min": 0.8485909411416306,
        "volume_ratio_min": 1.1610961666320054,
        "hold_days": 2,
        "stop_loss_pct": 8.09142687097991,
        "take_profit_pct": 22.58059485188883,
        "max_positions": 1,
        "dip_threshold_pct": 16.876314106032243,
        "r2_trend_min": 0.3923336131209765,
        "w_momentum": 0.0248,
        "w_mean_reversion": 0.5712,
        "w_volume": 0.3072,
        "w_trend": 0.0762,
        "w_pattern": 0.0206
      }
    },
    {
      "annual_return": 166.7507,
      "max_drawdown": 27.2732,
      "win_rate": 53.0172,
      "sharpe": 2.0478,
      "calmar": 6.1141,
      "total_trades": 232,
      "profit_factor": 1.6898,
      "fitness": 62.7513,
      "dna": {
        "min_score": 1,
        "rsi_buy_threshold": 10.0,
        "rsi_sell_threshold": 79.66387669620349,
        "r2_min": 0.12273737237939611,
        "slope_min": 0.483396760988433,
        "volume_ratio_min": 1.5112878795747735,
        "hold_days": 2,
        "stop_loss_pct": 8.09142687097991,
        "take_profit_pct": 22.58059485188883,
        "max_positions": 1,
        "dip_threshold_pct": 16.876314106032243,
        "r2_trend_min": 0.47640691710227856,
        "w_momentum": 0.0236,
        "w_mean_reversion": 0.5438,
        "w_volume": 0.337,
        "w_trend": 0.0674,
        "w_pattern": 0.0283
      }
    },
    {
      "annual_return": 156.2524,
      "max_drawdown": 31.9094,
      "win_rate": 49.569,
      "sharpe": 1.9766,
      "calmar": 4.8967,
      "total_trades": 232,
      "profit_factor": 1.6172,
      "fitness": 48.1043,
      "dna": {
        "min_score": 1,
        "rsi_buy_threshold": 10.0,
        "rsi_sell_threshold": 88.20034056926363,
        "r2_min": 0.2659502722066477,
        "slope_min": 0.6699288804751127,
        "volume_ratio_min": 0.9459523415636721,
        "hold_days": 2,
        "stop_loss_pct": 10.0,
        "take_profit_pct": 18.112472693400477,
        "max_positions": 1,
        "dip_threshold_pct": 14.192444420310128,
        "r2_trend_min": 0.95,
        "w_momentum": 0.0013,
        "w_mean_reversion": 0.5403,
        "w_volume": 0.4016,
        "w_trend": 0.0504,
        "w_pattern": 0.0064
      }
    },
    {
      "annual_return": 143.9184,
      "max_drawdown": 30.2674,
      "win_rate": 50.8621,
      "sharpe": 1.9435,
      "calmar": 4.7549,
      "total_trades": 232,
      "profit_factor": 1.5306,
      "fitness": 47.0922,
      "dna": {
        "min_score": 1,
        "rsi_buy_threshold": 12.609604094504537,
        "rsi_sell_threshold": 88.20034056926363,
        "r2_min": 0.2659502722066477,
        "slope_min": 0.6699288804751127,
        "volume_ratio_min": 0.9459523415636721,
        "hold_days": 2,
        "stop_loss_pct": 10.0,
        "take_profit_pct": 18.112472693400477,
        "max_positions": 1,
        "dip_threshold_pct": 12.666130239329032,
        "r2_trend_min": 0.95,
        "w_momentum": 0.0113,
        "w_mean_reversion": 0.5349,
        "w_volume": 0.3976,
        "w_trend": 0.0499,
        "w_pattern": 0.0063
      }
    }
  ]
}