{
  "generation": 1429,
  "timestamp": "2026-03-21T04:25:43",
  "results": [
    {
      "annual_return": 189.4308,
      "max_drawdown": 16.4512,
      "win_rate": 50.8621,
      "sharpe": 2.6841,
      "calmar": 11.5147,
      "total_trades": 232,
      "profit_factor": 2.3299,
      "fitness": 126.2037,
      "dna": {
        "min_score": 1,
        "rsi_buy_threshold": 18.075625339892508,
        "rsi_sell_threshold": 77.36993389476083,
        "r2_min": 0.188920623599989,
        "slope_min": 0.1,
        "volume_ratio_min": 0.5,
        "hold_days": 2,
        "stop_loss_pct": 8.604899931675755,
        "take_profit_pct": 18.362743079673713,
        "max_positions": 1,
        "dip_threshold_pct": 4.951429067553974,
        "r2_trend_min": 0.2261906402361384,
        "w_momentum": 0.0,
        "w_mean_reversion": 0.1826,
        "w_volume": 0.2416,
        "w_trend": 0.0,
        "w_pattern": 0.0629,
        "w_macd": 0.1165,
        "w_bollinger": 0.0748,
        "w_kdj": 0.056,
        "w_obv": 0.0684,
        "w_support": 0.1553,
        "w_volume_profile": 0.0418
      }
    },
    {
      "annual_return": 176.9855,
      "max_drawdown": 21.1896,
      "win_rate": 53.8793,
      "sharpe": 2.4142,
      "calmar": 8.3525,
      "total_trades": 232,
      "profit_factor": 2.1526,
      "fitness": 90.9114,
      "dna": {
        "min_score": 1,
        "rsi_buy_threshold": 16.25306918769016,
        "rsi_sell_threshold": 69.18250500461784,
        "r2_min": 0.188920623599989,
        "slope_min": 0.11332066468059561,
        "volume_ratio_min": 0.5453024728400382,
        "hold_days": 2,
        "stop_loss_pct": 9.72497704056564,
        "take_profit_pct": 18.362743079673713,
        "max_positions": 1,
        "dip_threshold_pct": 4.951429067553974,
        "r2_trend_min": 0.2261906402361384,
        "w_momentum": 0.0,
        "w_mean_reversion": 0.1347,
        "w_volume": 0.2626,
        "w_trend": 0.0465,
        "w_pattern": 0.0684,
        "w_macd": 0.1266,
        "w_bollinger": 0.0201,
        "w_kdj": 0.0609,
        "w_obv": 0.0658,
        "w_support": 0.1688,
        "w_volume_profile": 0.0454
      }
    },
    {
      "annual_return": 142.5698,
      "max_drawdown": 16.2439,
      "win_rate": 48.2759,
      "sharpe": 2.1404,
      "calmar": 8.7768,
      "total_trades": 232,
      "profit_factor": 1.5911,
      "fitness": 87.0872,
      "dna": {
        "min_score": 1,
        "rsi_buy_threshold": 18.075625339892508,
        "rsi_sell_threshold": 77.36993389476083,
        "r2_min": 0.14719586371052315,
        "slope_min": 0.11678853206471258,
        "volume_ratio_min": 0.5,
        "hold_days": 2,
        "stop_loss_pct": 10.0,
        "take_profit_pct": 18.362743079673713,
        "max_positions": 1,
        "dip_threshold_pct": 3.968731952339622,
        "r2_trend_min": 0.2,
        "w_momentum": 0.0,
        "w_mean_reversion": 0.2185,
        "w_volume": 0.2084,
        "w_trend": 0.0,
        "w_pattern": 0.063,
        "w_macd": 0.1211,
        "w_bollinger": 0.0567,
        "w_kdj": 0.056,
        "w_obv": 0.0582,
        "w_support": 0.1762,
        "w_volume_profile": 0.0418
      }
    },
    {
      "annual_return": 145.3572,
      "max_drawdown": 17.8806,
      "win_rate": 48.7069,
      "sharpe": 2.3853,
      "calmar": 8.1293,
      "total_trades": 232,
      "profit_factor": 1.7422,
      "fitness": 83.8007,
      "dna": {
        "min_score": 1,
        "rsi_buy_threshold": 18.075625339892508,
        "rsi_sell_threshold": 77.36993389476083,
        "r2_min": 0.14719586371052315,
        "slope_min": 0.11678853206471258,
        "volume_ratio_min": 0.5,
        "hold_days": 2,
        "stop_loss_pct": 8.604899931675755,
        "take_profit_pct": 18.362743079673713,
        "max_positions": 1,
        "dip_threshold_pct": 6.201018513368113,
        "r2_trend_min": 0.2261906402361384,
        "w_momentum": 0.0,
        "w_mean_reversion": 0.1994,
        "w_volume": 0.2058,
        "w_trend": 0.0,
        "w_pattern": 0.044,
        "w_macd": 0.1489,
        "w_bollinger": 0.0739,
        "w_kdj": 0.0553,
        "w_obv": 0.0675,
        "w_support": 0.174,
        "w_volume_profile": 0.0312
      }
    },
    {
      "annual_return": 195.8754,
      "max_drawdown": 27.2589,
      "win_rate": 50.8621,
      "sharpe": 2.4177,
      "calmar": 7.1857,
      "total_trades": 232,
      "profit_factor": 2.1083,
      "fitness": 76.0271,
      "dna": {
        "min_score": 1,
        "rsi_buy_threshold": 12.301822906184244,
        "rsi_sell_threshold": 55.0,
        "r2_min": 0.1,
        "slope_min": 0.1,
        "volume_ratio_min": 0.6900121802842851,
        "hold_days": 2,
        "stop_loss_pct": 4.648064199489164,
        "take_profit_pct": 40.61703043872906,
        "max_positions": 1,
        "dip_threshold_pct": 4.1739453639871416,
        "r2_trend_min": 0.2,
        "w_momentum": 0.0,
        "w_mean_reversion": 0.0903,
        "w_volume": 0.1894,
        "w_trend": 0.0469,
        "w_pattern": 0.1461,
        "w_macd": 0.089,
        "w_bollinger": 0.0289,
        "w_kdj": 0.134,
        "w_obv": 0.0663,
        "w_support": 0.1559,
        "w_volume_profile": 0.0532
      }
    }
  ]
}