{
  "generation": 1319,
  "timestamp": "2026-03-20T23:07:36",
  "results": [
    {
      "annual_return": 144.6137,
      "max_drawdown": 22.1239,
      "win_rate": 51.7241,
      "sharpe": 2.1624,
      "calmar": 6.5365,
      "total_trades": 232,
      "profit_factor": 1.578,
      "fitness": 67.3415,
      "dna": {
        "min_score": 1,
        "rsi_buy_threshold": 35.166770483583754,
        "rsi_sell_threshold": 95.0,
        "r2_min": 0.15078989905707957,
        "slope_min": 0.1,
        "volume_ratio_min": 0.666058761811607,
        "hold_days": 2,
        "stop_loss_pct": 6.6489798966232945,
        "take_profit_pct": 10.25279554296755,
        "max_positions": 1,
        "dip_threshold_pct": 3.0,
        "r2_trend_min": 0.606696723654753,
        "w_momentum": 0.0,
        "w_mean_reversion": 0.2242,
        "w_volume": 0.7333,
        "w_trend": 0.005,
        "w_pattern": 0.0375
      }
    },
    {
      "annual_return": 165.8309,
      "max_drawdown": 28.5459,
      "win_rate": 52.1552,
      "sharpe": 2.2466,
      "calmar": 5.8093,
      "total_trades": 232,
      "profit_factor": 1.4918,
      "fitness": 60.8045,
      "dna": {
        "min_score": 1,
        "rsi_buy_threshold": 45.383658358310925,
        "rsi_sell_threshold": 84.05410717491061,
        "r2_min": 0.12104298009030362,
        "slope_min": 0.1,
        "volume_ratio_min": 0.7895594230757397,
        "hold_days": 2,
        "stop_loss_pct": 7.768150545765548,
        "take_profit_pct": 9.290007779283766,
        "max_positions": 1,
        "dip_threshold_pct": 3.0,
        "r2_trend_min": 0.46766185880316374,
        "w_momentum": 0.0,
        "w_mean_reversion": 0.2435,
        "w_volume": 0.6993,
        "w_trend": 0.0165,
        "w_pattern": 0.0407
      }
    },
    {
      "annual_return": 139.5439,
      "max_drawdown": 25.4241,
      "win_rate": 52.5862,
      "sharpe": 2.1592,
      "calmar": 5.4886,
      "total_trades": 232,
      "profit_factor": 1.7414,
      "fitness": 56.9898,
      "dna": {
        "min_score": 1,
        "rsi_buy_threshold": 45.383658358310925,
        "rsi_sell_threshold": 84.05410717491061,
        "r2_min": 0.12104298009030362,
        "slope_min": 0.12476348119334149,
        "volume_ratio_min": 0.7895594230757397,
        "hold_days": 2,
        "stop_loss_pct": 6.564761574783762,
        "take_profit_pct": 9.290007779283766,
        "max_positions": 1,
        "dip_threshold_pct": 3.0,
        "r2_trend_min": 0.46766185880316374,
        "w_momentum": 0.0,
        "w_mean_reversion": 0.2411,
        "w_volume": 0.6924,
        "w_trend": 0.0163,
        "w_pattern": 0.0502
      }
    },
    {
      "annual_return": 196.5429,
      "max_drawdown": 38.9811,
      "win_rate": 54.7414,
      "sharpe": 2.6095,
      "calmar": 5.042,
      "total_trades": 232,
      "profit_factor": 2.3164,
      "fitness": 56.7739,
      "dna": {
        "min_score": 1,
        "rsi_buy_threshold": 38.34101747541449,
        "rsi_sell_threshold": 75.55501282936015,
        "r2_min": 0.12104298009030362,
        "slope_min": 0.1,
        "volume_ratio_min": 0.7895594230757397,
        "hold_days": 2,
        "stop_loss_pct": 7.768150545765548,
        "take_profit_pct": 9.290007779283766,
        "max_positions": 1,
        "dip_threshold_pct": 3.0,
        "r2_trend_min": 0.5457009272103563,
        "w_momentum": 0.0,
        "w_mean_reversion": 0.2435,
        "w_volume": 0.6993,
        "w_trend": 0.0165,
        "w_pattern": 0.0407
      }
    },
    {
      "annual_return": 186.6262,
      "max_drawdown": 34.0829,
      "win_rate": 50.431,
      "sharpe": 2.2486,
      "calmar": 5.4757,
      "total_trades": 232,
      "profit_factor": 2.0335,
      "fitness": 56.3727,
      "dna": {
        "min_score": 1,
        "rsi_buy_threshold": 38.34101747541449,
        "rsi_sell_threshold": 84.05410717491061,
        "r2_min": 0.12104298009030362,
        "slope_min": 0.1,
        "volume_ratio_min": 1.0688380812625589,
        "hold_days": 2,
        "stop_loss_pct": 4.721858864161601,
        "take_profit_pct": 10.579251266638089,
        "max_positions": 1,
        "dip_threshold_pct": 3.0,
        "r2_trend_min": 0.4215873854938746,
        "w_momentum": 0.0,
        "w_mean_reversion": 0.2505,
        "w_volume": 0.6904,
        "w_trend": 0.0171,
        "w_pattern": 0.042
      }
    }
  ]
}