{
  "generation": 1019,
  "timestamp": "2026-03-20T21:00:06",
  "results": [
    {
      "annual_return": 263.6144,
      "max_drawdown": 27.0757,
      "win_rate": 55.8442,
      "sharpe": 3.0187,
      "calmar": 9.7362,
      "total_trades": 231,
      "profit_factor": 2.5388,
      "fitness": 116.6837,
      "dna": {
        "min_score": 1,
        "rsi_buy_threshold": 32.10700937067291,
        "rsi_sell_threshold": 95.0,
        "r2_min": 0.1,
        "slope_min": 0.23711030581046522,
        "volume_ratio_min": 1.3163811967063603,
        "hold_days": 2,
        "stop_loss_pct": 10.0,
        "take_profit_pct": 7.736188894352586,
        "max_positions": 1,
        "dip_threshold_pct": 26.44999490868821,
        "r2_trend_min": 0.2,
        "w_momentum": 0.0007,
        "w_mean_reversion": 0.3828,
        "w_volume": 0.5549,
        "w_trend": 0.0389,
        "w_pattern": 0.0226
      }
    },
    {
      "annual_return": 192.2424,
      "max_drawdown": 24.5975,
      "win_rate": 53.0172,
      "sharpe": 2.489,
      "calmar": 7.8155,
      "total_trades": 232,
      "profit_factor": 1.5458,
      "fitness": 85.2354,
      "dna": {
        "min_score": 1,
        "rsi_buy_threshold": 28.44724240267874,
        "rsi_sell_threshold": 95.0,
        "r2_min": 0.1,
        "slope_min": 0.21528777658346543,
        "volume_ratio_min": 1.3163811967063603,
        "hold_days": 2,
        "stop_loss_pct": 10.0,
        "take_profit_pct": 7.242616591571865,
        "max_positions": 1,
        "dip_threshold_pct": 22.531285863973338,
        "r2_trend_min": 0.2,
        "w_momentum": 0.0106,
        "w_mean_reversion": 0.2948,
        "w_volume": 0.6343,
        "w_trend": 0.0381,
        "w_pattern": 0.0222
      }
    },
    {
      "annual_return": 154.631,
      "max_drawdown": 23.9962,
      "win_rate": 53.6797,
      "sharpe": 2.125,
      "calmar": 6.444,
      "total_trades": 231,
      "profit_factor": 1.4644,
      "fitness": 67.2777,
      "dna": {
        "min_score": 1,
        "rsi_buy_threshold": 50.0,
        "rsi_sell_threshold": 95.0,
        "r2_min": 0.1,
        "slope_min": 0.1880706286067959,
        "volume_ratio_min": 1.2017971071030966,
        "hold_days": 2,
        "stop_loss_pct": 6.78526547558859,
        "take_profit_pct": 8.981462747432563,
        "max_positions": 1,
        "dip_threshold_pct": 18.795840155568275,
        "r2_trend_min": 0.23539860453660338,
        "w_momentum": 0.0008,
        "w_mean_reversion": 0.4745,
        "w_volume": 0.4527,
        "w_trend": 0.0493,
        "w_pattern": 0.0228
      }
    },
    {
      "annual_return": 151.0428,
      "max_drawdown": 24.8923,
      "win_rate": 51.7241,
      "sharpe": 2.1685,
      "calmar": 6.0679,
      "total_trades": 232,
      "profit_factor": 1.5591,
      "fitness": 62.5663,
      "dna": {
        "min_score": 1,
        "rsi_buy_threshold": 32.10700937067291,
        "rsi_sell_threshold": 95.0,
        "r2_min": 0.1,
        "slope_min": 0.19410620658689487,
        "volume_ratio_min": 1.3163811967063603,
        "hold_days": 2,
        "stop_loss_pct": 10.0,
        "take_profit_pct": 9.104508965755157,
        "max_positions": 1,
        "dip_threshold_pct": 22.531285863973338,
        "r2_trend_min": 0.2,
        "w_momentum": 0.0107,
        "w_mean_reversion": 0.379,
        "w_volume": 0.5494,
        "w_trend": 0.0385,
        "w_pattern": 0.0224
      }
    },
    {
      "annual_return": 144.0732,
      "max_drawdown": 32.5228,
      "win_rate": 53.5948,
      "sharpe": 2.2424,
      "calmar": 4.4299,
      "total_trades": 153,
      "profit_factor": 1.9826,
      "fitness": 46.9756,
      "dna": {
        "min_score": 1,
        "rsi_buy_threshold": 50.0,
        "rsi_sell_threshold": 95.0,
        "r2_min": 0.1,
        "slope_min": 0.1385500402051772,
        "volume_ratio_min": 1.2017971071030966,
        "hold_days": 3,
        "stop_loss_pct": 6.78526547558859,
        "take_profit_pct": 8.981462747432563,
        "max_positions": 1,
        "dip_threshold_pct": 21.566093402951147,
        "r2_trend_min": 0.2,
        "w_momentum": 0.011,
        "w_mean_reversion": 0.4889,
        "w_volume": 0.4665,
        "w_trend": 0.0304,
        "w_pattern": 0.0031
      }
    }
  ]
}