{
  "generation": 269,
  "timestamp": "2026-03-20T14:51:31",
  "results": [
    {
      "annual_return": 321.7625,
      "max_drawdown": 20.1927,
      "win_rate": 56.9565,
      "sharpe": 3.3521,
      "calmar": 15.9346,
      "total_trades": 230,
      "profit_factor": 3.0255,
      "fitness": 200.88,
      "dna": {
        "min_score": 1,
        "rsi_buy_threshold": 32.36690767741544,
        "rsi_sell_threshold": 69.56305887588707,
        "r2_min": 0.1,
        "slope_min": 0.13672210451710057,
        "volume_ratio_min": 1.6481171213329486,
        "hold_days": 2,
        "stop_loss_pct": 8.082724027452857,
        "take_profit_pct": 10.303595949447288,
        "max_positions": 1,
        "dip_threshold_pct": 3.0,
        "r2_trend_min": 0.5695917954251972,
        "w_momentum": 0.0,
        "w_mean_reversion": 0.1127,
        "w_volume": 0.0691,
        "w_trend": 0.0045,
        "w_pattern": 0.8136
      }
    },
    {
      "annual_return": 153.3055,
      "max_drawdown": 21.6383,
      "win_rate": 50.2165,
      "sharpe": 2.1692,
      "calmar": 7.0849,
      "total_trades": 231,
      "profit_factor": 1.7704,
      "fitness": 71.9879,
      "dna": {
        "min_score": 1,
        "rsi_buy_threshold": 44.55100531767978,
        "rsi_sell_threshold": 71.0018775848104,
        "r2_min": 0.1,
        "slope_min": 0.15368815619068296,
        "volume_ratio_min": 1.4803744785295163,
        "hold_days": 2,
        "stop_loss_pct": 4.8235343443150684,
        "take_profit_pct": 10.303595949447288,
        "max_positions": 1,
        "dip_threshold_pct": 6.005462963297942,
        "r2_trend_min": 0.21688851825052052,
        "w_momentum": 0.0,
        "w_mean_reversion": 0.156,
        "w_volume": 0.0733,
        "w_trend": 0.0299,
        "w_pattern": 0.7408
      }
    },
    {
      "annual_return": 132.0955,
      "max_drawdown": 19.4228,
      "win_rate": 54.7414,
      "sharpe": 2.1278,
      "calmar": 6.801,
      "total_trades": 232,
      "profit_factor": 1.6302,
      "fitness": 71.7334,
      "dna": {
        "min_score": 1,
        "rsi_buy_threshold": 32.36690767741544,
        "rsi_sell_threshold": 92.57036570195685,
        "r2_min": 0.1,
        "slope_min": 0.1310958271673457,
        "volume_ratio_min": 1.4191124400071162,
        "hold_days": 2,
        "stop_loss_pct": 7.728639229077834,
        "take_profit_pct": 10.303595949447288,
        "max_positions": 1,
        "dip_threshold_pct": 3.8452537250595826,
        "r2_trend_min": 0.44760301814599607,
        "w_momentum": 0.0,
        "w_mean_reversion": 0.1011,
        "w_volume": 0.0608,
        "w_trend": 0.0131,
        "w_pattern": 0.825
      }
    },
    {
      "annual_return": 156.3738,
      "max_drawdown": 25.397,
      "win_rate": 54.9784,
      "sharpe": 2.1885,
      "calmar": 6.1572,
      "total_trades": 231,
      "profit_factor": 1.8771,
      "fitness": 65.6366,
      "dna": {
        "min_score": 1,
        "rsi_buy_threshold": 32.36690767741544,
        "rsi_sell_threshold": 69.56305887588707,
        "r2_min": 0.1,
        "slope_min": 0.16309758362197888,
        "volume_ratio_min": 1.9090709500494518,
        "hold_days": 2,
        "stop_loss_pct": 9.14344997345663,
        "take_profit_pct": 10.303595949447288,
        "max_positions": 1,
        "dip_threshold_pct": 3.0,
        "r2_trend_min": 0.44760301814599607,
        "w_momentum": 0.0,
        "w_mean_reversion": 0.1096,
        "w_volume": 0.0853,
        "w_trend": 0.0142,
        "w_pattern": 0.7909
      }
    },
    {
      "annual_return": 158.2075,
      "max_drawdown": 34.3704,
      "win_rate": 55.6034,
      "sharpe": 2.1496,
      "calmar": 4.603,
      "total_trades": 232,
      "profit_factor": 1.7512,
      "fitness": 49.0802,
      "dna": {
        "min_score": 1,
        "rsi_buy_threshold": 32.36690767741544,
        "rsi_sell_threshold": 92.57036570195685,
        "r2_min": 0.1,
        "slope_min": 0.1310958271673457,
        "volume_ratio_min": 1.6481171213329486,
        "hold_days": 2,
        "stop_loss_pct": 9.14344997345663,
        "take_profit_pct": 10.303595949447288,
        "max_positions": 1,
        "dip_threshold_pct": 3.2971254134589096,
        "r2_trend_min": 0.44760301814599607,
        "w_momentum": 0.0,
        "w_mean_reversion": 0.1011,
        "w_volume": 0.0608,
        "w_trend": 0.0131,
        "w_pattern": 0.825
      }
    }
  ]
}