{
  "generation": 1449,
  "timestamp": "2026-03-21T04:27:23",
  "results": [
    {
      "annual_return": 376.2897,
      "max_drawdown": 20.6327,
      "win_rate": 57.7586,
      "sharpe": 3.1717,
      "calmar": 18.2376,
      "total_trades": 116,
      "profit_factor": 3.3715,
      "fitness": 226.5253,
      "dna": {
        "min_score": 1,
        "rsi_buy_threshold": 10.0,
        "rsi_sell_threshold": 62.7720075789246,
        "r2_min": 0.16763481315330275,
        "slope_min": 0.17773356930913511,
        "volume_ratio_min": 0.7863005144560273,
        "hold_days": 4,
        "stop_loss_pct": 8.950104357447925,
        "take_profit_pct": 21.446508219259517,
        "max_positions": 1,
        "dip_threshold_pct": 5.006296804520613,
        "r2_trend_min": 0.3078499717283867,
        "w_momentum": 0.0,
        "w_mean_reversion": 0.0267,
        "w_volume": 0.4575,
        "w_trend": 0.0288,
        "w_pattern": 0.0153,
        "w_macd": 0.034,
        "w_bollinger": 0.1876,
        "w_kdj": 0.0034,
        "w_obv": 0.1235,
        "w_support": 0.1232,
        "w_volume_profile": 0.0
      }
    },
    {
      "annual_return": 189.5885,
      "max_drawdown": 17.3674,
      "win_rate": 54.3103,
      "sharpe": 2.1707,
      "calmar": 10.9163,
      "total_trades": 116,
      "profit_factor": 2.556,
      "fitness": 115.3739,
      "dna": {
        "min_score": 1,
        "rsi_buy_threshold": 12.36611114115346,
        "rsi_sell_threshold": 68.73599607492424,
        "r2_min": 0.16763481315330275,
        "slope_min": 0.2019667322846077,
        "volume_ratio_min": 0.6266783624734078,
        "hold_days": 4,
        "stop_loss_pct": 10.0,
        "take_profit_pct": 24.530792365337852,
        "max_positions": 1,
        "dip_threshold_pct": 4.79537103023139,
        "r2_trend_min": 0.28340630486433216,
        "w_momentum": 0.0,
        "w_mean_reversion": 0.0157,
        "w_volume": 0.3543,
        "w_trend": 0.0,
        "w_pattern": 0.0256,
        "w_macd": 0.0248,
        "w_bollinger": 0.1122,
        "w_kdj": 0.0234,
        "w_obv": 0.2213,
        "w_support": 0.2227,
        "w_volume_profile": 0.0
      }
    },
    {
      "annual_return": 147.6674,
      "max_drawdown": 19.4299,
      "win_rate": 56.5217,
      "sharpe": 2.16,
      "calmar": 7.6,
      "total_trades": 115,
      "profit_factor": 2.3532,
      "fitness": 81.821,
      "dna": {
        "min_score": 1,
        "rsi_buy_threshold": 12.36611114115346,
        "rsi_sell_threshold": 62.7720075789246,
        "r2_min": 0.16763481315330275,
        "slope_min": 0.21665233179418222,
        "volume_ratio_min": 0.7863005144560273,
        "hold_days": 4,
        "stop_loss_pct": 7.875126986258228,
        "take_profit_pct": 21.446508219259517,
        "max_positions": 1,
        "dip_threshold_pct": 6.567535084977495,
        "r2_trend_min": 0.28340630486433216,
        "w_momentum": 0.0,
        "w_mean_reversion": 0.0247,
        "w_volume": 0.4242,
        "w_trend": 0.0267,
        "w_pattern": 0.0142,
        "w_macd": 0.0315,
        "w_bollinger": 0.1738,
        "w_kdj": 0.0032,
        "w_obv": 0.1354,
        "w_support": 0.1664,
        "w_volume_profile": 0.0
      }
    },
    {
      "annual_return": 156.0981,
      "max_drawdown": 23.02,
      "win_rate": 53.4483,
      "sharpe": 2.2067,
      "calmar": 6.781,
      "total_trades": 116,
      "profit_factor": 2.2913,
      "fitness": 71.4541,
      "dna": {
        "min_score": 1,
        "rsi_buy_threshold": 12.36611114115346,
        "rsi_sell_threshold": 64.30815800575584,
        "r2_min": 0.13772737766335935,
        "slope_min": 0.30905663010143514,
        "volume_ratio_min": 0.8831387498805501,
        "hold_days": 4,
        "stop_loss_pct": 4.373311378930805,
        "take_profit_pct": 17.20510095008843,
        "max_positions": 1,
        "dip_threshold_pct": 3.204478660569892,
        "r2_trend_min": 0.28340630486433216,
        "w_momentum": 0.0294,
        "w_mean_reversion": 0.0,
        "w_volume": 0.3487,
        "w_trend": 0.0027,
        "w_pattern": 0.0481,
        "w_macd": 0.0105,
        "w_bollinger": 0.2006,
        "w_kdj": 0.0448,
        "w_obv": 0.1488,
        "w_support": 0.1664,
        "w_volume_profile": 0.0
      }
    },
    {
      "annual_return": 139.9537,
      "max_drawdown": 22.7045,
      "win_rate": 58.6207,
      "sharpe": 1.9867,
      "calmar": 6.1641,
      "total_trades": 116,
      "profit_factor": 1.9486,
      "fitness": 65.9479,
      "dna": {
        "min_score": 1,
        "rsi_buy_threshold": 15.695645663917087,
        "rsi_sell_threshold": 62.7720075789246,
        "r2_min": 0.16763481315330275,
        "slope_min": 0.21665233179418222,
        "volume_ratio_min": 0.7863005144560273,
        "hold_days": 4,
        "stop_loss_pct": 10.0,
        "take_profit_pct": 25.425988916641796,
        "max_positions": 1,
        "dip_threshold_pct": 4.79537103023139,
        "r2_trend_min": 0.3545650449168518,
        "w_momentum": 0.0,
        "w_mean_reversion": 0.0312,
        "w_volume": 0.4158,
        "w_trend": 0.01,
        "w_pattern": 0.03,
        "w_macd": 0.0398,
        "w_bollinger": 0.1317,
        "w_kdj": 0.0175,
        "w_obv": 0.1448,
        "w_support": 0.1792,
        "w_volume_profile": 0.0
      }
    }
  ]
}