{
  "generation": 59,
  "timestamp": "2026-03-20T12:57:32",
  "results": [
    {
      "annual_return": 668.555,
      "max_drawdown": 35.4788,
      "win_rate": 49.2424,
      "sharpe": 3.1324,
      "calmar": 18.8438,
      "total_trades": 132,
      "profit_factor": 1.7493,
      "fitness": 215.0734,
      "dna": {
        "min_score": 3,
        "rsi_buy_threshold": 32.97731074365326,
        "rsi_sell_threshold": 95.0,
        "r2_min": 0.3170434022981377,
        "slope_min": 0.3746842722075259,
        "volume_ratio_min": 1.634278276047483,
        "hold_days": 1,
        "stop_loss_pct": 6.396749049529723,
        "take_profit_pct": 9.871369285702153,
        "max_positions": 1,
        "dip_threshold_pct": 15.81433377450267,
        "r2_trend_min": 0.24387797302084513,
        "w_momentum": 0.0804,
        "w_mean_reversion": 0.1168,
        "w_volume": 0.1172,
        "w_trend": 0.4254,
        "w_pattern": 0.2601
      }
    },
    {
      "annual_return": 501.2997,
      "max_drawdown": 29.8217,
      "win_rate": 51.3978,
      "sharpe": 3.0795,
      "calmar": 16.8099,
      "total_trades": 465,
      "profit_factor": 1.5359,
      "fitness": 194.7375,
      "dna": {
        "min_score": 3,
        "rsi_buy_threshold": 33.146296391836785,
        "rsi_sell_threshold": 95.0,
        "r2_min": 0.2825174511684771,
        "slope_min": 0.47568997023053716,
        "volume_ratio_min": 1.6188727651172985,
        "hold_days": 1,
        "stop_loss_pct": 10.0,
        "take_profit_pct": 7.686194533468596,
        "max_positions": 1,
        "dip_threshold_pct": 9.649478857662121,
        "r2_trend_min": 0.28785457081189486,
        "w_momentum": 0.0997,
        "w_mean_reversion": 0.1447,
        "w_volume": 0.1452,
        "w_trend": 0.3442,
        "w_pattern": 0.2662
      }
    },
    {
      "annual_return": 427.8779,
      "max_drawdown": 29.0708,
      "win_rate": 50.5376,
      "sharpe": 3.0037,
      "calmar": 14.7185,
      "total_trades": 465,
      "profit_factor": 1.5862,
      "fitness": 167.4912,
      "dna": {
        "min_score": 2,
        "rsi_buy_threshold": 32.5575888466759,
        "rsi_sell_threshold": 95.0,
        "r2_min": 0.3713568849741214,
        "slope_min": 0.47568997023053716,
        "volume_ratio_min": 1.4133353299258575,
        "hold_days": 1,
        "stop_loss_pct": 8.910819700526622,
        "take_profit_pct": 6.956309629367814,
        "max_positions": 1,
        "dip_threshold_pct": 12.083742579291837,
        "r2_trend_min": 0.2828742265865549,
        "w_momentum": 0.0829,
        "w_mean_reversion": 0.1205,
        "w_volume": 0.1359,
        "w_trend": 0.3926,
        "w_pattern": 0.2681
      }
    },
    {
      "annual_return": 443.5491,
      "max_drawdown": 48.0025,
      "win_rate": 51.706,
      "sharpe": 2.7761,
      "calmar": 9.2401,
      "total_trades": 381,
      "profit_factor": 1.3817,
      "fitness": 103.3339,
      "dna": {
        "min_score": 3,
        "rsi_buy_threshold": 37.72778212577916,
        "rsi_sell_threshold": 72.48197173175718,
        "r2_min": 0.3713568849741214,
        "slope_min": 0.5923773228350094,
        "volume_ratio_min": 1.4133353299258575,
        "hold_days": 1,
        "stop_loss_pct": 10.0,
        "take_profit_pct": 9.871369285702153,
        "max_positions": 1,
        "dip_threshold_pct": 9.649478857662121,
        "r2_trend_min": 0.3005665452055233,
        "w_momentum": 0.0805,
        "w_mean_reversion": 0.1135,
        "w_volume": 0.1442,
        "w_trend": 0.3419,
        "w_pattern": 0.3199
      }
    },
    {
      "annual_return": 344.4199,
      "max_drawdown": 37.1064,
      "win_rate": 51.1828,
      "sharpe": 2.6407,
      "calmar": 9.282,
      "total_trades": 465,
      "profit_factor": 1.5923,
      "fitness": 101.4756,
      "dna": {
        "min_score": 2,
        "rsi_buy_threshold": 28.745322292826202,
        "rsi_sell_threshold": 95.0,
        "r2_min": 0.3238288623160276,
        "slope_min": 0.47568997023053716,
        "volume_ratio_min": 1.4133353299258575,
        "hold_days": 1,
        "stop_loss_pct": 10.0,
        "take_profit_pct": 6.956309629367814,
        "max_positions": 1,
        "dip_threshold_pct": 13.782553542949332,
        "r2_trend_min": 0.2292717131991674,
        "w_momentum": 0.0933,
        "w_mean_reversion": 0.1211,
        "w_volume": 0.1215,
        "w_trend": 0.3947,
        "w_pattern": 0.2695
      }
    }
  ]
}