{
  "generation": 679,
  "timestamp": "2026-03-20T18:12:55",
  "results": [
    {
      "annual_return": 86.0541,
      "max_drawdown": 13.3172,
      "win_rate": 34.4828,
      "sharpe": 1.9831,
      "calmar": 6.4619,
      "total_trades": 232,
      "profit_factor": 1.5785,
      "fitness": 52.9955,
      "dna": {
        "min_score": 1,
        "rsi_buy_threshold": 30.946082121762743,
        "rsi_sell_threshold": 95.0,
        "r2_min": 0.35995247269445957,
        "slope_min": 0.1867902083636142,
        "volume_ratio_min": 1.6327606612798566,
        "hold_days": 2,
        "stop_loss_pct": 1.2624480390750363,
        "take_profit_pct": 9.954943650006634,
        "max_positions": 1,
        "dip_threshold_pct": 3.0,
        "r2_trend_min": 0.27395745861717163,
        "w_momentum": 0.0,
        "w_mean_reversion": 0.5973,
        "w_volume": 0.3479,
        "w_trend": 0.0462,
        "w_pattern": 0.0087
      }
    },
    {
      "annual_return": 116.8618,
      "max_drawdown": 23.1486,
      "win_rate": 36.6379,
      "sharpe": 2.2223,
      "calmar": 5.0483,
      "total_trades": 232,
      "profit_factor": 1.8701,
      "fitness": 44.1388,
      "dna": {
        "min_score": 1,
        "rsi_buy_threshold": 41.21812407550049,
        "rsi_sell_threshold": 80.97915200511905,
        "r2_min": 0.4727734509054782,
        "slope_min": 0.1867902083636142,
        "volume_ratio_min": 1.6327606612798566,
        "hold_days": 2,
        "stop_loss_pct": 1.5272808729672271,
        "take_profit_pct": 9.954943650006634,
        "max_positions": 1,
        "dip_threshold_pct": 3.0,
        "r2_trend_min": 0.3061996763403998,
        "w_momentum": 0.0,
        "w_mean_reversion": 0.5938,
        "w_volume": 0.3458,
        "w_trend": 0.0577,
        "w_pattern": 0.0027
      }
    },
    {
      "annual_return": 75.0859,
      "max_drawdown": 14.2267,
      "win_rate": 32.3276,
      "sharpe": 1.801,
      "calmar": 5.2778,
      "total_trades": 232,
      "profit_factor": 1.5421,
      "fitness": 40.8171,
      "dna": {
        "min_score": 1,
        "rsi_buy_threshold": 41.21812407550049,
        "rsi_sell_threshold": 95.0,
        "r2_min": 0.5127195854708375,
        "slope_min": 0.2760235518352048,
        "volume_ratio_min": 2.642647854053442,
        "hold_days": 2,
        "stop_loss_pct": 1.235420779475719,
        "take_profit_pct": 12.038134023504407,
        "max_positions": 1,
        "dip_threshold_pct": 4.631578977518448,
        "r2_trend_min": 0.2,
        "w_momentum": 0.0306,
        "w_mean_reversion": 0.6245,
        "w_volume": 0.2511,
        "w_trend": 0.0911,
        "w_pattern": 0.0027
      }
    },
    {
      "annual_return": 75.2723,
      "max_drawdown": 15.9374,
      "win_rate": 39.2241,
      "sharpe": 1.864,
      "calmar": 4.723,
      "total_trades": 232,
      "profit_factor": 1.7458,
      "fitness": 40.607,
      "dna": {
        "min_score": 1,
        "rsi_buy_threshold": 25.047017169162558,
        "rsi_sell_threshold": 77.10561312345902,
        "r2_min": 0.61161977985734,
        "slope_min": 0.15212173430078704,
        "volume_ratio_min": 1.2454325241306832,
        "hold_days": 2,
        "stop_loss_pct": 1.4080032805217157,
        "take_profit_pct": 12.038134023504407,
        "max_positions": 1,
        "dip_threshold_pct": 4.631578977518448,
        "r2_trend_min": 0.2,
        "w_momentum": 0.0,
        "w_mean_reversion": 0.6746,
        "w_volume": 0.2361,
        "w_trend": 0.075,
        "w_pattern": 0.0144
      }
    },
    {
      "annual_return": 95.7381,
      "max_drawdown": 26.0548,
      "win_rate": 36.3636,
      "sharpe": 2.2218,
      "calmar": 3.6745,
      "total_trades": 231,
      "profit_factor": 1.8925,
      "fitness": 32.0041,
      "dna": {
        "min_score": 1,
        "rsi_buy_threshold": 41.21812407550049,
        "rsi_sell_threshold": 64.47897582710522,
        "r2_min": 0.41231562177339276,
        "slope_min": 0.1,
        "volume_ratio_min": 0.8592530628047015,
        "hold_days": 2,
        "stop_loss_pct": 1.2949852993752624,
        "take_profit_pct": 8.44256669055659,
        "max_positions": 1,
        "dip_threshold_pct": 3.8340641263907482,
        "r2_trend_min": 0.22462255267099,
        "w_momentum": 0.0,
        "w_mean_reversion": 0.5962,
        "w_volume": 0.3472,
        "w_trend": 0.0445,
        "w_pattern": 0.0121
      }
    }
  ]
}