{
  "generation": 209,
  "timestamp": "2026-03-20T14:28:50",
  "results": [
    {
      "annual_return": 182.497,
      "max_drawdown": 21.4798,
      "win_rate": 50.0,
      "sharpe": 2.0059,
      "calmar": 8.4962,
      "total_trades": 232,
      "profit_factor": 1.3516,
      "fitness": 84.1794,
      "dna": {
        "min_score": 1,
        "rsi_buy_threshold": 50.0,
        "rsi_sell_threshold": 75.57304664900883,
        "r2_min": 0.1053810161702978,
        "slope_min": 0.17153754171840568,
        "volume_ratio_min": 1.9985510069570567,
        "hold_days": 2,
        "stop_loss_pct": 8.136454235236904,
        "take_profit_pct": 37.89116273619845,
        "max_positions": 1,
        "dip_threshold_pct": 30.0,
        "r2_trend_min": 0.2261982071215409,
        "w_momentum": 0.0,
        "w_mean_reversion": 0.2271,
        "w_volume": 0.0722,
        "w_trend": 0.0,
        "w_pattern": 0.7007
      }
    },
    {
      "annual_return": 187.0016,
      "max_drawdown": 30.2374,
      "win_rate": 53.0172,
      "sharpe": 2.153,
      "calmar": 6.1845,
      "total_trades": 232,
      "profit_factor": 1.4204,
      "fitness": 64.4208,
      "dna": {
        "min_score": 1,
        "rsi_buy_threshold": 50.0,
        "rsi_sell_threshold": 75.57304664900883,
        "r2_min": 0.1053810161702978,
        "slope_min": 0.20215156635546755,
        "volume_ratio_min": 1.4617847931031893,
        "hold_days": 2,
        "stop_loss_pct": 9.3085004914926,
        "take_profit_pct": 48.60923287051486,
        "max_positions": 1,
        "dip_threshold_pct": 30.0,
        "r2_trend_min": 0.2261982071215409,
        "w_momentum": 0.0,
        "w_mean_reversion": 0.2301,
        "w_volume": 0.0597,
        "w_trend": 0.0,
        "w_pattern": 0.7102
      }
    },
    {
      "annual_return": 213.1919,
      "max_drawdown": 33.3071,
      "win_rate": 45.6376,
      "sharpe": 2.0468,
      "calmar": 6.4008,
      "total_trades": 149,
      "profit_factor": 1.6345,
      "fitness": 60.9422,
      "dna": {
        "min_score": 1,
        "rsi_buy_threshold": 38.71818568029145,
        "rsi_sell_threshold": 75.57304664900883,
        "r2_min": 0.12280501105512505,
        "slope_min": 0.127525088081348,
        "volume_ratio_min": 1.6359816871538144,
        "hold_days": 2,
        "stop_loss_pct": 9.3085004914926,
        "take_profit_pct": 37.89116273619845,
        "max_positions": 1,
        "dip_threshold_pct": 30.0,
        "r2_trend_min": 0.2261982071215409,
        "w_momentum": 0.0,
        "w_mean_reversion": 0.198,
        "w_volume": 0.0749,
        "w_trend": 0.0,
        "w_pattern": 0.7271
      }
    },
    {
      "annual_return": 197.133,
      "max_drawdown": 34.8551,
      "win_rate": 55.1724,
      "sharpe": 2.156,
      "calmar": 5.6558,
      "total_trades": 232,
      "profit_factor": 1.6637,
      "fitness": 60.125,
      "dna": {
        "min_score": 1,
        "rsi_buy_threshold": 50.0,
        "rsi_sell_threshold": 75.57304664900883,
        "r2_min": 0.1053810161702978,
        "slope_min": 0.15393566743005568,
        "volume_ratio_min": 1.6359816871538144,
        "hold_days": 2,
        "stop_loss_pct": 10.0,
        "take_profit_pct": 37.89116273619845,
        "max_positions": 1,
        "dip_threshold_pct": 30.0,
        "r2_trend_min": 0.2,
        "w_momentum": 0.0,
        "w_mean_reversion": 0.1677,
        "w_volume": 0.0863,
        "w_trend": 0.0105,
        "w_pattern": 0.7356
      }
    },
    {
      "annual_return": 137.8191,
      "max_drawdown": 35.7316,
      "win_rate": 51.9481,
      "sharpe": 1.7609,
      "calmar": 3.8571,
      "total_trades": 231,
      "profit_factor": 1.6008,
      "fitness": 37.5903,
      "dna": {
        "min_score": 1,
        "rsi_buy_threshold": 43.42604392944083,
        "rsi_sell_threshold": 95.0,
        "r2_min": 0.10234027249612963,
        "slope_min": 0.17153754171840568,
        "volume_ratio_min": 1.8956853829736935,
        "hold_days": 2,
        "stop_loss_pct": 8.149649172791046,
        "take_profit_pct": 30.426564706264116,
        "max_positions": 1,
        "dip_threshold_pct": 21.414475777989136,
        "r2_trend_min": 0.2,
        "w_momentum": 0.0096,
        "w_mean_reversion": 0.2299,
        "w_volume": 0.0634,
        "w_trend": 0.0104,
        "w_pattern": 0.6867
      }
    }
  ]
}