{
  "generation": 299,
  "timestamp": "2026-03-20T15:02:40",
  "results": [
    {
      "annual_return": 434.3743,
      "max_drawdown": 18.2626,
      "win_rate": 57.5758,
      "sharpe": 3.4632,
      "calmar": 23.785,
      "total_trades": 231,
      "profit_factor": 1.9479,
      "fitness": 305.4827,
      "dna": {
        "min_score": 1,
        "rsi_buy_threshold": 42.99381861252416,
        "rsi_sell_threshold": 64.28963227778407,
        "r2_min": 0.12501798788897936,
        "slope_min": 0.16382795136398176,
        "volume_ratio_min": 1.4971990502139498,
        "hold_days": 2,
        "stop_loss_pct": 5.8222150352001805,
        "take_profit_pct": 19.856617220471264,
        "max_positions": 1,
        "dip_threshold_pct": 3.0,
        "r2_trend_min": 0.2,
        "w_momentum": 0.0,
        "w_mean_reversion": 0.1438,
        "w_volume": 0.0533,
        "w_trend": 0.0252,
        "w_pattern": 0.7777
      }
    },
    {
      "annual_return": 243.2779,
      "max_drawdown": 20.9736,
      "win_rate": 51.5152,
      "sharpe": 2.3881,
      "calmar": 11.5993,
      "total_trades": 231,
      "profit_factor": 2.075,
      "fitness": 123.0155,
      "dna": {
        "min_score": 1,
        "rsi_buy_threshold": 42.06863121929326,
        "rsi_sell_threshold": 95.0,
        "r2_min": 0.12182690651957997,
        "slope_min": 0.17752063994517933,
        "volume_ratio_min": 1.2428676754370518,
        "hold_days": 2,
        "stop_loss_pct": 5.8222150352001805,
        "take_profit_pct": 16.012018163798103,
        "max_positions": 1,
        "dip_threshold_pct": 3.4586066424119317,
        "r2_trend_min": 0.32751543837134406,
        "w_momentum": 0.0,
        "w_mean_reversion": 0.1467,
        "w_volume": 0.0808,
        "w_trend": 0.0298,
        "w_pattern": 0.7427
      }
    },
    {
      "annual_return": 193.3745,
      "max_drawdown": 35.3679,
      "win_rate": 53.4483,
      "sharpe": 2.2515,
      "calmar": 5.4675,
      "total_trades": 232,
      "profit_factor": 1.9758,
      "fitness": 57.9714,
      "dna": {
        "min_score": 1,
        "rsi_buy_threshold": 42.06863121929326,
        "rsi_sell_threshold": 91.7147312016111,
        "r2_min": 0.14526815608613144,
        "slope_min": 0.1633185112513746,
        "volume_ratio_min": 1.2428676754370518,
        "hold_days": 2,
        "stop_loss_pct": 7.53035223428885,
        "take_profit_pct": 19.130887567880485,
        "max_positions": 1,
        "dip_threshold_pct": 3.0,
        "r2_trend_min": 0.21867066929100115,
        "w_momentum": 0.0004,
        "w_mean_reversion": 0.1724,
        "w_volume": 0.0775,
        "w_trend": 0.0244,
        "w_pattern": 0.7253
      }
    },
    {
      "annual_return": 179.8386,
      "max_drawdown": 36.7585,
      "win_rate": 54.3103,
      "sharpe": 2.1712,
      "calmar": 4.8924,
      "total_trades": 232,
      "profit_factor": 2.0712,
      "fitness": 51.7115,
      "dna": {
        "min_score": 1,
        "rsi_buy_threshold": 42.06863121929326,
        "rsi_sell_threshold": 87.3215755880769,
        "r2_min": 0.15955722700883324,
        "slope_min": 0.1181721041948369,
        "volume_ratio_min": 1.1040458432545615,
        "hold_days": 2,
        "stop_loss_pct": 6.964523153652179,
        "take_profit_pct": 21.534819475488163,
        "max_positions": 1,
        "dip_threshold_pct": 3.0,
        "r2_trend_min": 0.2,
        "w_momentum": 0.0,
        "w_mean_reversion": 0.1467,
        "w_volume": 0.0808,
        "w_trend": 0.0298,
        "w_pattern": 0.7427
      }
    },
    {
      "annual_return": 115.1473,
      "max_drawdown": 22.893,
      "win_rate": 53.2468,
      "sharpe": 2.0345,
      "calmar": 5.0298,
      "total_trades": 231,
      "profit_factor": 1.673,
      "fitness": 51.6368,
      "dna": {
        "min_score": 1,
        "rsi_buy_threshold": 31.40170023970623,
        "rsi_sell_threshold": 79.24628698627794,
        "r2_min": 0.11394276267094511,
        "slope_min": 0.1633185112513746,
        "volume_ratio_min": 1.532735132110296,
        "hold_days": 2,
        "stop_loss_pct": 7.53035223428885,
        "take_profit_pct": 15.564233365531088,
        "max_positions": 1,
        "dip_threshold_pct": 3.255286965705342,
        "r2_trend_min": 0.2746360208756323,
        "w_momentum": 0.0121,
        "w_mean_reversion": 0.2009,
        "w_volume": 0.0634,
        "w_trend": 0.0297,
        "w_pattern": 0.6939
      }
    }
  ]
}