{
  "generation": 229,
  "timestamp": "2026-03-20T14:35:53",
  "results": [
    {
      "annual_return": 128.9845,
      "max_drawdown": 21.5233,
      "win_rate": 48.7069,
      "sharpe": 1.8999,
      "calmar": 5.9928,
      "total_trades": 232,
      "profit_factor": 1.5108,
      "fitness": 57.7158,
      "dna": {
        "min_score": 1,
        "rsi_buy_threshold": 38.02490363747503,
        "rsi_sell_threshold": 55.0,
        "r2_min": 0.1,
        "slope_min": 0.1,
        "volume_ratio_min": 1.4758216979148633,
        "hold_days": 2,
        "stop_loss_pct": 10.0,
        "take_profit_pct": 23.86038012034429,
        "max_positions": 1,
        "dip_threshold_pct": 16.66380301676776,
        "r2_trend_min": 0.2,
        "w_momentum": 0.0,
        "w_mean_reversion": 0.2905,
        "w_volume": 0.128,
        "w_trend": 0.0122,
        "w_pattern": 0.5693
      }
    },
    {
      "annual_return": 151.9847,
      "max_drawdown": 29.8551,
      "win_rate": 51.7241,
      "sharpe": 1.9994,
      "calmar": 5.0907,
      "total_trades": 232,
      "profit_factor": 1.6543,
      "fitness": 51.2526,
      "dna": {
        "min_score": 1,
        "rsi_buy_threshold": 46.03481057949349,
        "rsi_sell_threshold": 74.32415524022805,
        "r2_min": 0.1361133767273779,
        "slope_min": 0.1,
        "volume_ratio_min": 1.4092260882877432,
        "hold_days": 2,
        "stop_loss_pct": 8.68637073306175,
        "take_profit_pct": 14.593189220097472,
        "max_positions": 1,
        "dip_threshold_pct": 8.660694304802202,
        "r2_trend_min": 0.27998524167220923,
        "w_momentum": 0.0,
        "w_mean_reversion": 0.3725,
        "w_volume": 0.1224,
        "w_trend": 0.0,
        "w_pattern": 0.5051
      }
    },
    {
      "annual_return": 111.5035,
      "max_drawdown": 27.3623,
      "win_rate": 58.1897,
      "sharpe": 1.9175,
      "calmar": 4.0751,
      "total_trades": 232,
      "profit_factor": 1.5586,
      "fitness": 43.0071,
      "dna": {
        "min_score": 1,
        "rsi_buy_threshold": 36.6982049510825,
        "rsi_sell_threshold": 76.12230490322668,
        "r2_min": 0.13318930357055622,
        "slope_min": 0.1,
        "volume_ratio_min": 1.2106281780308792,
        "hold_days": 2,
        "stop_loss_pct": 10.0,
        "take_profit_pct": 10.546484578966068,
        "max_positions": 1,
        "dip_threshold_pct": 9.231338529282082,
        "r2_trend_min": 0.3094451112016878,
        "w_momentum": 0.0,
        "w_mean_reversion": 0.2711,
        "w_volume": 0.1256,
        "w_trend": 0.0005,
        "w_pattern": 0.6028
      }
    },
    {
      "annual_return": 142.1333,
      "max_drawdown": 39.8664,
      "win_rate": 50.0,
      "sharpe": 2.0861,
      "calmar": 3.5652,
      "total_trades": 232,
      "profit_factor": 1.8416,
      "fitness": 35.7282,
      "dna": {
        "min_score": 1,
        "rsi_buy_threshold": 36.6982049510825,
        "rsi_sell_threshold": 63.730935787724505,
        "r2_min": 0.11196021821465602,
        "slope_min": 0.1,
        "volume_ratio_min": 1.2106281780308792,
        "hold_days": 2,
        "stop_loss_pct": 10.0,
        "take_profit_pct": 14.593189220097472,
        "max_positions": 1,
        "dip_threshold_pct": 10.652227620923693,
        "r2_trend_min": 0.3094451112016878,
        "w_momentum": 0.0,
        "w_mean_reversion": 0.2711,
        "w_volume": 0.1256,
        "w_trend": 0.0005,
        "w_pattern": 0.6028
      }
    },
    {
      "annual_return": 86.7389,
      "max_drawdown": 34.5577,
      "win_rate": 48.7069,
      "sharpe": 1.4222,
      "calmar": 2.51,
      "total_trades": 232,
      "profit_factor": 1.3837,
      "fitness": 22.4996,
      "dna": {
        "min_score": 1,
        "rsi_buy_threshold": 38.02490363747503,
        "rsi_sell_threshold": 63.93001408563075,
        "r2_min": 0.1,
        "slope_min": 0.1,
        "volume_ratio_min": 1.4758216979148633,
        "hold_days": 2,
        "stop_loss_pct": 9.388991650912077,
        "take_profit_pct": 19.51039383444766,
        "max_positions": 1,
        "dip_threshold_pct": 16.66380301676776,
        "r2_trend_min": 0.21201934660806654,
        "w_momentum": 0.0,
        "w_mean_reversion": 0.2702,
        "w_volume": 0.1102,
        "w_trend": 0.0102,
        "w_pattern": 0.6095
      }
    }
  ]
}