{
  "generation": 709,
  "timestamp": "2026-03-20T18:26:59",
  "results": [
    {
      "annual_return": 247.9891,
      "max_drawdown": 21.6634,
      "win_rate": 49.569,
      "sharpe": 2.7152,
      "calmar": 11.4474,
      "total_trades": 232,
      "profit_factor": 1.8848,
      "fitness": 124.3614,
      "dna": {
        "min_score": 1,
        "rsi_buy_threshold": 50.0,
        "rsi_sell_threshold": 55.0,
        "r2_min": 0.3390712036579032,
        "slope_min": 0.11889152279402067,
        "volume_ratio_min": 2.6507007699752645,
        "hold_days": 2,
        "stop_loss_pct": 3.1739016366907085,
        "take_profit_pct": 16.880725497638842,
        "max_positions": 1,
        "dip_threshold_pct": 3.0,
        "r2_trend_min": 0.35742683372711004,
        "w_momentum": 0.0,
        "w_mean_reversion": 0.5768,
        "w_volume": 0.4188,
        "w_trend": 0.0032,
        "w_pattern": 0.0012
      }
    },
    {
      "annual_return": 121.2851,
      "max_drawdown": 16.3386,
      "win_rate": 49.569,
      "sharpe": 2.0984,
      "calmar": 7.4232,
      "total_trades": 232,
      "profit_factor": 1.5371,
      "fitness": 74.197,
      "dna": {
        "min_score": 1,
        "rsi_buy_threshold": 50.0,
        "rsi_sell_threshold": 64.0794223906381,
        "r2_min": 0.7802546067774769,
        "slope_min": 0.1,
        "volume_ratio_min": 1.6897934676952886,
        "hold_days": 2,
        "stop_loss_pct": 3.2418259927471285,
        "take_profit_pct": 11.359097297664665,
        "max_positions": 1,
        "dip_threshold_pct": 3.768725989253223,
        "r2_trend_min": 0.2,
        "w_momentum": 0.0,
        "w_mean_reversion": 0.6438,
        "w_volume": 0.3454,
        "w_trend": 0.0108,
        "w_pattern": 0.0
      }
    },
    {
      "annual_return": 141.4705,
      "max_drawdown": 23.0091,
      "win_rate": 43.7229,
      "sharpe": 2.1241,
      "calmar": 6.1484,
      "total_trades": 231,
      "profit_factor": 1.6475,
      "fitness": 57.9266,
      "dna": {
        "min_score": 1,
        "rsi_buy_threshold": 50.0,
        "rsi_sell_threshold": 74.27626179926702,
        "r2_min": 0.41204628685274314,
        "slope_min": 0.1,
        "volume_ratio_min": 2.458881906651559,
        "hold_days": 2,
        "stop_loss_pct": 2.5457390264388904,
        "take_profit_pct": 10.761526264338928,
        "max_positions": 1,
        "dip_threshold_pct": 3.0,
        "r2_trend_min": 0.2679037286242214,
        "w_momentum": 0.0,
        "w_mean_reversion": 0.4635,
        "w_volume": 0.5365,
        "w_trend": 0.0,
        "w_pattern": 0.0
      }
    },
    {
      "annual_return": 167.5563,
      "max_drawdown": 31.7745,
      "win_rate": 50.8621,
      "sharpe": 2.477,
      "calmar": 5.2733,
      "total_trades": 232,
      "profit_factor": 2.079,
      "fitness": 56.2391,
      "dna": {
        "min_score": 1,
        "rsi_buy_threshold": 50.0,
        "rsi_sell_threshold": 55.0,
        "r2_min": 0.3390712036579032,
        "slope_min": 0.1,
        "volume_ratio_min": 2.6507007699752645,
        "hold_days": 2,
        "stop_loss_pct": 3.1739016366907085,
        "take_profit_pct": 9.970192623704019,
        "max_positions": 1,
        "dip_threshold_pct": 3.0,
        "r2_trend_min": 0.24951802648426982,
        "w_momentum": 0.01,
        "w_mean_reversion": 0.6301,
        "w_volume": 0.3551,
        "w_trend": 0.0035,
        "w_pattern": 0.0013
      }
    },
    {
      "annual_return": 125.2118,
      "max_drawdown": 22.6066,
      "win_rate": 45.6897,
      "sharpe": 2.1524,
      "calmar": 5.5387,
      "total_trades": 232,
      "profit_factor": 1.6039,
      "fitness": 53.5547,
      "dna": {
        "min_score": 1,
        "rsi_buy_threshold": 50.0,
        "rsi_sell_threshold": 56.36821608389994,
        "r2_min": 0.41204628685274314,
        "slope_min": 0.1,
        "volume_ratio_min": 2.458881906651559,
        "hold_days": 2,
        "stop_loss_pct": 2.5457390264388904,
        "take_profit_pct": 9.478081138950124,
        "max_positions": 1,
        "dip_threshold_pct": 3.400495860696486,
        "r2_trend_min": 0.2679037286242214,
        "w_momentum": 0.0,
        "w_mean_reversion": 0.4544,
        "w_volume": 0.526,
        "w_trend": 0.0098,
        "w_pattern": 0.0098
      }
    }
  ]
}