{
  "generation": 729,
  "timestamp": "2026-03-20T18:36:20",
  "results": [
    {
      "annual_return": 213.2687,
      "max_drawdown": 17.9095,
      "win_rate": 39.8268,
      "sharpe": 3.0334,
      "calmar": 11.9082,
      "total_trades": 231,
      "profit_factor": 2.5412,
      "fitness": 120.7432,
      "dna": {
        "min_score": 1,
        "rsi_buy_threshold": 50.0,
        "rsi_sell_threshold": 56.366266571713965,
        "r2_min": 0.3783695448045258,
        "slope_min": 0.1258879294356283,
        "volume_ratio_min": 3.5371744629146233,
        "hold_days": 2,
        "stop_loss_pct": 1.5386218533976164,
        "take_profit_pct": 8.712830640919302,
        "max_positions": 1,
        "dip_threshold_pct": 3.0,
        "r2_trend_min": 0.2894469480834943,
        "w_momentum": 0.0,
        "w_mean_reversion": 0.6278,
        "w_volume": 0.3488,
        "w_trend": 0.0,
        "w_pattern": 0.0234
      }
    },
    {
      "annual_return": 116.8983,
      "max_drawdown": 7.5123,
      "win_rate": 25.0,
      "sharpe": 2.077,
      "calmar": 15.5609,
      "total_trades": 32,
      "profit_factor": 1.6624,
      "fitness": 110.1244,
      "dna": {
        "min_score": 1,
        "rsi_buy_threshold": 43.505102582660484,
        "rsi_sell_threshold": 55.0,
        "r2_min": 0.5959406479098893,
        "slope_min": 0.18761727266745787,
        "volume_ratio_min": 3.5039948151207163,
        "hold_days": 2,
        "stop_loss_pct": 1.2797910892078526,
        "take_profit_pct": 11.342820845070957,
        "max_positions": 1,
        "dip_threshold_pct": 3.0,
        "r2_trend_min": 0.2,
        "w_momentum": 0.0,
        "w_mean_reversion": 0.6044,
        "w_volume": 0.3765,
        "w_trend": 0.0037,
        "w_pattern": 0.0154
      }
    },
    {
      "annual_return": 133.2439,
      "max_drawdown": 18.1296,
      "win_rate": 34.1991,
      "sharpe": 2.4672,
      "calmar": 7.3495,
      "total_trades": 231,
      "profit_factor": 2.0009,
      "fitness": 64.1884,
      "dna": {
        "min_score": 1,
        "rsi_buy_threshold": 50.0,
        "rsi_sell_threshold": 61.04234517984144,
        "r2_min": 0.396689617383191,
        "slope_min": 0.10774385932162056,
        "volume_ratio_min": 5.0,
        "hold_days": 2,
        "stop_loss_pct": 1.2797910892078526,
        "take_profit_pct": 8.850354156145007,
        "max_positions": 1,
        "dip_threshold_pct": 3.0,
        "r2_trend_min": 0.21230742721247894,
        "w_momentum": 0.0,
        "w_mean_reversion": 0.6382,
        "w_volume": 0.3475,
        "w_trend": 0.0,
        "w_pattern": 0.0143
      }
    },
    {
      "annual_return": 97.9087,
      "max_drawdown": 14.9874,
      "win_rate": 40.6926,
      "sharpe": 2.2369,
      "calmar": 6.5328,
      "total_trades": 231,
      "profit_factor": 1.7759,
      "fitness": 60.3169,
      "dna": {
        "min_score": 1,
        "rsi_buy_threshold": 37.254553163778546,
        "rsi_sell_threshold": 55.0,
        "r2_min": 0.4491461997890542,
        "slope_min": 0.1,
        "volume_ratio_min": 5.0,
        "hold_days": 2,
        "stop_loss_pct": 1.2797910892078526,
        "take_profit_pct": 10.223486267484558,
        "max_positions": 1,
        "dip_threshold_pct": 3.0,
        "r2_trend_min": 0.21230742721247894,
        "w_momentum": 0.0,
        "w_mean_reversion": 0.5955,
        "w_volume": 0.3709,
        "w_trend": 0.0197,
        "w_pattern": 0.0139
      }
    },
    {
      "annual_return": 94.023,
      "max_drawdown": 15.0514,
      "win_rate": 29.8701,
      "sharpe": 1.9955,
      "calmar": 6.2468,
      "total_trades": 231,
      "profit_factor": 1.6149,
      "fitness": 47.7668,
      "dna": {
        "min_score": 1,
        "rsi_buy_threshold": 50.0,
        "rsi_sell_threshold": 55.0,
        "r2_min": 0.3783695448045258,
        "slope_min": 0.10333822663123626,
        "volume_ratio_min": 5.0,
        "hold_days": 2,
        "stop_loss_pct": 1.2797910892078526,
        "take_profit_pct": 10.223486267484558,
        "max_positions": 1,
        "dip_threshold_pct": 3.0,
        "r2_trend_min": 0.21230742721247894,
        "w_momentum": 0.0,
        "w_mean_reversion": 0.5955,
        "w_volume": 0.3709,
        "w_trend": 0.0197,
        "w_pattern": 0.0139
      }
    }
  ]
}