{
  "generation": 799,
  "timestamp": "2026-03-20T19:09:27",
  "results": [
    {
      "annual_return": 279.1034,
      "max_drawdown": 23.3454,
      "win_rate": 54.1126,
      "sharpe": 2.7994,
      "calmar": 11.9554,
      "total_trades": 231,
      "profit_factor": 1.9614,
      "fitness": 137.1839,
      "dna": {
        "min_score": 1,
        "rsi_buy_threshold": 50.0,
        "rsi_sell_threshold": 55.0,
        "r2_min": 0.2892946441251324,
        "slope_min": 0.44385383183422455,
        "volume_ratio_min": 3.195178593007408,
        "hold_days": 2,
        "stop_loss_pct": 3.8667666936298586,
        "take_profit_pct": 11.75491444478412,
        "max_positions": 1,
        "dip_threshold_pct": 8.50295018467405,
        "r2_trend_min": 0.39593031785734334,
        "w_momentum": 0.0,
        "w_mean_reversion": 0.2973,
        "w_volume": 0.5507,
        "w_trend": 0.0447,
        "w_pattern": 0.1073
      }
    },
    {
      "annual_return": 193.8828,
      "max_drawdown": 16.3964,
      "win_rate": 49.569,
      "sharpe": 2.5465,
      "calmar": 11.8247,
      "total_trades": 232,
      "profit_factor": 1.7204,
      "fitness": 125.653,
      "dna": {
        "min_score": 1,
        "rsi_buy_threshold": 36.69650734237461,
        "rsi_sell_threshold": 55.0,
        "r2_min": 0.36181065519075084,
        "slope_min": 0.4143705335963799,
        "volume_ratio_min": 3.2039069511067906,
        "hold_days": 2,
        "stop_loss_pct": 2.933033725492874,
        "take_profit_pct": 19.66305610159219,
        "max_positions": 1,
        "dip_threshold_pct": 9.405179123827173,
        "r2_trend_min": 0.2780137726084515,
        "w_momentum": 0.0,
        "w_mean_reversion": 0.4506,
        "w_volume": 0.3892,
        "w_trend": 0.0436,
        "w_pattern": 0.1166
      }
    },
    {
      "annual_return": 215.1652,
      "max_drawdown": 20.037,
      "win_rate": 50.8621,
      "sharpe": 2.5876,
      "calmar": 10.7384,
      "total_trades": 232,
      "profit_factor": 1.7659,
      "fitness": 116.2178,
      "dna": {
        "min_score": 1,
        "rsi_buy_threshold": 46.03398955438987,
        "rsi_sell_threshold": 55.0,
        "r2_min": 0.284717018391106,
        "slope_min": 0.4143705335963799,
        "volume_ratio_min": 2.8158654872361017,
        "hold_days": 2,
        "stop_loss_pct": 2.933033725492874,
        "take_profit_pct": 19.66305610159219,
        "max_positions": 1,
        "dip_threshold_pct": 11.001859507533872,
        "r2_trend_min": 0.39593031785734334,
        "w_momentum": 0.0,
        "w_mean_reversion": 0.4461,
        "w_volume": 0.3853,
        "w_trend": 0.0532,
        "w_pattern": 0.1154
      }
    },
    {
      "annual_return": 196.6263,
      "max_drawdown": 18.4224,
      "win_rate": 44.1558,
      "sharpe": 2.2588,
      "calmar": 10.6732,
      "total_trades": 231,
      "profit_factor": 1.8149,
      "fitness": 102.9637,
      "dna": {
        "min_score": 1,
        "rsi_buy_threshold": 50.0,
        "rsi_sell_threshold": 55.0,
        "r2_min": 0.24539677550949113,
        "slope_min": 0.44385383183422455,
        "volume_ratio_min": 3.195178593007408,
        "hold_days": 2,
        "stop_loss_pct": 3.8667666936298586,
        "take_profit_pct": 14.873464494517865,
        "max_positions": 1,
        "dip_threshold_pct": 8.50295018467405,
        "r2_trend_min": 0.39593031785734334,
        "w_momentum": 0.0,
        "w_mean_reversion": 0.3245,
        "w_volume": 0.5116,
        "w_trend": 0.0415,
        "w_pattern": 0.1223
      }
    },
    {
      "annual_return": 263.1156,
      "max_drawdown": 27.0954,
      "win_rate": 48.2759,
      "sharpe": 2.5126,
      "calmar": 9.7107,
      "total_trades": 232,
      "profit_factor": 2.053,
      "fitness": 101.3762,
      "dna": {
        "min_score": 1,
        "rsi_buy_threshold": 47.260755665730265,
        "rsi_sell_threshold": 55.0,
        "r2_min": 0.36181065519075084,
        "slope_min": 0.4143705335963799,
        "volume_ratio_min": 2.8158654872361017,
        "hold_days": 2,
        "stop_loss_pct": 2.933033725492874,
        "take_profit_pct": 19.66305610159219,
        "max_positions": 1,
        "dip_threshold_pct": 11.001859507533872,
        "r2_trend_min": 0.39593031785734334,
        "w_momentum": 0.0,
        "w_mean_reversion": 0.4294,
        "w_volume": 0.4226,
        "w_trend": 0.0369,
        "w_pattern": 0.1111
      }
    }
  ]
}