{
  "generation": 909,
  "timestamp": "2026-03-20T20:07:47",
  "results": [
    {
      "annual_return": 172.234,
      "max_drawdown": 23.8067,
      "win_rate": 40.5172,
      "sharpe": 2.4132,
      "calmar": 7.2347,
      "total_trades": 232,
      "profit_factor": 2.2613,
      "fitness": 68.2772,
      "dna": {
        "min_score": 1,
        "rsi_buy_threshold": 36.169867045648914,
        "rsi_sell_threshold": 77.59914727410485,
        "r2_min": 0.4145506421479957,
        "slope_min": 0.1021177976540793,
        "volume_ratio_min": 1.361911969848528,
        "hold_days": 2,
        "stop_loss_pct": 1.9333466008682145,
        "take_profit_pct": 28.672902759238774,
        "max_positions": 1,
        "dip_threshold_pct": 30.0,
        "r2_trend_min": 0.2,
        "w_momentum": 0.0087,
        "w_mean_reversion": 0.3315,
        "w_volume": 0.6096,
        "w_trend": 0.0255,
        "w_pattern": 0.0247
      }
    },
    {
      "annual_return": 218.0935,
      "max_drawdown": 34.3552,
      "win_rate": 44.9782,
      "sharpe": 2.5055,
      "calmar": 6.3482,
      "total_trades": 229,
      "profit_factor": 1.8509,
      "fitness": 63.9089,
      "dna": {
        "min_score": 1,
        "rsi_buy_threshold": 39.93145906108701,
        "rsi_sell_threshold": 55.72439228621079,
        "r2_min": 0.1456465521730687,
        "slope_min": 0.13575103947357636,
        "volume_ratio_min": 2.176124380169202,
        "hold_days": 2,
        "stop_loss_pct": 2.479550724604084,
        "take_profit_pct": 30.105561971092364,
        "max_positions": 1,
        "dip_threshold_pct": 30.0,
        "r2_trend_min": 0.2,
        "w_momentum": 0.0098,
        "w_mean_reversion": 0.3666,
        "w_volume": 0.5628,
        "w_trend": 0.0182,
        "w_pattern": 0.0427
      }
    },
    {
      "annual_return": 169.7083,
      "max_drawdown": 29.1526,
      "win_rate": 39.8268,
      "sharpe": 2.2667,
      "calmar": 5.8214,
      "total_trades": 231,
      "profit_factor": 2.0149,
      "fitness": 53.3929,
      "dna": {
        "min_score": 1,
        "rsi_buy_threshold": 48.70447424771106,
        "rsi_sell_threshold": 77.59914727410485,
        "r2_min": 0.24345905881479885,
        "slope_min": 0.13575103947357636,
        "volume_ratio_min": 1.5297427124667733,
        "hold_days": 2,
        "stop_loss_pct": 1.9333466008682145,
        "take_profit_pct": 19.622229171534833,
        "max_positions": 1,
        "dip_threshold_pct": 30.0,
        "r2_trend_min": 0.2,
        "w_momentum": 0.0,
        "w_mean_reversion": 0.3733,
        "w_volume": 0.5612,
        "w_trend": 0.0282,
        "w_pattern": 0.0373
      }
    },
    {
      "annual_return": 125.1166,
      "max_drawdown": 21.841,
      "win_rate": 36.6379,
      "sharpe": 1.9452,
      "calmar": 5.7285,
      "total_trades": 232,
      "profit_factor": 1.7737,
      "fitness": 48.1641,
      "dna": {
        "min_score": 1,
        "rsi_buy_threshold": 39.93145906108701,
        "rsi_sell_threshold": 68.91232133317989,
        "r2_min": 0.1991979754372718,
        "slope_min": 0.14031369097707708,
        "volume_ratio_min": 1.6943077790815844,
        "hold_days": 2,
        "stop_loss_pct": 1.680255868832521,
        "take_profit_pct": 24.04133578251054,
        "max_positions": 1,
        "dip_threshold_pct": 22.51527963408728,
        "r2_trend_min": 0.2174772659539931,
        "w_momentum": 0.0114,
        "w_mean_reversion": 0.4241,
        "w_volume": 0.5118,
        "w_trend": 0.021,
        "w_pattern": 0.0316
      }
    },
    {
      "annual_return": 128.539,
      "max_drawdown": 32.1129,
      "win_rate": 39.0351,
      "sharpe": 2.0166,
      "calmar": 4.0027,
      "total_trades": 228,
      "profit_factor": 2.1138,
      "fitness": 35.0947,
      "dna": {
        "min_score": 1,
        "rsi_buy_threshold": 39.93145906108701,
        "rsi_sell_threshold": 55.0,
        "r2_min": 0.1991979754372718,
        "slope_min": 0.12486221562452561,
        "volume_ratio_min": 1.6943077790815844,
        "hold_days": 2,
        "stop_loss_pct": 1.9333466008682145,
        "take_profit_pct": 29.224946427841477,
        "max_positions": 1,
        "dip_threshold_pct": 30.0,
        "r2_trend_min": 0.2174772659539931,
        "w_momentum": 0.0099,
        "w_mean_reversion": 0.3688,
        "w_volume": 0.5655,
        "w_trend": 0.0183,
        "w_pattern": 0.0375
      }
    }
  ]
}