{
  "generation": 1269,
  "timestamp": "2026-03-20T22:45:54",
  "results": [
    {
      "annual_return": 163.8375,
      "max_drawdown": 20.4183,
      "win_rate": 40.9483,
      "sharpe": 2.3972,
      "calmar": 8.0241,
      "total_trades": 232,
      "profit_factor": 2.0043,
      "fitness": 75.9644,
      "dna": {
        "min_score": 1,
        "rsi_buy_threshold": 12.253475770492162,
        "rsi_sell_threshold": 68.10238389582287,
        "r2_min": 0.1,
        "slope_min": 0.5353407693081321,
        "volume_ratio_min": 1.4094343112993608,
        "hold_days": 2,
        "stop_loss_pct": 1.9785482152512832,
        "take_profit_pct": 12.694507653728174,
        "max_positions": 1,
        "dip_threshold_pct": 20.226263083460346,
        "r2_trend_min": 0.456794919439634,
        "w_momentum": 0.0157,
        "w_mean_reversion": 0.5398,
        "w_volume": 0.4097,
        "w_trend": 0.0348,
        "w_pattern": 0.0
      }
    },
    {
      "annual_return": 130.5105,
      "max_drawdown": 16.9836,
      "win_rate": 38.7931,
      "sharpe": 2.1724,
      "calmar": 7.6845,
      "total_trades": 232,
      "profit_factor": 1.6113,
      "fitness": 68.657,
      "dna": {
        "min_score": 1,
        "rsi_buy_threshold": 12.253475770492162,
        "rsi_sell_threshold": 68.10238389582287,
        "r2_min": 0.1,
        "slope_min": 0.5353407693081321,
        "volume_ratio_min": 1.4094343112993608,
        "hold_days": 2,
        "stop_loss_pct": 1.9785482152512832,
        "take_profit_pct": 12.694507653728174,
        "max_positions": 1,
        "dip_threshold_pct": 20.226263083460346,
        "r2_trend_min": 0.456794919439634,
        "w_momentum": 0.0062,
        "w_mean_reversion": 0.5848,
        "w_volume": 0.3714,
        "w_trend": 0.0377,
        "w_pattern": 0.0
      }
    },
    {
      "annual_return": 146.4909,
      "max_drawdown": 23.0172,
      "win_rate": 34.9345,
      "sharpe": 2.3955,
      "calmar": 6.3644,
      "total_trades": 229,
      "profit_factor": 2.1886,
      "fitness": 55.6392,
      "dna": {
        "min_score": 1,
        "rsi_buy_threshold": 15.084553152938344,
        "rsi_sell_threshold": 61.65097630634608,
        "r2_min": 0.10024270121680222,
        "slope_min": 0.5353407693081321,
        "volume_ratio_min": 1.4094343112993608,
        "hold_days": 2,
        "stop_loss_pct": 1.686620287198427,
        "take_profit_pct": 9.395302560918372,
        "max_positions": 1,
        "dip_threshold_pct": 20.226263083460346,
        "r2_trend_min": 0.456794919439634,
        "w_momentum": 0.0011,
        "w_mean_reversion": 0.4627,
        "w_volume": 0.4977,
        "w_trend": 0.02,
        "w_pattern": 0.0185
      }
    },
    {
      "annual_return": 119.0673,
      "max_drawdown": 21.1067,
      "win_rate": 38.5281,
      "sharpe": 2.1732,
      "calmar": 5.6412,
      "total_trades": 231,
      "profit_factor": 1.6063,
      "fitness": 50.235,
      "dna": {
        "min_score": 1,
        "rsi_buy_threshold": 14.25814184138472,
        "rsi_sell_threshold": 67.50505708740769,
        "r2_min": 0.1,
        "slope_min": 0.5353407693081321,
        "volume_ratio_min": 1.4094343112993608,
        "hold_days": 2,
        "stop_loss_pct": 1.686620287198427,
        "take_profit_pct": 10.915813010284422,
        "max_positions": 1,
        "dip_threshold_pct": 20.226263083460346,
        "r2_trend_min": 0.4217412987689821,
        "w_momentum": 0.0283,
        "w_mean_reversion": 0.4494,
        "w_volume": 0.4833,
        "w_trend": 0.0292,
        "w_pattern": 0.0098
      }
    },
    {
      "annual_return": 131.5236,
      "max_drawdown": 26.3463,
      "win_rate": 41.5584,
      "sharpe": 2.4424,
      "calmar": 4.9921,
      "total_trades": 231,
      "profit_factor": 2.0209,
      "fitness": 47.9022,
      "dna": {
        "min_score": 1,
        "rsi_buy_threshold": 10.0,
        "rsi_sell_threshold": 73.410118825993,
        "r2_min": 0.1,
        "slope_min": 0.5821338657065265,
        "volume_ratio_min": 1.1471740253752885,
        "hold_days": 2,
        "stop_loss_pct": 1.686620287198427,
        "take_profit_pct": 9.452696560850503,
        "max_positions": 1,
        "dip_threshold_pct": 14.730282309450574,
        "r2_trend_min": 0.456794919439634,
        "w_momentum": 0.006,
        "w_mean_reversion": 0.5506,
        "w_volume": 0.418,
        "w_trend": 0.0254,
        "w_pattern": 0.0
      }
    }
  ]
}