{
  "generation": 339,
  "timestamp": "2026-03-20T15:22:09",
  "results": [
    {
      "annual_return": 217.0038,
      "max_drawdown": 22.7772,
      "win_rate": 50.8621,
      "sharpe": 2.4361,
      "calmar": 9.5272,
      "total_trades": 232,
      "profit_factor": 1.9397,
      "fitness": 101.0511,
      "dna": {
        "min_score": 1,
        "rsi_buy_threshold": 47.593560240762876,
        "rsi_sell_threshold": 55.0,
        "r2_min": 0.12065362306460753,
        "slope_min": 0.1525077589080916,
        "volume_ratio_min": 0.9123429032091788,
        "hold_days": 2,
        "stop_loss_pct": 3.2295254258447263,
        "take_profit_pct": 28.480045487887928,
        "max_positions": 1,
        "dip_threshold_pct": 3.0,
        "r2_trend_min": 0.23375778970480324,
        "w_momentum": 0.0,
        "w_mean_reversion": 0.1058,
        "w_volume": 0.0392,
        "w_trend": 0.0099,
        "w_pattern": 0.845
      }
    },
    {
      "annual_return": 171.2526,
      "max_drawdown": 22.1247,
      "win_rate": 53.0172,
      "sharpe": 2.4147,
      "calmar": 7.7403,
      "total_trades": 232,
      "profit_factor": 1.7454,
      "fitness": 83.5783,
      "dna": {
        "min_score": 1,
        "rsi_buy_threshold": 47.593560240762876,
        "rsi_sell_threshold": 55.0,
        "r2_min": 0.1,
        "slope_min": 0.19719439742309575,
        "volume_ratio_min": 0.6575112530296638,
        "hold_days": 2,
        "stop_loss_pct": 3.2295254258447263,
        "take_profit_pct": 18.720318448615586,
        "max_positions": 1,
        "dip_threshold_pct": 3.3738364657257502,
        "r2_trend_min": 0.2,
        "w_momentum": 0.0,
        "w_mean_reversion": 0.1094,
        "w_volume": 0.0518,
        "w_trend": 0.0,
        "w_pattern": 0.8388
      }
    },
    {
      "annual_return": 210.8147,
      "max_drawdown": 26.4187,
      "win_rate": 48.9177,
      "sharpe": 2.4848,
      "calmar": 7.9798,
      "total_trades": 231,
      "profit_factor": 2.2902,
      "fitness": 83.5475,
      "dna": {
        "min_score": 1,
        "rsi_buy_threshold": 47.593560240762876,
        "rsi_sell_threshold": 55.0,
        "r2_min": 0.10318545227731847,
        "slope_min": 0.1525077589080916,
        "volume_ratio_min": 0.9123429032091788,
        "hold_days": 2,
        "stop_loss_pct": 3.2295254258447263,
        "take_profit_pct": 29.765957421583753,
        "max_positions": 1,
        "dip_threshold_pct": 3.0,
        "r2_trend_min": 0.2,
        "w_momentum": 0.0,
        "w_mean_reversion": 0.1081,
        "w_volume": 0.029,
        "w_trend": 0.0,
        "w_pattern": 0.8629
      }
    },
    {
      "annual_return": 175.7042,
      "max_drawdown": 22.6771,
      "win_rate": 48.7069,
      "sharpe": 2.5135,
      "calmar": 7.7481,
      "total_trades": 232,
      "profit_factor": 2.0643,
      "fitness": 81.2574,
      "dna": {
        "min_score": 1,
        "rsi_buy_threshold": 47.593560240762876,
        "rsi_sell_threshold": 55.0,
        "r2_min": 0.1,
        "slope_min": 0.19719439742309575,
        "volume_ratio_min": 0.9123429032091788,
        "hold_days": 2,
        "stop_loss_pct": 3.2295254258447263,
        "take_profit_pct": 18.720318448615586,
        "max_positions": 1,
        "dip_threshold_pct": 3.0294238275946572,
        "r2_trend_min": 0.2,
        "w_momentum": 0.0,
        "w_mean_reversion": 0.1105,
        "w_volume": 0.0418,
        "w_trend": 0.0,
        "w_pattern": 0.8477
      }
    },
    {
      "annual_return": 191.769,
      "max_drawdown": 28.5855,
      "win_rate": 46.9828,
      "sharpe": 2.313,
      "calmar": 6.7086,
      "total_trades": 232,
      "profit_factor": 1.8408,
      "fitness": 67.2556,
      "dna": {
        "min_score": 1,
        "rsi_buy_threshold": 50.0,
        "rsi_sell_threshold": 70.0877207435633,
        "r2_min": 0.1,
        "slope_min": 0.19719439742309575,
        "volume_ratio_min": 1.153259845704169,
        "hold_days": 2,
        "stop_loss_pct": 3.2295254258447263,
        "take_profit_pct": 21.955150150804265,
        "max_positions": 1,
        "dip_threshold_pct": 3.0,
        "r2_trend_min": 0.2,
        "w_momentum": 0.0,
        "w_mean_reversion": 0.1106,
        "w_volume": 0.0409,
        "w_trend": 0.0,
        "w_pattern": 0.8485
      }
    }
  ]
}