{
  "generation": 989,
  "timestamp": "2026-03-20T20:46:04",
  "results": [
    {
      "annual_return": 246.351,
      "max_drawdown": 9.0651,
      "win_rate": 52.5,
      "sharpe": 3.0346,
      "calmar": 27.1758,
      "total_trades": 40,
      "profit_factor": 1.8719,
      "fitness": 316.4149,
      "dna": {
        "min_score": 1,
        "rsi_buy_threshold": 50.0,
        "rsi_sell_threshold": 70.39820696569328,
        "r2_min": 0.1,
        "slope_min": 0.14067249988451894,
        "volume_ratio_min": 1.3761462000508304,
        "hold_days": 2,
        "stop_loss_pct": 4.502113714727316,
        "take_profit_pct": 8.396639659907343,
        "max_positions": 1,
        "dip_threshold_pct": 25.76598069530423,
        "r2_trend_min": 0.2588801414800708,
        "w_momentum": 0.0,
        "w_mean_reversion": 0.2892,
        "w_volume": 0.6143,
        "w_trend": 0.0692,
        "w_pattern": 0.0272
      }
    },
    {
      "annual_return": 251.7961,
      "max_drawdown": 19.547,
      "win_rate": 54.3103,
      "sharpe": 2.7617,
      "calmar": 12.8816,
      "total_trades": 232,
      "profit_factor": 1.9129,
      "fitness": 147.3652,
      "dna": {
        "min_score": 1,
        "rsi_buy_threshold": 40.67899857230469,
        "rsi_sell_threshold": 73.99826781955622,
        "r2_min": 0.1,
        "slope_min": 0.1,
        "volume_ratio_min": 1.473631694155277,
        "hold_days": 2,
        "stop_loss_pct": 5.0529596696863965,
        "take_profit_pct": 8.396639659907343,
        "max_positions": 1,
        "dip_threshold_pct": 22.28794691526055,
        "r2_trend_min": 0.29981854669962027,
        "w_momentum": 0.0,
        "w_mean_reversion": 0.2222,
        "w_volume": 0.7189,
        "w_trend": 0.0202,
        "w_pattern": 0.0387
      }
    },
    {
      "annual_return": 253.8137,
      "max_drawdown": 28.9766,
      "win_rate": 48.4848,
      "sharpe": 2.7527,
      "calmar": 8.7593,
      "total_trades": 231,
      "profit_factor": 1.8026,
      "fitness": 94.5697,
      "dna": {
        "min_score": 1,
        "rsi_buy_threshold": 50.0,
        "rsi_sell_threshold": 66.97476355115205,
        "r2_min": 0.1,
        "slope_min": 0.16570325702420582,
        "volume_ratio_min": 1.504285171255983,
        "hold_days": 2,
        "stop_loss_pct": 4.502113714727316,
        "take_profit_pct": 8.396639659907343,
        "max_positions": 1,
        "dip_threshold_pct": 30.0,
        "r2_trend_min": 0.34816069936382343,
        "w_momentum": 0.0,
        "w_mean_reversion": 0.1195,
        "w_volume": 0.8342,
        "w_trend": 0.0228,
        "w_pattern": 0.0234
      }
    },
    {
      "annual_return": 201.0538,
      "max_drawdown": 36.5613,
      "win_rate": 53.8793,
      "sharpe": 2.3577,
      "calmar": 5.4991,
      "total_trades": 232,
      "profit_factor": 1.628,
      "fitness": 59.3987,
      "dna": {
        "min_score": 1,
        "rsi_buy_threshold": 38.346665769395045,
        "rsi_sell_threshold": 73.99826781955622,
        "r2_min": 0.12650783649997707,
        "slope_min": 0.1,
        "volume_ratio_min": 1.2166503598105889,
        "hold_days": 2,
        "stop_loss_pct": 6.1677459839185405,
        "take_profit_pct": 8.396639659907343,
        "max_positions": 1,
        "dip_threshold_pct": 30.0,
        "r2_trend_min": 0.3861479760201919,
        "w_momentum": 0.0,
        "w_mean_reversion": 0.2222,
        "w_volume": 0.7189,
        "w_trend": 0.0202,
        "w_pattern": 0.0387
      }
    },
    {
      "annual_return": 143.8104,
      "max_drawdown": 26.7066,
      "win_rate": 52.8139,
      "sharpe": 2.2752,
      "calmar": 5.3848,
      "total_trades": 231,
      "profit_factor": 1.6493,
      "fitness": 56.9401,
      "dna": {
        "min_score": 1,
        "rsi_buy_threshold": 47.519750627423534,
        "rsi_sell_threshold": 55.0,
        "r2_min": 0.1,
        "slope_min": 0.14067249988451894,
        "volume_ratio_min": 1.2166503598105889,
        "hold_days": 2,
        "stop_loss_pct": 4.502113714727316,
        "take_profit_pct": 7.195419650367684,
        "max_positions": 1,
        "dip_threshold_pct": 30.0,
        "r2_trend_min": 0.2588801414800708,
        "w_momentum": 0.0,
        "w_mean_reversion": 0.2956,
        "w_volume": 0.6182,
        "w_trend": 0.057,
        "w_pattern": 0.0292
      }
    }
  ]
}