{
  "generation": 1149,
  "timestamp": "2026-03-20T21:46:07",
  "results": [
    {
      "annual_return": 110.7842,
      "max_drawdown": 15.8269,
      "win_rate": 55.6522,
      "sharpe": 2.003,
      "calmar": 6.9998,
      "total_trades": 115,
      "profit_factor": 1.7952,
      "fitness": 73.1375,
      "dna": {
        "min_score": 1,
        "rsi_buy_threshold": 10.0,
        "rsi_sell_threshold": 85.38114308589022,
        "r2_min": 0.125002050819404,
        "slope_min": 0.7349350271157482,
        "volume_ratio_min": 1.1349243877022426,
        "hold_days": 4,
        "stop_loss_pct": 5.715324949205481,
        "take_profit_pct": 11.1216810667954,
        "max_positions": 1,
        "dip_threshold_pct": 20.500500759543957,
        "r2_trend_min": 0.6593467161537385,
        "w_momentum": 0.0,
        "w_mean_reversion": 0.5318,
        "w_volume": 0.413,
        "w_trend": 0.0552,
        "w_pattern": 0.0
      }
    },
    {
      "annual_return": 194.7638,
      "max_drawdown": 38.6798,
      "win_rate": 52.1552,
      "sharpe": 2.3765,
      "calmar": 5.0353,
      "total_trades": 232,
      "profit_factor": 1.8109,
      "fitness": 53.648,
      "dna": {
        "min_score": 1,
        "rsi_buy_threshold": 10.0,
        "rsi_sell_threshold": 66.33616928488718,
        "r2_min": 0.1115156275927762,
        "slope_min": 0.5477618343132791,
        "volume_ratio_min": 1.2881778487573348,
        "hold_days": 2,
        "stop_loss_pct": 5.224292269757753,
        "take_profit_pct": 11.94590003909762,
        "max_positions": 1,
        "dip_threshold_pct": 30.0,
        "r2_trend_min": 0.6593467161537385,
        "w_momentum": 0.0293,
        "w_mean_reversion": 0.5087,
        "w_volume": 0.4142,
        "w_trend": 0.0478,
        "w_pattern": 0.0
      }
    },
    {
      "annual_return": 126.2541,
      "max_drawdown": 25.1284,
      "win_rate": 51.7241,
      "sharpe": 1.9654,
      "calmar": 5.0244,
      "total_trades": 232,
      "profit_factor": 1.6035,
      "fitness": 50.3385,
      "dna": {
        "min_score": 1,
        "rsi_buy_threshold": 10.0,
        "rsi_sell_threshold": 66.33616928488718,
        "r2_min": 0.1,
        "slope_min": 0.5477618343132791,
        "volume_ratio_min": 1.088922489697497,
        "hold_days": 2,
        "stop_loss_pct": 6.708568562210087,
        "take_profit_pct": 13.508383180118464,
        "max_positions": 1,
        "dip_threshold_pct": 21.594608355380885,
        "r2_trend_min": 0.6593467161537385,
        "w_momentum": 0.0211,
        "w_mean_reversion": 0.5022,
        "w_volume": 0.4367,
        "w_trend": 0.04,
        "w_pattern": 0.0
      }
    },
    {
      "annual_return": 123.0609,
      "max_drawdown": 26.3527,
      "win_rate": 53.4483,
      "sharpe": 2.0814,
      "calmar": 4.6698,
      "total_trades": 116,
      "profit_factor": 1.9668,
      "fitness": 48.3516,
      "dna": {
        "min_score": 1,
        "rsi_buy_threshold": 10.0,
        "rsi_sell_threshold": 75.01784281019425,
        "r2_min": 0.1,
        "slope_min": 0.7349350271157482,
        "volume_ratio_min": 1.2881778487573348,
        "hold_days": 4,
        "stop_loss_pct": 4.557210917583354,
        "take_profit_pct": 11.1216810667954,
        "max_positions": 1,
        "dip_threshold_pct": 22.620373531293502,
        "r2_trend_min": 0.5667754926483564,
        "w_momentum": 0.0,
        "w_mean_reversion": 0.5324,
        "w_volume": 0.4135,
        "w_trend": 0.0443,
        "w_pattern": 0.0099
      }
    },
    {
      "annual_return": 87.906,
      "max_drawdown": 18.6411,
      "win_rate": 53.7634,
      "sharpe": 1.8752,
      "calmar": 4.7157,
      "total_trades": 93,
      "profit_factor": 1.8628,
      "fitness": 47.5455,
      "dna": {
        "min_score": 1,
        "rsi_buy_threshold": 10.0,
        "rsi_sell_threshold": 75.01784281019425,
        "r2_min": 0.125002050819404,
        "slope_min": 0.7349350271157482,
        "volume_ratio_min": 1.5383852850141655,
        "hold_days": 5,
        "stop_loss_pct": 3.8479231731494883,
        "take_profit_pct": 13.203326454426168,
        "max_positions": 1,
        "dip_threshold_pct": 20.500500759543957,
        "r2_trend_min": 0.6593467161537385,
        "w_momentum": 0.0,
        "w_mean_reversion": 0.5377,
        "w_volume": 0.4176,
        "w_trend": 0.0447,
        "w_pattern": 0.0
      }
    }
  ]
}