{
  "generation": 1329,
  "timestamp": "2026-03-20T23:28:39",
  "results": [
    {
      "annual_return": 214.4931,
      "max_drawdown": 16.044,
      "win_rate": 50.8621,
      "sharpe": 2.547,
      "calmar": 13.3691,
      "total_trades": 232,
      "profit_factor": 2.2902,
      "fitness": 143.9141,
      "dna": {
        "min_score": 1,
        "rsi_buy_threshold": 12.079644311973066,
        "rsi_sell_threshold": 91.34054173933859,
        "r2_min": 0.14252935757032176,
        "slope_min": 0.4567996370986296,
        "volume_ratio_min": 0.5,
        "hold_days": 2,
        "stop_loss_pct": 2.8381278366478266,
        "take_profit_pct": 40.57957059645441,
        "max_positions": 1,
        "dip_threshold_pct": 10.335658846470018,
        "r2_trend_min": 0.8460833601655202,
        "w_momentum": 0.0,
        "w_mean_reversion": 0.1333,
        "w_volume": 0.4517,
        "w_trend": 0.0,
        "w_pattern": 0.0228,
        "w_macd": 0.0572,
        "w_bollinger": 0.0838,
        "w_kdj": 0.0721,
        "w_obv": 0.083,
        "w_support": 0.0614,
        "w_volume_profile": 0.0347
      }
    },
    {
      "annual_return": 165.2081,
      "max_drawdown": 15.0821,
      "win_rate": 54.1126,
      "sharpe": 2.4408,
      "calmar": 10.9539,
      "total_trades": 231,
      "profit_factor": 2.1112,
      "fitness": 119.9131,
      "dna": {
        "min_score": 1,
        "rsi_buy_threshold": 14.202455554597577,
        "rsi_sell_threshold": 91.34054173933859,
        "r2_min": 0.17495635837205464,
        "slope_min": 0.4567996370986296,
        "volume_ratio_min": 0.5,
        "hold_days": 2,
        "stop_loss_pct": 4.577957465644486,
        "take_profit_pct": 38.96780042782215,
        "max_positions": 1,
        "dip_threshold_pct": 6.85928545344004,
        "r2_trend_min": 0.4959391853133104,
        "w_momentum": 0.0,
        "w_mean_reversion": 0.1708,
        "w_volume": 0.489,
        "w_trend": 0.0,
        "w_pattern": 0.0319,
        "w_macd": 0.054,
        "w_bollinger": 0.0711,
        "w_kdj": 0.0569,
        "w_obv": 0.0541,
        "w_support": 0.0393,
        "w_volume_profile": 0.0328
      }
    },
    {
      "annual_return": 159.6534,
      "max_drawdown": 17.342,
      "win_rate": 51.7241,
      "sharpe": 2.5099,
      "calmar": 9.2062,
      "total_trades": 232,
      "profit_factor": 1.9169,
      "fitness": 99.4468,
      "dna": {
        "min_score": 1,
        "rsi_buy_threshold": 14.202455554597577,
        "rsi_sell_threshold": 72.59834806749923,
        "r2_min": 0.17495635837205464,
        "slope_min": 0.4567996370986296,
        "volume_ratio_min": 0.5,
        "hold_days": 2,
        "stop_loss_pct": 4.577957465644486,
        "take_profit_pct": 50.0,
        "max_positions": 1,
        "dip_threshold_pct": 10.684183306414125,
        "r2_trend_min": 0.95,
        "w_momentum": 0.0094,
        "w_mean_reversion": 0.1496,
        "w_volume": 0.4592,
        "w_trend": 0.0043,
        "w_pattern": 0.022,
        "w_macd": 0.0675,
        "w_bollinger": 0.1052,
        "w_kdj": 0.0574,
        "w_obv": 0.0582,
        "w_support": 0.0405,
        "w_volume_profile": 0.0265
      }
    },
    {
      "annual_return": 178.8795,
      "max_drawdown": 21.9311,
      "win_rate": 55.4113,
      "sharpe": 2.7389,
      "calmar": 8.1564,
      "total_trades": 231,
      "profit_factor": 2.1052,
      "fitness": 93.9744,
      "dna": {
        "min_score": 1,
        "rsi_buy_threshold": 14.130609194518113,
        "rsi_sell_threshold": 77.74889972263311,
        "r2_min": 0.1,
        "slope_min": 0.5890330803518802,
        "volume_ratio_min": 0.5,
        "hold_days": 2,
        "stop_loss_pct": 4.324447957721791,
        "take_profit_pct": 48.50346212408141,
        "max_positions": 1,
        "dip_threshold_pct": 8.5972597699539,
        "r2_trend_min": 0.38321884996071265,
        "w_momentum": 0.0102,
        "w_mean_reversion": 0.1472,
        "w_volume": 0.4624,
        "w_trend": 0.0109,
        "w_pattern": 0.0254,
        "w_macd": 0.0631,
        "w_bollinger": 0.0712,
        "w_kdj": 0.0649,
        "w_obv": 0.0632,
        "w_support": 0.046,
        "w_volume_profile": 0.0355
      }
    },
    {
      "annual_return": 151.1046,
      "max_drawdown": 17.1798,
      "win_rate": 50.3226,
      "sharpe": 2.0648,
      "calmar": 8.7955,
      "total_trades": 155,
      "profit_factor": 2.0226,
      "fitness": 88.1594,
      "dna": {
        "min_score": 1,
        "rsi_buy_threshold": 10.0,
        "rsi_sell_threshold": 72.59834806749923,
        "r2_min": 0.142808405651023,
        "slope_min": 0.5046370166643199,
        "volume_ratio_min": 0.5,
        "hold_days": 3,
        "stop_loss_pct": 4.0925273321895945,
        "take_profit_pct": 35.369901198630004,
        "max_positions": 1,
        "dip_threshold_pct": 8.5972597699539,
        "r2_trend_min": 0.5640503663338341,
        "w_momentum": 0.0,
        "w_mean_reversion": 0.1902,
        "w_volume": 0.4501,
        "w_trend": 0.0,
        "w_pattern": 0.0254,
        "w_macd": 0.0576,
        "w_bollinger": 0.0613,
        "w_kdj": 0.0634,
        "w_obv": 0.0778,
        "w_support": 0.0465,
        "w_volume_profile": 0.0277
      }
    }
  ]
}