{
  "generation": 1459,
  "timestamp": "2026-03-21T04:42:42",
  "results": [
    {
      "annual_return": 199.059,
      "max_drawdown": 20.9437,
      "win_rate": 56.0345,
      "sharpe": 2.3784,
      "calmar": 9.5045,
      "total_trades": 116,
      "profit_factor": 2.4346,
      "fitness": 104.9899,
      "dna": {
        "min_score": 1,
        "rsi_buy_threshold": 13.736748177698953,
        "rsi_sell_threshold": 82.79354847683418,
        "r2_min": 0.13485343281902176,
        "slope_min": 0.6603790895989732,
        "volume_ratio_min": 0.6478959992960094,
        "hold_days": 4,
        "stop_loss_pct": 7.6873414965654945,
        "take_profit_pct": 20.612492604477147,
        "max_positions": 1,
        "dip_threshold_pct": 3.0,
        "r2_trend_min": 0.22130310610363446,
        "w_momentum": 0.0054,
        "w_mean_reversion": 0.0669,
        "w_volume": 0.3632,
        "w_trend": 0.0105,
        "w_pattern": 0.0601,
        "w_macd": 0.0502,
        "w_bollinger": 0.0707,
        "w_kdj": 0.0133,
        "w_obv": 0.1217,
        "w_support": 0.2025,
        "w_volume_profile": 0.0355
      }
    },
    {
      "annual_return": 188.2594,
      "max_drawdown": 21.3647,
      "win_rate": 57.7586,
      "sharpe": 2.335,
      "calmar": 8.8117,
      "total_trades": 116,
      "profit_factor": 1.9733,
      "fitness": 98.2424,
      "dna": {
        "min_score": 1,
        "rsi_buy_threshold": 12.053714384106149,
        "rsi_sell_threshold": 95.0,
        "r2_min": 0.13485343281902176,
        "slope_min": 0.727923456104769,
        "volume_ratio_min": 0.5730932938423398,
        "hold_days": 4,
        "stop_loss_pct": 10.0,
        "take_profit_pct": 16.79834130298706,
        "max_positions": 1,
        "dip_threshold_pct": 4.901320462176793,
        "r2_trend_min": 0.3250140079193479,
        "w_momentum": 0.0048,
        "w_mean_reversion": 0.0547,
        "w_volume": 0.3594,
        "w_trend": 0.0186,
        "w_pattern": 0.021,
        "w_macd": 0.0247,
        "w_bollinger": 0.0838,
        "w_kdj": 0.0,
        "w_obv": 0.1987,
        "w_support": 0.2123,
        "w_volume_profile": 0.0221
      }
    },
    {
      "annual_return": 210.1202,
      "max_drawdown": 24.646,
      "win_rate": 54.1935,
      "sharpe": 2.5567,
      "calmar": 8.5255,
      "total_trades": 155,
      "profit_factor": 2.7082,
      "fitness": 94.8544,
      "dna": {
        "min_score": 1,
        "rsi_buy_threshold": 10.0,
        "rsi_sell_threshold": 95.0,
        "r2_min": 0.13485343281902176,
        "slope_min": 0.7672781782196352,
        "volume_ratio_min": 0.5730932938423398,
        "hold_days": 3,
        "stop_loss_pct": 10.0,
        "take_profit_pct": 17.49960886374184,
        "max_positions": 1,
        "dip_threshold_pct": 3.0,
        "r2_trend_min": 0.44304453947688693,
        "w_momentum": 0.0259,
        "w_mean_reversion": 0.0551,
        "w_volume": 0.2754,
        "w_trend": 0.01,
        "w_pattern": 0.0667,
        "w_macd": 0.0286,
        "w_bollinger": 0.0977,
        "w_kdj": 0.0234,
        "w_obv": 0.177,
        "w_support": 0.2139,
        "w_volume_profile": 0.0262
      }
    },
    {
      "annual_return": 142.554,
      "max_drawdown": 19.1713,
      "win_rate": 54.8387,
      "sharpe": 2.1915,
      "calmar": 7.4358,
      "total_trades": 155,
      "profit_factor": 2.1299,
      "fitness": 79.1993,
      "dna": {
        "min_score": 1,
        "rsi_buy_threshold": 10.0,
        "rsi_sell_threshold": 95.0,
        "r2_min": 0.13485343281902176,
        "slope_min": 0.7337437088049942,
        "volume_ratio_min": 0.5,
        "hold_days": 3,
        "stop_loss_pct": 8.660070962117175,
        "take_profit_pct": 22.887340443658992,
        "max_positions": 1,
        "dip_threshold_pct": 3.0,
        "r2_trend_min": 0.42377092968354324,
        "w_momentum": 0.0145,
        "w_mean_reversion": 0.0605,
        "w_volume": 0.2889,
        "w_trend": 0.0,
        "w_pattern": 0.053,
        "w_macd": 0.0454,
        "w_bollinger": 0.1248,
        "w_kdj": 0.0217,
        "w_obv": 0.1462,
        "w_support": 0.2206,
        "w_volume_profile": 0.0243
      }
    },
    {
      "annual_return": 132.0181,
      "max_drawdown": 22.8798,
      "win_rate": 50.3226,
      "sharpe": 1.8257,
      "calmar": 5.7701,
      "total_trades": 155,
      "profit_factor": 1.8728,
      "fitness": 55.8776,
      "dna": {
        "min_score": 1,
        "rsi_buy_threshold": 11.467977542380307,
        "rsi_sell_threshold": 95.0,
        "r2_min": 0.13485343281902176,
        "slope_min": 0.9568220732504197,
        "volume_ratio_min": 0.5730932938423398,
        "hold_days": 3,
        "stop_loss_pct": 10.0,
        "take_profit_pct": 23.07384202892403,
        "max_positions": 1,
        "dip_threshold_pct": 3.4901242412409306,
        "r2_trend_min": 0.44304453947688693,
        "w_momentum": 0.0257,
        "w_mean_reversion": 0.07,
        "w_volume": 0.3107,
        "w_trend": 0.0,
        "w_pattern": 0.0552,
        "w_macd": 0.0184,
        "w_bollinger": 0.0836,
        "w_kdj": 0.0232,
        "w_obv": 0.1753,
        "w_support": 0.2119,
        "w_volume_profile": 0.026
      }
    }
  ]
}