{
  "generation": 809,
  "timestamp": "2026-03-20T19:14:05",
  "results": [
    {
      "annual_return": 239.3006,
      "max_drawdown": 24.6989,
      "win_rate": 44.8276,
      "sharpe": 2.3505,
      "calmar": 9.6887,
      "total_trades": 232,
      "profit_factor": 2.0685,
      "fitness": 95.3639,
      "dna": {
        "min_score": 1,
        "rsi_buy_threshold": 50.0,
        "rsi_sell_threshold": 55.0,
        "r2_min": 0.36181065519075084,
        "slope_min": 0.31317202091924645,
        "volume_ratio_min": 2.8158654872361017,
        "hold_days": 2,
        "stop_loss_pct": 3.2788137410010263,
        "take_profit_pct": 19.437718677840216,
        "max_positions": 1,
        "dip_threshold_pct": 15.404937587880376,
        "r2_trend_min": 0.39593031785734334,
        "w_momentum": 0.0,
        "w_mean_reversion": 0.3992,
        "w_volume": 0.4753,
        "w_trend": 0.0381,
        "w_pattern": 0.0875
      }
    },
    {
      "annual_return": 244.7417,
      "max_drawdown": 36.8341,
      "win_rate": 50.2165,
      "sharpe": 2.8433,
      "calmar": 6.6444,
      "total_trades": 231,
      "profit_factor": 2.7395,
      "fitness": 73.8602,
      "dna": {
        "min_score": 1,
        "rsi_buy_threshold": 47.260755665730265,
        "rsi_sell_threshold": 55.0,
        "r2_min": 0.36181065519075084,
        "slope_min": 0.31317202091924645,
        "volume_ratio_min": 2.8158654872361017,
        "hold_days": 2,
        "stop_loss_pct": 2.587641229285489,
        "take_profit_pct": 12.188202935224094,
        "max_positions": 1,
        "dip_threshold_pct": 15.404937587880376,
        "r2_trend_min": 0.39593031785734334,
        "w_momentum": 0.0101,
        "w_mean_reversion": 0.4027,
        "w_volume": 0.4795,
        "w_trend": 0.0384,
        "w_pattern": 0.0693
      }
    },
    {
      "annual_return": 119.3974,
      "max_drawdown": 18.4057,
      "win_rate": 41.8103,
      "sharpe": 1.9008,
      "calmar": 6.487,
      "total_trades": 232,
      "profit_factor": 1.5455,
      "fitness": 57.8916,
      "dna": {
        "min_score": 1,
        "rsi_buy_threshold": 47.260755665730265,
        "rsi_sell_threshold": 67.15385454911986,
        "r2_min": 0.4412135778302822,
        "slope_min": 0.18375981492372329,
        "volume_ratio_min": 3.3741550467295225,
        "hold_days": 2,
        "stop_loss_pct": 2.587641229285489,
        "take_profit_pct": 21.983402796643375,
        "max_positions": 1,
        "dip_threshold_pct": 19.97858547734767,
        "r2_trend_min": 0.39593031785734334,
        "w_momentum": 0.0,
        "w_mean_reversion": 0.4351,
        "w_volume": 0.4198,
        "w_trend": 0.0544,
        "w_pattern": 0.0907
      }
    },
    {
      "annual_return": 86.535,
      "max_drawdown": 16.41,
      "win_rate": 44.8276,
      "sharpe": 1.7523,
      "calmar": 5.2733,
      "total_trades": 232,
      "profit_factor": 1.4849,
      "fitness": 47.68,
      "dna": {
        "min_score": 1,
        "rsi_buy_threshold": 47.260755665730265,
        "rsi_sell_threshold": 55.0,
        "r2_min": 0.36181065519075084,
        "slope_min": 0.31317202091924645,
        "volume_ratio_min": 3.4138303213991534,
        "hold_days": 2,
        "stop_loss_pct": 2.587641229285489,
        "take_profit_pct": 16.48268629285309,
        "max_positions": 1,
        "dip_threshold_pct": 15.404937587880376,
        "r2_trend_min": 0.2859209998126984,
        "w_momentum": 0.0094,
        "w_mean_reversion": 0.434,
        "w_volume": 0.4461,
        "w_trend": 0.0414,
        "w_pattern": 0.0691
      }
    },
    {
      "annual_return": 125.8115,
      "max_drawdown": 25.7992,
      "win_rate": 46.7532,
      "sharpe": 2.0445,
      "calmar": 4.8766,
      "total_trades": 231,
      "profit_factor": 1.5455,
      "fitness": 46.9789,
      "dna": {
        "min_score": 1,
        "rsi_buy_threshold": 50.0,
        "rsi_sell_threshold": 55.0,
        "r2_min": 0.36181065519075084,
        "slope_min": 0.31317202091924645,
        "volume_ratio_min": 2.8158654872361017,
        "hold_days": 2,
        "stop_loss_pct": 2.587641229285489,
        "take_profit_pct": 16.48268629285309,
        "max_positions": 1,
        "dip_threshold_pct": 15.404937587880376,
        "r2_trend_min": 0.39593031785734334,
        "w_momentum": 0.0108,
        "w_mean_reversion": 0.4909,
        "w_volume": 0.3624,
        "w_trend": 0.0412,
        "w_pattern": 0.0947
      }
    }
  ]
}