{
  "generation": 179,
  "timestamp": "2026-03-20T14:18:30",
  "results": [
    {
      "annual_return": 161.7605,
      "max_drawdown": 32.0747,
      "win_rate": 52.8139,
      "sharpe": 1.9536,
      "calmar": 5.0432,
      "total_trades": 231,
      "profit_factor": 1.3817,
      "fitness": 50.9713,
      "dna": {
        "min_score": 1,
        "rsi_buy_threshold": 22.594565733605013,
        "rsi_sell_threshold": 66.09446870740572,
        "r2_min": 0.23852435360138907,
        "slope_min": 0.1493068658845197,
        "volume_ratio_min": 0.9238216140542854,
        "hold_days": 2,
        "stop_loss_pct": 8.753315195856201,
        "take_profit_pct": 33.821474716578386,
        "max_positions": 1,
        "dip_threshold_pct": 30.0,
        "r2_trend_min": 0.314106374218846,
        "w_momentum": 0.0046,
        "w_mean_reversion": 0.1493,
        "w_volume": 0.1005,
        "w_trend": 0.0,
        "w_pattern": 0.7457
      }
    },
    {
      "annual_return": 104.0825,
      "max_drawdown": 27.6963,
      "win_rate": 51.7241,
      "sharpe": 1.4904,
      "calmar": 3.758,
      "total_trades": 232,
      "profit_factor": 1.2674,
      "fitness": 35.0834,
      "dna": {
        "min_score": 1,
        "rsi_buy_threshold": 17.72759661242541,
        "rsi_sell_threshold": 66.09446870740572,
        "r2_min": 0.23852435360138907,
        "slope_min": 0.2195025107430714,
        "volume_ratio_min": 1.0275120358325203,
        "hold_days": 2,
        "stop_loss_pct": 10.0,
        "take_profit_pct": 19.59148992231644,
        "max_positions": 1,
        "dip_threshold_pct": 30.0,
        "r2_trend_min": 0.23100458148255726,
        "w_momentum": 0.0139,
        "w_mean_reversion": 0.1279,
        "w_volume": 0.0861,
        "w_trend": 0.0,
        "w_pattern": 0.7721
      }
    },
    {
      "annual_return": 129.8456,
      "max_drawdown": 37.7093,
      "win_rate": 51.9481,
      "sharpe": 1.6658,
      "calmar": 3.4433,
      "total_trades": 231,
      "profit_factor": 1.4914,
      "fitness": 33.086,
      "dna": {
        "min_score": 1,
        "rsi_buy_threshold": 17.72759661242541,
        "rsi_sell_threshold": 66.09446870740572,
        "r2_min": 0.23852435360138907,
        "slope_min": 0.2195025107430714,
        "volume_ratio_min": 1.0275120358325203,
        "hold_days": 2,
        "stop_loss_pct": 10.0,
        "take_profit_pct": 23.243010363037712,
        "max_positions": 1,
        "dip_threshold_pct": 30.0,
        "r2_trend_min": 0.28558785871732323,
        "w_momentum": 0.0235,
        "w_mean_reversion": 0.1513,
        "w_volume": 0.065,
        "w_trend": 0.0,
        "w_pattern": 0.7602
      }
    },
    {
      "annual_return": 99.5095,
      "max_drawdown": 28.4274,
      "win_rate": 46.1207,
      "sharpe": 1.4604,
      "calmar": 3.5005,
      "total_trades": 232,
      "profit_factor": 1.3129,
      "fitness": 30.7158,
      "dna": {
        "min_score": 1,
        "rsi_buy_threshold": 40.58859006127986,
        "rsi_sell_threshold": 55.0,
        "r2_min": 0.15459707033212677,
        "slope_min": 0.1633624468943635,
        "volume_ratio_min": 0.7610710774366908,
        "hold_days": 2,
        "stop_loss_pct": 4.5131829380899005,
        "take_profit_pct": 23.992363155285467,
        "max_positions": 1,
        "dip_threshold_pct": 30.0,
        "r2_trend_min": 0.27977448183851056,
        "w_momentum": 0.0557,
        "w_mean_reversion": 0.1642,
        "w_volume": 0.0476,
        "w_trend": 0.0602,
        "w_pattern": 0.6723
      }
    },
    {
      "annual_return": 102.1901,
      "max_drawdown": 30.2787,
      "win_rate": 46.9828,
      "sharpe": 1.4653,
      "calmar": 3.375,
      "total_trades": 232,
      "profit_factor": 1.2686,
      "fitness": 29.9132,
      "dna": {
        "min_score": 1,
        "rsi_buy_threshold": 39.17971113729148,
        "rsi_sell_threshold": 59.4553667310695,
        "r2_min": 0.28412421004637056,
        "slope_min": 0.15624447674208441,
        "volume_ratio_min": 1.4690967656407192,
        "hold_days": 2,
        "stop_loss_pct": 10.0,
        "take_profit_pct": 20.959594291824192,
        "max_positions": 1,
        "dip_threshold_pct": 30.0,
        "r2_trend_min": 0.2,
        "w_momentum": 0.0139,
        "w_mean_reversion": 0.1268,
        "w_volume": 0.065,
        "w_trend": 0.0288,
        "w_pattern": 0.7655
      }
    }
  ]
}