{
  "generation": 1309,
  "timestamp": "2026-03-20T23:06:03",
  "results": [
    {
      "annual_return": 115.306,
      "max_drawdown": 10.9676,
      "win_rate": 50.0,
      "sharpe": 2.3557,
      "calmar": 10.5134,
      "total_trades": 232,
      "profit_factor": 1.8969,
      "fitness": 109.3656,
      "dna": {
        "min_score": 1,
        "rsi_buy_threshold": 12.281239914065981,
        "rsi_sell_threshold": 84.85770744128294,
        "r2_min": 0.15235533994612954,
        "slope_min": 0.25184559783991545,
        "volume_ratio_min": 0.5,
        "hold_days": 2,
        "stop_loss_pct": 2.2647575973990794,
        "take_profit_pct": 18.745588345919998,
        "max_positions": 1,
        "dip_threshold_pct": 9.402071574016661,
        "r2_trend_min": 0.29018083821260937,
        "w_momentum": 0.0098,
        "w_mean_reversion": 0.4147,
        "w_volume": 0.5197,
        "w_trend": 0.0295,
        "w_pattern": 0.0263
      }
    },
    {
      "annual_return": 172.9619,
      "max_drawdown": 26.01,
      "win_rate": 48.6957,
      "sharpe": 2.3843,
      "calmar": 6.6498,
      "total_trades": 230,
      "profit_factor": 1.7038,
      "fitness": 68.5321,
      "dna": {
        "min_score": 1,
        "rsi_buy_threshold": 12.281239914065981,
        "rsi_sell_threshold": 84.85770744128294,
        "r2_min": 0.13269902365223052,
        "slope_min": 0.32528166763313604,
        "volume_ratio_min": 0.5,
        "hold_days": 2,
        "stop_loss_pct": 2.7577824431922036,
        "take_profit_pct": 30.95363813984545,
        "max_positions": 1,
        "dip_threshold_pct": 7.475308197977722,
        "r2_trend_min": 0.4608997108395113,
        "w_momentum": 0.0,
        "w_mean_reversion": 0.2708,
        "w_volume": 0.6882,
        "w_trend": 0.0,
        "w_pattern": 0.0411
      }
    },
    {
      "annual_return": 164.5159,
      "max_drawdown": 29.1694,
      "win_rate": 47.619,
      "sharpe": 2.0211,
      "calmar": 5.64,
      "total_trades": 231,
      "profit_factor": 1.7897,
      "fitness": 54.6519,
      "dna": {
        "min_score": 1,
        "rsi_buy_threshold": 12.251168687790146,
        "rsi_sell_threshold": 70.19898107139919,
        "r2_min": 0.14030087967177507,
        "slope_min": 0.37340783639278835,
        "volume_ratio_min": 0.5,
        "hold_days": 2,
        "stop_loss_pct": 2.954162608403703,
        "take_profit_pct": 30.07491237775815,
        "max_positions": 1,
        "dip_threshold_pct": 9.839334692686998,
        "r2_trend_min": 0.36454862671032107,
        "w_momentum": 0.0092,
        "w_mean_reversion": 0.2094,
        "w_volume": 0.7235,
        "w_trend": 0.0097,
        "w_pattern": 0.0481
      }
    },
    {
      "annual_return": 109.0038,
      "max_drawdown": 24.3043,
      "win_rate": 50.6494,
      "sharpe": 1.9712,
      "calmar": 4.485,
      "total_trades": 231,
      "profit_factor": 1.525,
      "fitness": 44.5024,
      "dna": {
        "min_score": 1,
        "rsi_buy_threshold": 10.0,
        "rsi_sell_threshold": 55.0,
        "r2_min": 0.11850293252359906,
        "slope_min": 0.20079969477479592,
        "volume_ratio_min": 0.5417291430278728,
        "hold_days": 2,
        "stop_loss_pct": 3.5843244361706645,
        "take_profit_pct": 36.28921360862406,
        "max_positions": 1,
        "dip_threshold_pct": 9.402071574016661,
        "r2_trend_min": 0.344226511826797,
        "w_momentum": 0.0107,
        "w_mean_reversion": 0.4246,
        "w_volume": 0.4987,
        "w_trend": 0.0296,
        "w_pattern": 0.0363
      }
    },
    {
      "annual_return": 95.7423,
      "max_drawdown": 25.5745,
      "win_rate": 46.5517,
      "sharpe": 1.8761,
      "calmar": 3.7437,
      "total_trades": 232,
      "profit_factor": 1.5492,
      "fitness": 35.1267,
      "dna": {
        "min_score": 1,
        "rsi_buy_threshold": 11.432297560584276,
        "rsi_sell_threshold": 70.19898107139919,
        "r2_min": 0.11850293252359906,
        "slope_min": 0.25483559623912155,
        "volume_ratio_min": 0.5417291430278728,
        "hold_days": 2,
        "stop_loss_pct": 2.779080562888558,
        "take_profit_pct": 44.14002542106822,
        "max_positions": 1,
        "dip_threshold_pct": 4.080542053191825,
        "r2_trend_min": 0.43695767802117663,
        "w_momentum": 0.0098,
        "w_mean_reversion": 0.3364,
        "w_volume": 0.5983,
        "w_trend": 0.0401,
        "w_pattern": 0.0154
      }
    }
  ]
}