{
  "generation": 1309,
  "timestamp": "2026-03-20T23:02:37",
  "results": [
    {
      "annual_return": 256.3685,
      "max_drawdown": 24.9906,
      "win_rate": 49.3506,
      "sharpe": 2.2555,
      "calmar": 10.2586,
      "total_trades": 231,
      "profit_factor": 1.6326,
      "fitness": 104.5758,
      "dna": {
        "min_score": 1,
        "rsi_buy_threshold": 19.160211489321078,
        "rsi_sell_threshold": 95.0,
        "r2_min": 0.1,
        "slope_min": 0.11238743573823173,
        "volume_ratio_min": 1.4969724069541628,
        "hold_days": 2,
        "stop_loss_pct": 8.162447852185881,
        "take_profit_pct": 24.735116241885407,
        "max_positions": 1,
        "dip_threshold_pct": 5.894178397481279,
        "r2_trend_min": 0.2,
        "w_momentum": 0.0035,
        "w_mean_reversion": 0.2665,
        "w_volume": 0.6865,
        "w_trend": 0.0183,
        "w_pattern": 0.0252
      }
    },
    {
      "annual_return": 210.9614,
      "max_drawdown": 25.0215,
      "win_rate": 51.9481,
      "sharpe": 2.1033,
      "calmar": 8.4312,
      "total_trades": 231,
      "profit_factor": 1.6173,
      "fitness": 86.3307,
      "dna": {
        "min_score": 1,
        "rsi_buy_threshold": 22.729811989876445,
        "rsi_sell_threshold": 77.20021923005005,
        "r2_min": 0.1,
        "slope_min": 0.1,
        "volume_ratio_min": 1.2489110888300714,
        "hold_days": 2,
        "stop_loss_pct": 8.624969179839711,
        "take_profit_pct": 20.48997008347108,
        "max_positions": 1,
        "dip_threshold_pct": 4.291143219160459,
        "r2_trend_min": 0.20435011393945063,
        "w_momentum": 0.0,
        "w_mean_reversion": 0.1896,
        "w_volume": 0.7813,
        "w_trend": 0.0,
        "w_pattern": 0.0291
      }
    },
    {
      "annual_return": 167.1429,
      "max_drawdown": 26.3402,
      "win_rate": 49.3506,
      "sharpe": 2.0544,
      "calmar": 6.3455,
      "total_trades": 231,
      "profit_factor": 1.725,
      "fitness": 62.8939,
      "dna": {
        "min_score": 1,
        "rsi_buy_threshold": 29.98729827256189,
        "rsi_sell_threshold": 84.05410717491061,
        "r2_min": 0.12104298009030362,
        "slope_min": 0.11018852188894349,
        "volume_ratio_min": 1.3306670821170181,
        "hold_days": 2,
        "stop_loss_pct": 8.26997240811323,
        "take_profit_pct": 10.579251266638089,
        "max_positions": 1,
        "dip_threshold_pct": 3.0,
        "r2_trend_min": 0.2593516825496892,
        "w_momentum": 0.0,
        "w_mean_reversion": 0.2241,
        "w_volume": 0.716,
        "w_trend": 0.0273,
        "w_pattern": 0.0327
      }
    },
    {
      "annual_return": 198.369,
      "max_drawdown": 34.9539,
      "win_rate": 53.0435,
      "sharpe": 1.9883,
      "calmar": 5.6752,
      "total_trades": 230,
      "profit_factor": 1.5377,
      "fitness": 57.7694,
      "dna": {
        "min_score": 1,
        "rsi_buy_threshold": 16.780709340512335,
        "rsi_sell_threshold": 95.0,
        "r2_min": 0.1,
        "slope_min": 0.1,
        "volume_ratio_min": 1.3306670821170181,
        "hold_days": 2,
        "stop_loss_pct": 10.0,
        "take_profit_pct": 18.75509913351658,
        "max_positions": 1,
        "dip_threshold_pct": 3.0,
        "r2_trend_min": 0.2593516825496892,
        "w_momentum": 0.0245,
        "w_mean_reversion": 0.2392,
        "w_volume": 0.6722,
        "w_trend": 0.0292,
        "w_pattern": 0.035
      }
    },
    {
      "annual_return": 141.4704,
      "max_drawdown": 33.231,
      "win_rate": 51.2931,
      "sharpe": 1.662,
      "calmar": 4.2572,
      "total_trades": 232,
      "profit_factor": 1.4247,
      "fitness": 40.6245,
      "dna": {
        "min_score": 1,
        "rsi_buy_threshold": 22.729811989876445,
        "rsi_sell_threshold": 77.20021923005005,
        "r2_min": 0.1,
        "slope_min": 0.11543720337349248,
        "volume_ratio_min": 1.2489110888300714,
        "hold_days": 2,
        "stop_loss_pct": 9.944769662143065,
        "take_profit_pct": 20.48997008347108,
        "max_positions": 1,
        "dip_threshold_pct": 4.291143219160459,
        "r2_trend_min": 0.20435011393945063,
        "w_momentum": 0.0,
        "w_mean_reversion": 0.2253,
        "w_volume": 0.7401,
        "w_trend": 0.0,
        "w_pattern": 0.0346
      }
    }
  ]
}