{
  "generation": 399,
  "timestamp": "2026-03-20T15:54:12",
  "results": [
    {
      "annual_return": 193.6242,
      "max_drawdown": 21.6946,
      "win_rate": 52.5862,
      "sharpe": 2.3659,
      "calmar": 8.925,
      "total_trades": 232,
      "profit_factor": 1.4752,
      "fitness": 95.3453,
      "dna": {
        "min_score": 1,
        "rsi_buy_threshold": 17.604287948682426,
        "rsi_sell_threshold": 90.29412253400932,
        "r2_min": 0.11488708219543521,
        "slope_min": 0.1179433502768607,
        "volume_ratio_min": 1.3608968831153434,
        "hold_days": 2,
        "stop_loss_pct": 5.401554438867401,
        "take_profit_pct": 13.493537495344164,
        "max_positions": 1,
        "dip_threshold_pct": 3.053630925541248,
        "r2_trend_min": 0.2,
        "w_momentum": 0.0,
        "w_mean_reversion": 0.1205,
        "w_volume": 0.0596,
        "w_trend": 0.0,
        "w_pattern": 0.8199
      }
    },
    {
      "annual_return": 183.8231,
      "max_drawdown": 23.6614,
      "win_rate": 53.8793,
      "sharpe": 2.312,
      "calmar": 7.7689,
      "total_trades": 232,
      "profit_factor": 1.6779,
      "fitness": 83.3949,
      "dna": {
        "min_score": 1,
        "rsi_buy_threshold": 14.298187523590913,
        "rsi_sell_threshold": 90.29412253400932,
        "r2_min": 0.1295783802278792,
        "slope_min": 0.1179433502768607,
        "volume_ratio_min": 1.3608968831153434,
        "hold_days": 2,
        "stop_loss_pct": 5.401554438867401,
        "take_profit_pct": 16.407755206677994,
        "max_positions": 1,
        "dip_threshold_pct": 3.053630925541248,
        "r2_trend_min": 0.2,
        "w_momentum": 0.0,
        "w_mean_reversion": 0.1205,
        "w_volume": 0.0596,
        "w_trend": 0.0,
        "w_pattern": 0.8199
      }
    },
    {
      "annual_return": 164.7565,
      "max_drawdown": 19.9064,
      "win_rate": 46.5517,
      "sharpe": 2.0908,
      "calmar": 8.2766,
      "total_trades": 232,
      "profit_factor": 1.6981,
      "fitness": 80.0832,
      "dna": {
        "min_score": 1,
        "rsi_buy_threshold": 18.098947353340627,
        "rsi_sell_threshold": 94.54915591489554,
        "r2_min": 0.25785604604015566,
        "slope_min": 0.15744034255308711,
        "volume_ratio_min": 1.3024027892340957,
        "hold_days": 2,
        "stop_loss_pct": 5.2476261353511475,
        "take_profit_pct": 18.414513104493786,
        "max_positions": 1,
        "dip_threshold_pct": 3.4437144905663275,
        "r2_trend_min": 0.23810084848799937,
        "w_momentum": 0.0,
        "w_mean_reversion": 0.1586,
        "w_volume": 0.0949,
        "w_trend": 0.0122,
        "w_pattern": 0.7343
      }
    },
    {
      "annual_return": 142.7237,
      "max_drawdown": 20.3772,
      "win_rate": 52.1552,
      "sharpe": 2.3329,
      "calmar": 7.0041,
      "total_trades": 232,
      "profit_factor": 1.7206,
      "fitness": 74.1834,
      "dna": {
        "min_score": 1,
        "rsi_buy_threshold": 17.604287948682426,
        "rsi_sell_threshold": 90.29412253400932,
        "r2_min": 0.11488708219543521,
        "slope_min": 0.1179433502768607,
        "volume_ratio_min": 1.3608968831153434,
        "hold_days": 2,
        "stop_loss_pct": 5.401554438867401,
        "take_profit_pct": 13.493537495344164,
        "max_positions": 1,
        "dip_threshold_pct": 3.053630925541248,
        "r2_trend_min": 0.2301899761787057,
        "w_momentum": 0.0,
        "w_mean_reversion": 0.1063,
        "w_volume": 0.0438,
        "w_trend": 0.0,
        "w_pattern": 0.8499
      }
    },
    {
      "annual_return": 146.7644,
      "max_drawdown": 33.5981,
      "win_rate": 48.4848,
      "sharpe": 2.0241,
      "calmar": 4.3682,
      "total_trades": 231,
      "profit_factor": 1.6388,
      "fitness": 42.7298,
      "dna": {
        "min_score": 1,
        "rsi_buy_threshold": 13.361285480126192,
        "rsi_sell_threshold": 95.0,
        "r2_min": 0.10874256222210213,
        "slope_min": 0.12050306657121472,
        "volume_ratio_min": 1.4058486300816555,
        "hold_days": 2,
        "stop_loss_pct": 4.247796403523072,
        "take_profit_pct": 13.138821617100906,
        "max_positions": 1,
        "dip_threshold_pct": 6.602946719613956,
        "r2_trend_min": 0.2,
        "w_momentum": 0.0,
        "w_mean_reversion": 0.1104,
        "w_volume": 0.0818,
        "w_trend": 0.0,
        "w_pattern": 0.8078
      }
    }
  ]
}