{
  "generation": 999,
  "timestamp": "2026-03-20T20:50:40",
  "results": [
    {
      "annual_return": 182.188,
      "max_drawdown": 26.2006,
      "win_rate": 48.6957,
      "sharpe": 2.1166,
      "calmar": 6.9536,
      "total_trades": 230,
      "profit_factor": 1.8162,
      "fitness": 69.0643,
      "dna": {
        "min_score": 1,
        "rsi_buy_threshold": 50.0,
        "rsi_sell_threshold": 94.21317524683593,
        "r2_min": 0.1,
        "slope_min": 0.13490035877923173,
        "volume_ratio_min": 1.112412172064066,
        "hold_days": 2,
        "stop_loss_pct": 6.236144828340224,
        "take_profit_pct": 11.26932342192455,
        "max_positions": 1,
        "dip_threshold_pct": 19.13998921031671,
        "r2_trend_min": 0.26906957939850695,
        "w_momentum": 0.0,
        "w_mean_reversion": 0.296,
        "w_volume": 0.6203,
        "w_trend": 0.056,
        "w_pattern": 0.0277
      }
    },
    {
      "annual_return": 125.5353,
      "max_drawdown": 27.0306,
      "win_rate": 50.6494,
      "sharpe": 2.0288,
      "calmar": 4.6442,
      "total_trades": 231,
      "profit_factor": 1.6293,
      "fitness": 46.4629,
      "dna": {
        "min_score": 1,
        "rsi_buy_threshold": 41.237514038656194,
        "rsi_sell_threshold": 61.42131802122005,
        "r2_min": 0.1159840517744073,
        "slope_min": 0.16097765631052396,
        "volume_ratio_min": 1.112412172064066,
        "hold_days": 2,
        "stop_loss_pct": 5.139488122641724,
        "take_profit_pct": 11.26932342192455,
        "max_positions": 1,
        "dip_threshold_pct": 23.7232130215057,
        "r2_trend_min": 0.2,
        "w_momentum": 0.021,
        "w_mean_reversion": 0.3606,
        "w_volume": 0.5423,
        "w_trend": 0.0469,
        "w_pattern": 0.0292
      }
    },
    {
      "annual_return": 156.6608,
      "max_drawdown": 38.6634,
      "win_rate": 53.4483,
      "sharpe": 2.1509,
      "calmar": 4.0519,
      "total_trades": 232,
      "profit_factor": 1.6601,
      "fitness": 42.3662,
      "dna": {
        "min_score": 1,
        "rsi_buy_threshold": 50.0,
        "rsi_sell_threshold": 79.07931766502139,
        "r2_min": 0.1,
        "slope_min": 0.11239920328085927,
        "volume_ratio_min": 0.9283411724614664,
        "hold_days": 2,
        "stop_loss_pct": 8.288385243798158,
        "take_profit_pct": 8.981462747432563,
        "max_positions": 1,
        "dip_threshold_pct": 30.0,
        "r2_trend_min": 0.24922216189769303,
        "w_momentum": 0.0,
        "w_mean_reversion": 0.3279,
        "w_volume": 0.5918,
        "w_trend": 0.0651,
        "w_pattern": 0.0152
      }
    },
    {
      "annual_return": 111.6809,
      "max_drawdown": 35.0795,
      "win_rate": 49.1379,
      "sharpe": 1.8041,
      "calmar": 3.1836,
      "total_trades": 232,
      "profit_factor": 1.4666,
      "fitness": 30.3693,
      "dna": {
        "min_score": 1,
        "rsi_buy_threshold": 50.0,
        "rsi_sell_threshold": 55.0,
        "r2_min": 0.1,
        "slope_min": 0.13490035877923173,
        "volume_ratio_min": 0.944701409856937,
        "hold_days": 2,
        "stop_loss_pct": 5.962825119608502,
        "take_profit_pct": 8.838296815479886,
        "max_positions": 1,
        "dip_threshold_pct": 30.0,
        "r2_trend_min": 0.26906957939850695,
        "w_momentum": 0.0,
        "w_mean_reversion": 0.2709,
        "w_volume": 0.6521,
        "w_trend": 0.0587,
        "w_pattern": 0.0183
      }
    },
    {
      "annual_return": 82.8689,
      "max_drawdown": 27.4714,
      "win_rate": 52.381,
      "sharpe": 1.4783,
      "calmar": 3.0166,
      "total_trades": 63,
      "profit_factor": 1.3854,
      "fitness": 28.2872,
      "dna": {
        "min_score": 1,
        "rsi_buy_threshold": 41.237514038656194,
        "rsi_sell_threshold": 79.07931766502139,
        "r2_min": 0.12440391827593679,
        "slope_min": 0.19193816927098012,
        "volume_ratio_min": 1.112412172064066,
        "hold_days": 2,
        "stop_loss_pct": 7.445584275051578,
        "take_profit_pct": 11.26932342192455,
        "max_positions": 1,
        "dip_threshold_pct": 30.0,
        "r2_trend_min": 0.2,
        "w_momentum": 0.0215,
        "w_mean_reversion": 0.3821,
        "w_volume": 0.4897,
        "w_trend": 0.0681,
        "w_pattern": 0.0386
      }
    }
  ]
}