{
  "generation": 99,
  "timestamp": "2026-03-20T13:15:28",
  "results": [
    {
      "annual_return": 313.7567,
      "max_drawdown": 23.0178,
      "win_rate": 50.9719,
      "sharpe": 2.504,
      "calmar": 13.6311,
      "total_trades": 463,
      "profit_factor": 1.4215,
      "fitness": 146.0548,
      "dna": {
        "min_score": 2,
        "rsi_buy_threshold": 36.13560006041587,
        "rsi_sell_threshold": 67.32120802967097,
        "r2_min": 0.21487938235291068,
        "slope_min": 0.659688026139799,
        "volume_ratio_min": 0.8691453754761949,
        "hold_days": 1,
        "stop_loss_pct": 7.59283812588447,
        "take_profit_pct": 7.2254474597036165,
        "max_positions": 1,
        "dip_threshold_pct": 7.480059751815057,
        "r2_trend_min": 0.2,
        "w_momentum": 0.0628,
        "w_mean_reversion": 0.0617,
        "w_volume": 0.3483,
        "w_trend": 0.2998,
        "w_pattern": 0.2275
      }
    },
    {
      "annual_return": 374.8576,
      "max_drawdown": 28.0605,
      "win_rate": 49.6774,
      "sharpe": 2.5088,
      "calmar": 13.3589,
      "total_trades": 465,
      "profit_factor": 1.361,
      "fitness": 141.4013,
      "dna": {
        "min_score": 2,
        "rsi_buy_threshold": 35.49882477859439,
        "rsi_sell_threshold": 55.117604829710565,
        "r2_min": 0.1895049086932265,
        "slope_min": 0.8021016246632168,
        "volume_ratio_min": 1.0897113290404958,
        "hold_days": 1,
        "stop_loss_pct": 10.0,
        "take_profit_pct": 10.465418999364719,
        "max_positions": 1,
        "dip_threshold_pct": 7.7577248078036565,
        "r2_trend_min": 0.23646739953188206,
        "w_momentum": 0.0655,
        "w_mean_reversion": 0.0556,
        "w_volume": 0.2971,
        "w_trend": 0.3549,
        "w_pattern": 0.2269
      }
    },
    {
      "annual_return": 332.7653,
      "max_drawdown": 44.3972,
      "win_rate": 51.9397,
      "sharpe": 2.3449,
      "calmar": 7.4952,
      "total_trades": 464,
      "profit_factor": 1.3851,
      "fitness": 79.3508,
      "dna": {
        "min_score": 2,
        "rsi_buy_threshold": 30.441434371816797,
        "rsi_sell_threshold": 67.32120802967097,
        "r2_min": 0.27796167260339916,
        "slope_min": 0.8156491678819047,
        "volume_ratio_min": 0.7394747178324921,
        "hold_days": 1,
        "stop_loss_pct": 10.0,
        "take_profit_pct": 16.1595563642464,
        "max_positions": 1,
        "dip_threshold_pct": 9.199948834356505,
        "r2_trend_min": 0.2,
        "w_momentum": 0.0624,
        "w_mean_reversion": 0.0598,
        "w_volume": 0.3896,
        "w_trend": 0.2978,
        "w_pattern": 0.1904
      }
    },
    {
      "annual_return": 251.6318,
      "max_drawdown": 36.1509,
      "win_rate": 49.6774,
      "sharpe": 2.1254,
      "calmar": 6.9606,
      "total_trades": 465,
      "profit_factor": 1.2759,
      "fitness": 69.9141,
      "dna": {
        "min_score": 2,
        "rsi_buy_threshold": 25.770621347152762,
        "rsi_sell_threshold": 67.32120802967097,
        "r2_min": 0.1895049086932265,
        "slope_min": 0.6290045074767973,
        "volume_ratio_min": 0.9899038983827275,
        "hold_days": 1,
        "stop_loss_pct": 10.0,
        "take_profit_pct": 10.465418999364719,
        "max_positions": 1,
        "dip_threshold_pct": 11.773631339654333,
        "r2_trend_min": 0.2,
        "w_momentum": 0.068,
        "w_mean_reversion": 0.074,
        "w_volume": 0.3086,
        "w_trend": 0.3137,
        "w_pattern": 0.2357
      }
    },
    {
      "annual_return": 311.9008,
      "max_drawdown": 50.1404,
      "win_rate": 47.7419,
      "sharpe": 2.4504,
      "calmar": 6.2206,
      "total_trades": 465,
      "profit_factor": 1.5623,
      "fitness": 64.0456,
      "dna": {
        "min_score": 2,
        "rsi_buy_threshold": 30.441434371816797,
        "rsi_sell_threshold": 60.00425726083111,
        "r2_min": 0.14706332987891246,
        "slope_min": 0.6960679852417405,
        "volume_ratio_min": 0.8763152817606066,
        "hold_days": 1,
        "stop_loss_pct": 10.0,
        "take_profit_pct": 7.2254474597036165,
        "max_positions": 1,
        "dip_threshold_pct": 14.239217595051333,
        "r2_trend_min": 0.24046758821588404,
        "w_momentum": 0.069,
        "w_mean_reversion": 0.0581,
        "w_volume": 0.3693,
        "w_trend": 0.3515,
        "w_pattern": 0.1522
      }
    }
  ]
}