{
  "generation": 409,
  "timestamp": "2026-03-20T15:59:00",
  "results": [
    {
      "annual_return": 284.8901,
      "max_drawdown": 30.4731,
      "win_rate": 50.431,
      "sharpe": 2.565,
      "calmar": 9.3489,
      "total_trades": 232,
      "profit_factor": 1.7125,
      "fitness": 100.4503,
      "dna": {
        "min_score": 1,
        "rsi_buy_threshold": 17.700101617068817,
        "rsi_sell_threshold": 95.0,
        "r2_min": 0.1,
        "slope_min": 0.1,
        "volume_ratio_min": 1.1063216900335857,
        "hold_days": 2,
        "stop_loss_pct": 4.807843517490099,
        "take_profit_pct": 17.86030079858989,
        "max_positions": 1,
        "dip_threshold_pct": 3.0,
        "r2_trend_min": 0.2,
        "w_momentum": 0.0,
        "w_mean_reversion": 0.1331,
        "w_volume": 0.0898,
        "w_trend": 0.0,
        "w_pattern": 0.7771
      }
    },
    {
      "annual_return": 240.9196,
      "max_drawdown": 32.8514,
      "win_rate": 53.8793,
      "sharpe": 2.7055,
      "calmar": 7.3336,
      "total_trades": 232,
      "profit_factor": 2.1085,
      "fitness": 82.958,
      "dna": {
        "min_score": 1,
        "rsi_buy_threshold": 28.069835977898585,
        "rsi_sell_threshold": 95.0,
        "r2_min": 0.1,
        "slope_min": 0.1,
        "volume_ratio_min": 0.9963572298486773,
        "hold_days": 2,
        "stop_loss_pct": 5.401554438867401,
        "take_profit_pct": 13.933006631241739,
        "max_positions": 1,
        "dip_threshold_pct": 3.7218853045911833,
        "r2_trend_min": 0.2,
        "w_momentum": 0.0,
        "w_mean_reversion": 0.1252,
        "w_volume": 0.0879,
        "w_trend": 0.0,
        "w_pattern": 0.7869
      }
    },
    {
      "annual_return": 134.681,
      "max_drawdown": 26.2678,
      "win_rate": 52.381,
      "sharpe": 2.1059,
      "calmar": 5.1272,
      "total_trades": 231,
      "profit_factor": 1.6191,
      "fitness": 52.7374,
      "dna": {
        "min_score": 1,
        "rsi_buy_threshold": 12.234319817164042,
        "rsi_sell_threshold": 95.0,
        "r2_min": 0.10338069842179992,
        "slope_min": 0.14624865575870039,
        "volume_ratio_min": 1.6084783586295115,
        "hold_days": 2,
        "stop_loss_pct": 4.381628150128028,
        "take_profit_pct": 16.742991658678367,
        "max_positions": 1,
        "dip_threshold_pct": 3.053630925541248,
        "r2_trend_min": 0.2,
        "w_momentum": 0.0,
        "w_mean_reversion": 0.1671,
        "w_volume": 0.0668,
        "w_trend": 0.0083,
        "w_pattern": 0.7578
      }
    },
    {
      "annual_return": 112.4588,
      "max_drawdown": 25.1146,
      "win_rate": 49.569,
      "sharpe": 1.8327,
      "calmar": 4.4778,
      "total_trades": 232,
      "profit_factor": 1.4776,
      "fitness": 43.082,
      "dna": {
        "min_score": 1,
        "rsi_buy_threshold": 17.39185146025605,
        "rsi_sell_threshold": 78.75236917401295,
        "r2_min": 0.1,
        "slope_min": 0.1,
        "volume_ratio_min": 1.3608968831153434,
        "hold_days": 2,
        "stop_loss_pct": 4.117430343735155,
        "take_profit_pct": 13.933006631241739,
        "max_positions": 1,
        "dip_threshold_pct": 3.0,
        "r2_trend_min": 0.2,
        "w_momentum": 0.0,
        "w_mean_reversion": 0.0927,
        "w_volume": 0.0633,
        "w_trend": 0.0,
        "w_pattern": 0.844
      }
    },
    {
      "annual_return": 111.1659,
      "max_drawdown": 31.7383,
      "win_rate": 53.0172,
      "sharpe": 1.8848,
      "calmar": 3.5026,
      "total_trades": 232,
      "profit_factor": 1.4838,
      "fitness": 35.1168,
      "dna": {
        "min_score": 1,
        "rsi_buy_threshold": 23.489399529931323,
        "rsi_sell_threshold": 95.0,
        "r2_min": 0.1,
        "slope_min": 0.1,
        "volume_ratio_min": 0.955136024307561,
        "hold_days": 2,
        "stop_loss_pct": 5.401554438867401,
        "take_profit_pct": 12.14620777313322,
        "max_positions": 1,
        "dip_threshold_pct": 3.7218853045911833,
        "r2_trend_min": 0.2,
        "w_momentum": 0.0,
        "w_mean_reversion": 0.1691,
        "w_volume": 0.0615,
        "w_trend": 0.008,
        "w_pattern": 0.7615
      }
    }
  ]
}