{
  "generation": 1369,
  "timestamp": "2026-03-21T01:08:04",
  "results": [
    {
      "annual_return": 186.2669,
      "max_drawdown": 19.5709,
      "win_rate": 50.0,
      "sharpe": 2.5146,
      "calmar": 9.5175,
      "total_trades": 232,
      "profit_factor": 1.949,
      "fitness": 101.145,
      "dna": {
        "min_score": 1,
        "rsi_buy_threshold": 11.117277310550213,
        "rsi_sell_threshold": 95.0,
        "r2_min": 0.1,
        "slope_min": 0.21431118770788432,
        "volume_ratio_min": 0.6303972250366648,
        "hold_days": 2,
        "stop_loss_pct": 2.6336138883869475,
        "take_profit_pct": 26.971644976069047,
        "max_positions": 1,
        "dip_threshold_pct": 5.626994290218216,
        "r2_trend_min": 0.4816411616817402,
        "w_momentum": 0.0,
        "w_mean_reversion": 0.0728,
        "w_volume": 0.3454,
        "w_trend": 0.0,
        "w_pattern": 0.0692,
        "w_macd": 0.1411,
        "w_bollinger": 0.0664,
        "w_kdj": 0.0625,
        "w_obv": 0.0754,
        "w_support": 0.1184,
        "w_volume_profile": 0.0487
      }
    },
    {
      "annual_return": 128.1789,
      "max_drawdown": 21.4868,
      "win_rate": 49.569,
      "sharpe": 2.0973,
      "calmar": 5.9655,
      "total_trades": 232,
      "profit_factor": 1.7366,
      "fitness": 59.6172,
      "dna": {
        "min_score": 1,
        "rsi_buy_threshold": 10.0,
        "rsi_sell_threshold": 95.0,
        "r2_min": 0.12960830156256997,
        "slope_min": 0.39170429810170954,
        "volume_ratio_min": 0.5488087914530743,
        "hold_days": 2,
        "stop_loss_pct": 3.811547369001917,
        "take_profit_pct": 35.252750655554536,
        "max_positions": 1,
        "dip_threshold_pct": 5.361068188301586,
        "r2_trend_min": 0.4081254274702628,
        "w_momentum": 0.0,
        "w_mean_reversion": 0.0846,
        "w_volume": 0.4096,
        "w_trend": 0.0177,
        "w_pattern": 0.0461,
        "w_macd": 0.091,
        "w_bollinger": 0.0628,
        "w_kdj": 0.0593,
        "w_obv": 0.0716,
        "w_support": 0.1112,
        "w_volume_profile": 0.0462
      }
    },
    {
      "annual_return": 139.3547,
      "max_drawdown": 29.649,
      "win_rate": 51.9481,
      "sharpe": 2.1967,
      "calmar": 4.7001,
      "total_trades": 231,
      "profit_factor": 1.7417,
      "fitness": 48.7592,
      "dna": {
        "min_score": 1,
        "rsi_buy_threshold": 10.0,
        "rsi_sell_threshold": 70.68227607670146,
        "r2_min": 0.11250848891435829,
        "slope_min": 0.39170429810170954,
        "volume_ratio_min": 0.5488087914530743,
        "hold_days": 2,
        "stop_loss_pct": 4.941108134800463,
        "take_profit_pct": 35.252750655554536,
        "max_positions": 1,
        "dip_threshold_pct": 5.361068188301586,
        "r2_trend_min": 0.49053402003933194,
        "w_momentum": 0.0,
        "w_mean_reversion": 0.0854,
        "w_volume": 0.4137,
        "w_trend": 0.0078,
        "w_pattern": 0.0466,
        "w_macd": 0.0919,
        "w_bollinger": 0.0634,
        "w_kdj": 0.0599,
        "w_obv": 0.0723,
        "w_support": 0.1123,
        "w_volume_profile": 0.0467
      }
    },
    {
      "annual_return": 108.5404,
      "max_drawdown": 23.9008,
      "win_rate": 52.8139,
      "sharpe": 2.0685,
      "calmar": 4.5413,
      "total_trades": 231,
      "profit_factor": 1.8746,
      "fitness": 46.6563,
      "dna": {
        "min_score": 1,
        "rsi_buy_threshold": 10.0,
        "rsi_sell_threshold": 95.0,
        "r2_min": 0.11063875085437382,
        "slope_min": 0.28145382976943384,
        "volume_ratio_min": 0.5029501991660579,
        "hold_days": 2,
        "stop_loss_pct": 3.382291679049343,
        "take_profit_pct": 23.055839372919586,
        "max_positions": 1,
        "dip_threshold_pct": 5.0473981301383875,
        "r2_trend_min": 0.3971692926435984,
        "w_momentum": 0.0101,
        "w_mean_reversion": 0.0846,
        "w_volume": 0.3537,
        "w_trend": 0.0,
        "w_pattern": 0.0607,
        "w_macd": 0.1445,
        "w_bollinger": 0.068,
        "w_kdj": 0.064,
        "w_obv": 0.0671,
        "w_support": 0.1075,
        "w_volume_profile": 0.0397
      }
    },
    {
      "annual_return": 145.9141,
      "max_drawdown": 29.4329,
      "win_rate": 42.6724,
      "sharpe": 1.8743,
      "calmar": 4.9575,
      "total_trades": 232,
      "profit_factor": 1.6511,
      "fitness": 44.524,
      "dna": {
        "min_score": 1,
        "rsi_buy_threshold": 10.0,
        "rsi_sell_threshold": 95.0,
        "r2_min": 0.1,
        "slope_min": 0.28145382976943384,
        "volume_ratio_min": 0.8150420522114699,
        "hold_days": 2,
        "stop_loss_pct": 2.5275320788641054,
        "take_profit_pct": 25.955069331572428,
        "max_positions": 1,
        "dip_threshold_pct": 6.328339561985066,
        "r2_trend_min": 0.4006895348910547,
        "w_momentum": 0.0089,
        "w_mean_reversion": 0.0984,
        "w_volume": 0.3313,
        "w_trend": 0.0272,
        "w_pattern": 0.1061,
        "w_macd": 0.092,
        "w_bollinger": 0.0611,
        "w_kdj": 0.0661,
        "w_obv": 0.0695,
        "w_support": 0.0947,
        "w_volume_profile": 0.0447
      }
    }
  ]
}