{
  "generation": 359,
  "timestamp": "2026-03-20T15:30:26",
  "results": [
    {
      "annual_return": 130.8468,
      "max_drawdown": 20.8232,
      "win_rate": 56.129,
      "sharpe": 2.3791,
      "calmar": 6.2837,
      "total_trades": 155,
      "profit_factor": 1.7666,
      "fitness": 69.4773,
      "dna": {
        "min_score": 1,
        "rsi_buy_threshold": 21.418587330099772,
        "rsi_sell_threshold": 71.0574871733885,
        "r2_min": 0.1,
        "slope_min": 0.4475601343681302,
        "volume_ratio_min": 1.0492804461673435,
        "hold_days": 3,
        "stop_loss_pct": 3.682752230177507,
        "take_profit_pct": 16.858515716607265,
        "max_positions": 1,
        "dip_threshold_pct": 3.7326421026249754,
        "r2_trend_min": 0.2380720032989534,
        "w_momentum": 0.0092,
        "w_mean_reversion": 0.089,
        "w_volume": 0.0343,
        "w_trend": 0.0076,
        "w_pattern": 0.8598
      }
    },
    {
      "annual_return": 89.8789,
      "max_drawdown": 23.0721,
      "win_rate": 53.5484,
      "sharpe": 1.8774,
      "calmar": 3.8956,
      "total_trades": 155,
      "profit_factor": 1.7435,
      "fitness": 39.21,
      "dna": {
        "min_score": 1,
        "rsi_buy_threshold": 24.69261988579562,
        "rsi_sell_threshold": 71.0574871733885,
        "r2_min": 0.1,
        "slope_min": 0.43821732128441404,
        "volume_ratio_min": 0.8828339420381087,
        "hold_days": 3,
        "stop_loss_pct": 3.7732359546221943,
        "take_profit_pct": 14.818264518934933,
        "max_positions": 1,
        "dip_threshold_pct": 3.5716978583585277,
        "r2_trend_min": 0.2035003120152817,
        "w_momentum": 0.0097,
        "w_mean_reversion": 0.1252,
        "w_volume": 0.0304,
        "w_trend": 0.0,
        "w_pattern": 0.8347
      }
    },
    {
      "annual_return": 82.4682,
      "max_drawdown": 17.7903,
      "win_rate": 41.2903,
      "sharpe": 1.4483,
      "calmar": 4.6356,
      "total_trades": 155,
      "profit_factor": 1.5077,
      "fitness": 38.4155,
      "dna": {
        "min_score": 1,
        "rsi_buy_threshold": 27.493429386582505,
        "rsi_sell_threshold": 88.10384511418394,
        "r2_min": 0.119076232762694,
        "slope_min": 0.5214250788092966,
        "volume_ratio_min": 1.0996662673744118,
        "hold_days": 3,
        "stop_loss_pct": 3.2084447459747376,
        "take_profit_pct": 14.818264518934933,
        "max_positions": 1,
        "dip_threshold_pct": 3.7326421026249754,
        "r2_trend_min": 0.22853196282710234,
        "w_momentum": 0.0,
        "w_mean_reversion": 0.0123,
        "w_volume": 0.0313,
        "w_trend": 0.0075,
        "w_pattern": 0.9489
      }
    },
    {
      "annual_return": 70.7852,
      "max_drawdown": 21.4628,
      "win_rate": 49.6774,
      "sharpe": 1.5449,
      "calmar": 3.298,
      "total_trades": 155,
      "profit_factor": 1.5391,
      "fitness": 30.4278,
      "dna": {
        "min_score": 1,
        "rsi_buy_threshold": 21.418587330099772,
        "rsi_sell_threshold": 71.0574871733885,
        "r2_min": 0.1,
        "slope_min": 0.4475601343681302,
        "volume_ratio_min": 1.0492804461673435,
        "hold_days": 3,
        "stop_loss_pct": 4.543685593955381,
        "take_profit_pct": 16.858515716607265,
        "max_positions": 1,
        "dip_threshold_pct": 3.7326421026249754,
        "r2_trend_min": 0.2380720032989534,
        "w_momentum": 0.0,
        "w_mean_reversion": 0.0967,
        "w_volume": 0.0473,
        "w_trend": 0.0083,
        "w_pattern": 0.8477
      }
    },
    {
      "annual_return": 89.04,
      "max_drawdown": 29.7934,
      "win_rate": 50.3226,
      "sharpe": 1.6319,
      "calmar": 2.9886,
      "total_trades": 155,
      "profit_factor": 1.6418,
      "fitness": 28.1198,
      "dna": {
        "min_score": 1,
        "rsi_buy_threshold": 21.418587330099772,
        "rsi_sell_threshold": 71.0574871733885,
        "r2_min": 0.1,
        "slope_min": 0.3282158252596169,
        "volume_ratio_min": 1.0492804461673435,
        "hold_days": 3,
        "stop_loss_pct": 4.543685593955381,
        "take_profit_pct": 16.858515716607265,
        "max_positions": 1,
        "dip_threshold_pct": 3.7326421026249754,
        "r2_trend_min": 0.2878030072651217,
        "w_momentum": 0.0,
        "w_mean_reversion": 0.1166,
        "w_volume": 0.0463,
        "w_trend": 0.0081,
        "w_pattern": 0.829
      }
    }
  ]
}