{
  "generation": 559,
  "timestamp": "2026-03-20T17:06:21",
  "results": [
    {
      "annual_return": 103.2073,
      "max_drawdown": 18.4777,
      "win_rate": 42.2414,
      "sharpe": 2.1058,
      "calmar": 5.5855,
      "total_trades": 232,
      "profit_factor": 1.7271,
      "fitness": 51.5909,
      "dna": {
        "min_score": 1,
        "rsi_buy_threshold": 50.0,
        "rsi_sell_threshold": 90.26206607427245,
        "r2_min": 0.9370861104589614,
        "slope_min": 0.40573007518372306,
        "volume_ratio_min": 1.9932221205873153,
        "hold_days": 2,
        "stop_loss_pct": 2.0089356547644197,
        "take_profit_pct": 7.48671602466389,
        "max_positions": 1,
        "dip_threshold_pct": 4.701393817620768,
        "r2_trend_min": 0.2724481851703185,
        "w_momentum": 0.0063,
        "w_mean_reversion": 0.6992,
        "w_volume": 0.244,
        "w_trend": 0.0,
        "w_pattern": 0.0505
      }
    },
    {
      "annual_return": 66.4556,
      "max_drawdown": 11.1029,
      "win_rate": 28.4483,
      "sharpe": 1.716,
      "calmar": 5.9854,
      "total_trades": 232,
      "profit_factor": 1.5291,
      "fitness": 42.8811,
      "dna": {
        "min_score": 1,
        "rsi_buy_threshold": 50.0,
        "rsi_sell_threshold": 55.0,
        "r2_min": 0.95,
        "slope_min": 0.174645230521861,
        "volume_ratio_min": 5.0,
        "hold_days": 2,
        "stop_loss_pct": 1.0209933960781257,
        "take_profit_pct": 9.997212626842884,
        "max_positions": 1,
        "dip_threshold_pct": 3.0,
        "r2_trend_min": 0.20102021431637612,
        "w_momentum": 0.0,
        "w_mean_reversion": 0.6481,
        "w_volume": 0.2822,
        "w_trend": 0.0,
        "w_pattern": 0.0697
      }
    },
    {
      "annual_return": 79.473,
      "max_drawdown": 20.5126,
      "win_rate": 47.4138,
      "sharpe": 1.6977,
      "calmar": 3.8744,
      "total_trades": 232,
      "profit_factor": 1.4159,
      "fitness": 35.7361,
      "dna": {
        "min_score": 1,
        "rsi_buy_threshold": 27.631953183882434,
        "rsi_sell_threshold": 95.0,
        "r2_min": 0.95,
        "slope_min": 0.4282145416218215,
        "volume_ratio_min": 1.663015829848195,
        "hold_days": 2,
        "stop_loss_pct": 2.5708022130217407,
        "take_profit_pct": 11.071006517164523,
        "max_positions": 1,
        "dip_threshold_pct": 3.069373523336674,
        "r2_trend_min": 0.24044262473224884,
        "w_momentum": 0.014,
        "w_mean_reversion": 0.7235,
        "w_volume": 0.2177,
        "w_trend": 0.0083,
        "w_pattern": 0.0364
      }
    },
    {
      "annual_return": 85.1943,
      "max_drawdown": 23.5677,
      "win_rate": 42.4242,
      "sharpe": 2.0905,
      "calmar": 3.6149,
      "total_trades": 231,
      "profit_factor": 1.6468,
      "fitness": 33.3893,
      "dna": {
        "min_score": 1,
        "rsi_buy_threshold": 48.28368302369845,
        "rsi_sell_threshold": 63.341069793635626,
        "r2_min": 0.5568604785603846,
        "slope_min": 0.17978820069708865,
        "volume_ratio_min": 3.2353391438138424,
        "hold_days": 2,
        "stop_loss_pct": 1.8626543931596058,
        "take_profit_pct": 5.876919710029659,
        "max_positions": 1,
        "dip_threshold_pct": 3.0,
        "r2_trend_min": 0.2373954575379158,
        "w_momentum": 0.0,
        "w_mean_reversion": 0.4808,
        "w_volume": 0.4789,
        "w_trend": 0.0,
        "w_pattern": 0.0403
      }
    },
    {
      "annual_return": 79.543,
      "max_drawdown": 21.66,
      "win_rate": 39.6552,
      "sharpe": 1.7676,
      "calmar": 3.6724,
      "total_trades": 232,
      "profit_factor": 1.4571,
      "fitness": 31.3011,
      "dna": {
        "min_score": 1,
        "rsi_buy_threshold": 50.0,
        "rsi_sell_threshold": 66.96387846716337,
        "r2_min": 0.891138957201693,
        "slope_min": 0.33411332296580215,
        "volume_ratio_min": 1.559617934437045,
        "hold_days": 2,
        "stop_loss_pct": 1.7774692444868803,
        "take_profit_pct": 10.94241252082184,
        "max_positions": 1,
        "dip_threshold_pct": 3.069373523336674,
        "r2_trend_min": 0.2,
        "w_momentum": 0.0108,
        "w_mean_reversion": 0.6242,
        "w_volume": 0.311,
        "w_trend": 0.0,
        "w_pattern": 0.0539
      }
    }
  ]
}