{
  "generation": 379,
  "timestamp": "2026-03-20T15:44:36",
  "results": [
    {
      "annual_return": 163.7092,
      "max_drawdown": 17.9897,
      "win_rate": 53.8793,
      "sharpe": 2.2812,
      "calmar": 9.1002,
      "total_trades": 232,
      "profit_factor": 1.5975,
      "fitness": 97.2739,
      "dna": {
        "min_score": 1,
        "rsi_buy_threshold": 16.532989651588007,
        "rsi_sell_threshold": 95.0,
        "r2_min": 0.1950041402892743,
        "slope_min": 0.1419422132199201,
        "volume_ratio_min": 1.244549200730532,
        "hold_days": 2,
        "stop_loss_pct": 5.530163446470478,
        "take_profit_pct": 16.64879018536184,
        "max_positions": 1,
        "dip_threshold_pct": 6.575132097619628,
        "r2_trend_min": 0.2,
        "w_momentum": 0.0,
        "w_mean_reversion": 0.2248,
        "w_volume": 0.0616,
        "w_trend": 0.0197,
        "w_pattern": 0.6939
      }
    },
    {
      "annual_return": 233.4119,
      "max_drawdown": 28.277,
      "win_rate": 56.0345,
      "sharpe": 2.7802,
      "calmar": 8.2545,
      "total_trades": 232,
      "profit_factor": 2.0187,
      "fitness": 96.1482,
      "dna": {
        "min_score": 1,
        "rsi_buy_threshold": 16.049227884334062,
        "rsi_sell_threshold": 95.0,
        "r2_min": 0.19028983826962012,
        "slope_min": 0.13766585049825125,
        "volume_ratio_min": 1.0790436496464983,
        "hold_days": 2,
        "stop_loss_pct": 5.261359961348937,
        "take_profit_pct": 12.852463528863272,
        "max_positions": 1,
        "dip_threshold_pct": 3.5502086075764225,
        "r2_trend_min": 0.2,
        "w_momentum": 0.0,
        "w_mean_reversion": 0.2052,
        "w_volume": 0.077,
        "w_trend": 0.0205,
        "w_pattern": 0.6973
      }
    },
    {
      "annual_return": 166.0884,
      "max_drawdown": 24.9733,
      "win_rate": 52.381,
      "sharpe": 2.3671,
      "calmar": 6.6506,
      "total_trades": 231,
      "profit_factor": 1.7023,
      "fitness": 70.9211,
      "dna": {
        "min_score": 1,
        "rsi_buy_threshold": 16.049227884334062,
        "rsi_sell_threshold": 67.27514381760957,
        "r2_min": 0.17663832940656005,
        "slope_min": 0.16339539765534083,
        "volume_ratio_min": 1.0790436496464983,
        "hold_days": 2,
        "stop_loss_pct": 6.8014903683810095,
        "take_profit_pct": 12.852463528863272,
        "max_positions": 1,
        "dip_threshold_pct": 3.5502086075764225,
        "r2_trend_min": 0.2,
        "w_momentum": 0.0,
        "w_mean_reversion": 0.2065,
        "w_volume": 0.0864,
        "w_trend": 0.0174,
        "w_pattern": 0.6898
      }
    },
    {
      "annual_return": 146.9748,
      "max_drawdown": 23.1508,
      "win_rate": 49.569,
      "sharpe": 2.0666,
      "calmar": 6.3486,
      "total_trades": 232,
      "profit_factor": 1.644,
      "fitness": 63.1717,
      "dna": {
        "min_score": 1,
        "rsi_buy_threshold": 16.049227884334062,
        "rsi_sell_threshold": 95.0,
        "r2_min": 0.22770941777552217,
        "slope_min": 0.12288696249783732,
        "volume_ratio_min": 1.0790436496464983,
        "hold_days": 2,
        "stop_loss_pct": 6.8014903683810095,
        "take_profit_pct": 14.962411131645567,
        "max_positions": 1,
        "dip_threshold_pct": 3.5502086075764225,
        "r2_trend_min": 0.2,
        "w_momentum": 0.0083,
        "w_mean_reversion": 0.1666,
        "w_volume": 0.0828,
        "w_trend": 0.0083,
        "w_pattern": 0.7339
      }
    },
    {
      "annual_return": 127.2923,
      "max_drawdown": 27.6737,
      "win_rate": 50.0,
      "sharpe": 1.9139,
      "calmar": 4.5998,
      "total_trades": 232,
      "profit_factor": 1.5316,
      "fitness": 44.9749,
      "dna": {
        "min_score": 1,
        "rsi_buy_threshold": 16.049227884334062,
        "rsi_sell_threshold": 95.0,
        "r2_min": 0.22770941777552217,
        "slope_min": 0.13766585049825125,
        "volume_ratio_min": 1.0790436496464983,
        "hold_days": 2,
        "stop_loss_pct": 6.8014903683810095,
        "take_profit_pct": 12.852463528863272,
        "max_positions": 1,
        "dip_threshold_pct": 3.9747557852125714,
        "r2_trend_min": 0.2,
        "w_momentum": 0.0,
        "w_mean_reversion": 0.2621,
        "w_volume": 0.0825,
        "w_trend": 0.0213,
        "w_pattern": 0.6341
      }
    }
  ]
}