{
  "generation": 39,
  "timestamp": "2026-03-20T12:49:06",
  "results": [
    {
      "annual_return": 249.3964,
      "max_drawdown": 31.7516,
      "win_rate": 49.7845,
      "sharpe": 2.3325,
      "calmar": 7.8546,
      "total_trades": 464,
      "profit_factor": 1.4798,
      "fitness": 81.274,
      "dna": {
        "min_score": 3,
        "rsi_buy_threshold": 33.43603651488176,
        "rsi_sell_threshold": 95.0,
        "r2_min": 0.7635535507675606,
        "slope_min": 0.7511224620826817,
        "volume_ratio_min": 1.321655070302693,
        "hold_days": 1,
        "stop_loss_pct": 3.8132949158459866,
        "take_profit_pct": 11.472345437536948,
        "max_positions": 1,
        "dip_threshold_pct": 5.887580785785369,
        "r2_trend_min": 0.3810124081262048,
        "w_momentum": 0.0852,
        "w_mean_reversion": 0.2545,
        "w_volume": 0.1698,
        "w_trend": 0.2593,
        "w_pattern": 0.2311
      }
    },
    {
      "annual_return": 216.4067,
      "max_drawdown": 36.7922,
      "win_rate": 48.3871,
      "sharpe": 2.1956,
      "calmar": 5.8819,
      "total_trades": 465,
      "profit_factor": 1.4368,
      "fitness": 58.8812,
      "dna": {
        "min_score": 3,
        "rsi_buy_threshold": 29.594390120276273,
        "rsi_sell_threshold": 84.78945204598865,
        "r2_min": 0.7593160672901653,
        "slope_min": 0.7249108327104525,
        "volume_ratio_min": 1.5873261788281567,
        "hold_days": 1,
        "stop_loss_pct": 3.651446126382291,
        "take_profit_pct": 18.017313520002713,
        "max_positions": 1,
        "dip_threshold_pct": 7.226949068028569,
        "r2_trend_min": 0.48207318004324895,
        "w_momentum": 0.0749,
        "w_mean_reversion": 0.2806,
        "w_volume": 0.1265,
        "w_trend": 0.3045,
        "w_pattern": 0.2135
      }
    },
    {
      "annual_return": 193.1649,
      "max_drawdown": 34.6167,
      "win_rate": 45.3763,
      "sharpe": 1.866,
      "calmar": 5.5801,
      "total_trades": 465,
      "profit_factor": 1.3513,
      "fitness": 51.6171,
      "dna": {
        "min_score": 3,
        "rsi_buy_threshold": 27.089504401681687,
        "rsi_sell_threshold": 95.0,
        "r2_min": 0.9162241625360712,
        "slope_min": 0.7511224620826817,
        "volume_ratio_min": 1.3099871899358164,
        "hold_days": 1,
        "stop_loss_pct": 5.495931144536751,
        "take_profit_pct": 15.790220737391236,
        "max_positions": 1,
        "dip_threshold_pct": 5.887580785785369,
        "r2_trend_min": 0.34096304657475046,
        "w_momentum": 0.086,
        "w_mean_reversion": 0.2568,
        "w_volume": 0.1678,
        "w_trend": 0.2562,
        "w_pattern": 0.2332
      }
    },
    {
      "annual_return": 169.5821,
      "max_drawdown": 34.6689,
      "win_rate": 47.3118,
      "sharpe": 2.0588,
      "calmar": 4.8915,
      "total_trades": 465,
      "profit_factor": 1.3077,
      "fitness": 47.4994,
      "dna": {
        "min_score": 4,
        "rsi_buy_threshold": 19.20149950753373,
        "rsi_sell_threshold": 68.3355263322484,
        "r2_min": 0.7090601956406745,
        "slope_min": 0.7249108327104525,
        "volume_ratio_min": 1.3099871899358164,
        "hold_days": 1,
        "stop_loss_pct": 3.2395450427886945,
        "take_profit_pct": 10.541143325145828,
        "max_positions": 1,
        "dip_threshold_pct": 9.268022626397382,
        "r2_trend_min": 0.34096304657475046,
        "w_momentum": 0.0624,
        "w_mean_reversion": 0.2352,
        "w_volume": 0.1072,
        "w_trend": 0.293,
        "w_pattern": 0.3022
      }
    },
    {
      "annual_return": 95.0778,
      "max_drawdown": 34.047,
      "win_rate": 47.3118,
      "sharpe": 1.5204,
      "calmar": 2.7925,
      "total_trades": 465,
      "profit_factor": 1.2336,
      "fitness": 25.0491,
      "dna": {
        "min_score": 3,
        "rsi_buy_threshold": 30.27278747071324,
        "rsi_sell_threshold": 68.3355263322484,
        "r2_min": 0.95,
        "slope_min": 0.8550727656754882,
        "volume_ratio_min": 1.5873261788281567,
        "hold_days": 1,
        "stop_loss_pct": 3.651446126382291,
        "take_profit_pct": 8.297925647753278,
        "max_positions": 1,
        "dip_threshold_pct": 9.268022626397382,
        "r2_trend_min": 0.3810124081262048,
        "w_momentum": 0.0731,
        "w_mean_reversion": 0.2761,
        "w_volume": 0.1165,
        "w_trend": 0.2447,
        "w_pattern": 0.2897
      }
    }
  ]
}