{
  "generation": 1439,
  "timestamp": "2026-03-21T04:01:42",
  "results": [
    {
      "annual_return": 298.8087,
      "max_drawdown": 23.396,
      "win_rate": 58.2609,
      "sharpe": 2.5768,
      "calmar": 12.7718,
      "total_trades": 115,
      "profit_factor": 3.6774,
      "fitness": 147.7255,
      "dna": {
        "min_score": 1,
        "rsi_buy_threshold": 12.36611114115346,
        "rsi_sell_threshold": 89.45984520954737,
        "r2_min": 0.16763481315330275,
        "slope_min": 0.26098576500387227,
        "volume_ratio_min": 0.6266783624734078,
        "hold_days": 4,
        "stop_loss_pct": 8.724853728321008,
        "take_profit_pct": 27.244049800211595,
        "max_positions": 1,
        "dip_threshold_pct": 3.0,
        "r2_trend_min": 0.20515136788916702,
        "w_momentum": 0.009,
        "w_mean_reversion": 0.019,
        "w_volume": 0.42,
        "w_trend": 0.0099,
        "w_pattern": 0.031,
        "w_macd": 0.006,
        "w_bollinger": 0.1233,
        "w_kdj": 0.0274,
        "w_obv": 0.2055,
        "w_support": 0.1489,
        "w_volume_profile": 0.0
      }
    },
    {
      "annual_return": 250.0023,
      "max_drawdown": 22.0274,
      "win_rate": 52.5862,
      "sharpe": 2.393,
      "calmar": 11.3496,
      "total_trades": 116,
      "profit_factor": 2.7362,
      "fitness": 121.693,
      "dna": {
        "min_score": 1,
        "rsi_buy_threshold": 12.36611114115346,
        "rsi_sell_threshold": 89.45984520954737,
        "r2_min": 0.16763481315330275,
        "slope_min": 0.26098576500387227,
        "volume_ratio_min": 0.6266783624734078,
        "hold_days": 4,
        "stop_loss_pct": 10.0,
        "take_profit_pct": 24.530792365337852,
        "max_positions": 1,
        "dip_threshold_pct": 4.375256702119036,
        "r2_trend_min": 0.28340630486433216,
        "w_momentum": 0.0096,
        "w_mean_reversion": 0.0168,
        "w_volume": 0.4467,
        "w_trend": 0.0094,
        "w_pattern": 0.0293,
        "w_macd": 0.0154,
        "w_bollinger": 0.1038,
        "w_kdj": 0.0256,
        "w_obv": 0.1943,
        "w_support": 0.1394,
        "w_volume_profile": 0.0098
      }
    },
    {
      "annual_return": 236.0662,
      "max_drawdown": 25.0386,
      "win_rate": 61.7391,
      "sharpe": 2.4845,
      "calmar": 9.4281,
      "total_trades": 115,
      "profit_factor": 2.5606,
      "fitness": 110.8903,
      "dna": {
        "min_score": 1,
        "rsi_buy_threshold": 15.50429303930093,
        "rsi_sell_threshold": 89.45984520954737,
        "r2_min": 0.17327905389586265,
        "slope_min": 0.26098576500387227,
        "volume_ratio_min": 0.5,
        "hold_days": 4,
        "stop_loss_pct": 8.898474872693487,
        "take_profit_pct": 24.530792365337852,
        "max_positions": 1,
        "dip_threshold_pct": 4.098717795106092,
        "r2_trend_min": 0.22674647190566444,
        "w_momentum": 0.0,
        "w_mean_reversion": 0.0303,
        "w_volume": 0.4357,
        "w_trend": 0.0116,
        "w_pattern": 0.0541,
        "w_macd": 0.0,
        "w_bollinger": 0.1263,
        "w_kdj": 0.0264,
        "w_obv": 0.208,
        "w_support": 0.1076,
        "w_volume_profile": 0.0
      }
    },
    {
      "annual_return": 190.8519,
      "max_drawdown": 19.9124,
      "win_rate": 53.913,
      "sharpe": 2.3474,
      "calmar": 9.5846,
      "total_trades": 115,
      "profit_factor": 2.1354,
      "fitness": 103.4148,
      "dna": {
        "min_score": 1,
        "rsi_buy_threshold": 10.048209531274729,
        "rsi_sell_threshold": 89.45984520954737,
        "r2_min": 0.16763481315330275,
        "slope_min": 0.26098576500387227,
        "volume_ratio_min": 0.6266783624734078,
        "hold_days": 4,
        "stop_loss_pct": 10.0,
        "take_profit_pct": 19.648926654837986,
        "max_positions": 1,
        "dip_threshold_pct": 4.897892121202518,
        "r2_trend_min": 0.28340630486433216,
        "w_momentum": 0.0091,
        "w_mean_reversion": 0.0065,
        "w_volume": 0.4254,
        "w_trend": 0.009,
        "w_pattern": 0.0279,
        "w_macd": 0.0147,
        "w_bollinger": 0.1223,
        "w_kdj": 0.0244,
        "w_obv": 0.2188,
        "w_support": 0.1327,
        "w_volume_profile": 0.0093
      }
    },
    {
      "annual_return": 219.0051,
      "max_drawdown": 24.3178,
      "win_rate": 46.087,
      "sharpe": 2.0036,
      "calmar": 9.006,
      "total_trades": 115,
      "profit_factor": 1.7705,
      "fitness": 85.6385,
      "dna": {
        "min_score": 1,
        "rsi_buy_threshold": 12.36611114115346,
        "rsi_sell_threshold": 55.63577979575351,
        "r2_min": 0.16763481315330275,
        "slope_min": 0.26098576500387227,
        "volume_ratio_min": 0.7156800584680093,
        "hold_days": 4,
        "stop_loss_pct": 6.472377779307375,
        "take_profit_pct": 24.530792365337852,
        "max_positions": 1,
        "dip_threshold_pct": 3.236317243732467,
        "r2_trend_min": 0.20198115218998985,
        "w_momentum": 0.0,
        "w_mean_reversion": 0.0076,
        "w_volume": 0.4926,
        "w_trend": 0.0,
        "w_pattern": 0.0427,
        "w_macd": 0.0,
        "w_bollinger": 0.0984,
        "w_kdj": 0.0285,
        "w_obv": 0.2142,
        "w_support": 0.1159,
        "w_volume_profile": 0.0
      }
    }
  ]
}