{
  "generation": 1089,
  "timestamp": "2026-03-20T21:34:06",
  "results": [
    {
      "annual_return": 148.4319,
      "max_drawdown": 19.8177,
      "win_rate": 51.0823,
      "sharpe": 2.1901,
      "calmar": 7.4899,
      "total_trades": 231,
      "profit_factor": 1.5782,
      "fitness": 76.9793,
      "dna": {
        "min_score": 1,
        "rsi_buy_threshold": 14.022932461853982,
        "rsi_sell_threshold": 64.27495002999225,
        "r2_min": 0.10557509648589383,
        "slope_min": 0.23518843142376786,
        "volume_ratio_min": 1.0599073298553805,
        "hold_days": 2,
        "stop_loss_pct": 10.0,
        "take_profit_pct": 10.704919105925276,
        "max_positions": 1,
        "dip_threshold_pct": 10.281825174783325,
        "r2_trend_min": 0.569786489881535,
        "w_momentum": 0.0212,
        "w_mean_reversion": 0.3684,
        "w_volume": 0.5622,
        "w_trend": 0.0412,
        "w_pattern": 0.007
      }
    },
    {
      "annual_return": 188.9347,
      "max_drawdown": 32.6259,
      "win_rate": 55.4585,
      "sharpe": 2.2956,
      "calmar": 5.7909,
      "total_trades": 229,
      "profit_factor": 1.867,
      "fitness": 62.9249,
      "dna": {
        "min_score": 1,
        "rsi_buy_threshold": 17.430904163069677,
        "rsi_sell_threshold": 61.690865393162994,
        "r2_min": 0.15832151779970843,
        "slope_min": 0.186448300805944,
        "volume_ratio_min": 1.0599073298553805,
        "hold_days": 2,
        "stop_loss_pct": 10.0,
        "take_profit_pct": 15.051482478408373,
        "max_positions": 1,
        "dip_threshold_pct": 8.714690045380863,
        "r2_trend_min": 0.6956034002878619,
        "w_momentum": 0.0332,
        "w_mean_reversion": 0.3151,
        "w_volume": 0.6022,
        "w_trend": 0.0318,
        "w_pattern": 0.0177
      }
    },
    {
      "annual_return": 127.187,
      "max_drawdown": 21.9759,
      "win_rate": 52.5862,
      "sharpe": 1.8212,
      "calmar": 5.7876,
      "total_trades": 232,
      "profit_factor": 1.7435,
      "fitness": 57.2559,
      "dna": {
        "min_score": 1,
        "rsi_buy_threshold": 14.022932461853982,
        "rsi_sell_threshold": 78.54372821852333,
        "r2_min": 0.15832151779970843,
        "slope_min": 0.23518843142376786,
        "volume_ratio_min": 1.0599073298553805,
        "hold_days": 2,
        "stop_loss_pct": 10.0,
        "take_profit_pct": 15.051482478408373,
        "max_positions": 1,
        "dip_threshold_pct": 10.281825174783325,
        "r2_trend_min": 0.6956034002878619,
        "w_momentum": 0.0236,
        "w_mean_reversion": 0.4116,
        "w_volume": 0.521,
        "w_trend": 0.0361,
        "w_pattern": 0.0078
      }
    },
    {
      "annual_return": 107.232,
      "max_drawdown": 21.1653,
      "win_rate": 50.431,
      "sharpe": 1.696,
      "calmar": 5.0664,
      "total_trades": 232,
      "profit_factor": 1.447,
      "fitness": 48.1832,
      "dna": {
        "min_score": 1,
        "rsi_buy_threshold": 16.82404843990238,
        "rsi_sell_threshold": 78.54372821852333,
        "r2_min": 0.11154397217496666,
        "slope_min": 0.2773977367510992,
        "volume_ratio_min": 1.0599073298553805,
        "hold_days": 2,
        "stop_loss_pct": 10.0,
        "take_profit_pct": 15.051482478408373,
        "max_positions": 1,
        "dip_threshold_pct": 7.101850753769609,
        "r2_trend_min": 0.6128336914330578,
        "w_momentum": 0.0174,
        "w_mean_reversion": 0.4773,
        "w_volume": 0.4329,
        "w_trend": 0.0519,
        "w_pattern": 0.0206
      }
    },
    {
      "annual_return": 84.8246,
      "max_drawdown": 20.9543,
      "win_rate": 53.8793,
      "sharpe": 1.712,
      "calmar": 4.0481,
      "total_trades": 232,
      "profit_factor": 1.4613,
      "fitness": 39.8879,
      "dna": {
        "min_score": 1,
        "rsi_buy_threshold": 15.23290617939034,
        "rsi_sell_threshold": 61.690865393162994,
        "r2_min": 0.1282165372689664,
        "slope_min": 0.1136172697849591,
        "volume_ratio_min": 0.6318415943197981,
        "hold_days": 2,
        "stop_loss_pct": 10.0,
        "take_profit_pct": 12.012158784520622,
        "max_positions": 1,
        "dip_threshold_pct": 8.714690045380863,
        "r2_trend_min": 0.6956034002878619,
        "w_momentum": 0.0148,
        "w_mean_reversion": 0.2445,
        "w_volume": 0.6845,
        "w_trend": 0.0362,
        "w_pattern": 0.0201
      }
    }
  ]
}