{
  "generation": 489,
  "timestamp": "2026-03-20T16:36:33",
  "results": [
    {
      "annual_return": 160.5172,
      "max_drawdown": 21.715,
      "win_rate": 55.6522,
      "sharpe": 2.6058,
      "calmar": 7.392,
      "total_trades": 230,
      "profit_factor": 1.9722,
      "fitness": 83.8838,
      "dna": {
        "min_score": 1,
        "rsi_buy_threshold": 20.633590424495694,
        "rsi_sell_threshold": 78.74078494870103,
        "r2_min": 0.1,
        "slope_min": 0.1908705657557689,
        "volume_ratio_min": 0.7784929442790128,
        "hold_days": 2,
        "stop_loss_pct": 7.467756369817895,
        "take_profit_pct": 27.415549045702473,
        "max_positions": 1,
        "dip_threshold_pct": 3.6013615312487284,
        "r2_trend_min": 0.34805666841786675,
        "w_momentum": 0.0,
        "w_mean_reversion": 0.0124,
        "w_volume": 0.0447,
        "w_trend": 0.0,
        "w_pattern": 0.9429
      }
    },
    {
      "annual_return": 101.3861,
      "max_drawdown": 26.0921,
      "win_rate": 50.8621,
      "sharpe": 1.8518,
      "calmar": 3.8857,
      "total_trades": 232,
      "profit_factor": 1.6298,
      "fitness": 37.9751,
      "dna": {
        "min_score": 1,
        "rsi_buy_threshold": 20.633590424495694,
        "rsi_sell_threshold": 60.23315244107769,
        "r2_min": 0.1,
        "slope_min": 0.1908705657557689,
        "volume_ratio_min": 0.6038675705501999,
        "hold_days": 2,
        "stop_loss_pct": 5.325178338657281,
        "take_profit_pct": 23.544917936731775,
        "max_positions": 1,
        "dip_threshold_pct": 3.0,
        "r2_trend_min": 0.34805666841786675,
        "w_momentum": 0.0,
        "w_mean_reversion": 0.0024,
        "w_volume": 0.0452,
        "w_trend": 0.0,
        "w_pattern": 0.9524
      }
    },
    {
      "annual_return": 69.7839,
      "max_drawdown": 35.3784,
      "win_rate": 50.2165,
      "sharpe": 1.3875,
      "calmar": 1.9725,
      "total_trades": 231,
      "profit_factor": 1.3605,
      "fitness": 17.8566,
      "dna": {
        "min_score": 1,
        "rsi_buy_threshold": 20.15480512399839,
        "rsi_sell_threshold": 55.79653002657267,
        "r2_min": 0.11844438266590551,
        "slope_min": 0.3098377052987359,
        "volume_ratio_min": 0.5878448035333064,
        "hold_days": 2,
        "stop_loss_pct": 8.268819428945829,
        "take_profit_pct": 17.522250266224933,
        "max_positions": 1,
        "dip_threshold_pct": 4.145769017087971,
        "r2_trend_min": 0.2778191709585131,
        "w_momentum": 0.0,
        "w_mean_reversion": 0.0182,
        "w_volume": 0.1278,
        "w_trend": 0.0,
        "w_pattern": 0.854
      }
    },
    {
      "annual_return": 85.2624,
      "max_drawdown": 44.1806,
      "win_rate": 50.431,
      "sharpe": 1.3467,
      "calmar": 1.9299,
      "total_trades": 232,
      "profit_factor": 1.266,
      "fitness": 17.3962,
      "dna": {
        "min_score": 1,
        "rsi_buy_threshold": 20.15480512399839,
        "rsi_sell_threshold": 63.107824418512266,
        "r2_min": 0.1,
        "slope_min": 0.40165186330206665,
        "volume_ratio_min": 0.674503592606333,
        "hold_days": 2,
        "stop_loss_pct": 6.782879422221917,
        "take_profit_pct": 9.994763314520538,
        "max_positions": 1,
        "dip_threshold_pct": 5.345384253607255,
        "r2_trend_min": 0.27057817140176676,
        "w_momentum": 0.0098,
        "w_mean_reversion": 0.0135,
        "w_volume": 0.0947,
        "w_trend": 0.0,
        "w_pattern": 0.882
      }
    },
    {
      "annual_return": 72.9462,
      "max_drawdown": 38.7038,
      "win_rate": 48.7069,
      "sharpe": 1.2064,
      "calmar": 1.8847,
      "total_trades": 232,
      "profit_factor": 1.2386,
      "fitness": 16.3272,
      "dna": {
        "min_score": 1,
        "rsi_buy_threshold": 20.633590424495694,
        "rsi_sell_threshold": 78.74078494870103,
        "r2_min": 0.1272747069064626,
        "slope_min": 0.24150366239203774,
        "volume_ratio_min": 0.6091403132854911,
        "hold_days": 2,
        "stop_loss_pct": 7.467756369817895,
        "take_profit_pct": 27.909405977753504,
        "max_positions": 1,
        "dip_threshold_pct": 4.5334349540175385,
        "r2_trend_min": 0.2989314211673906,
        "w_momentum": 0.0,
        "w_mean_reversion": 0.013,
        "w_volume": 0.0464,
        "w_trend": 0.0099,
        "w_pattern": 0.9307
      }
    }
  ]
}