{
  "generation": 899,
  "timestamp": "2026-03-20T20:02:28",
  "results": [
    {
      "annual_return": 157.7877,
      "max_drawdown": 17.2527,
      "win_rate": 36.2069,
      "sharpe": 2.3213,
      "calmar": 9.1457,
      "total_trades": 232,
      "profit_factor": 2.1537,
      "fitness": 80.5803,
      "dna": {
        "min_score": 1,
        "rsi_buy_threshold": 39.93145906108701,
        "rsi_sell_threshold": 95.0,
        "r2_min": 0.2958096999962717,
        "slope_min": 0.19332892227623963,
        "volume_ratio_min": 1.2257525623900605,
        "hold_days": 2,
        "stop_loss_pct": 1.5657153943166087,
        "take_profit_pct": 21.84354751504589,
        "max_positions": 1,
        "dip_threshold_pct": 25.516344297842302,
        "r2_trend_min": 0.2174772659539931,
        "w_momentum": 0.0,
        "w_mean_reversion": 0.4279,
        "w_volume": 0.5186,
        "w_trend": 0.033,
        "w_pattern": 0.0205
      }
    },
    {
      "annual_return": 112.4759,
      "max_drawdown": 15.5008,
      "win_rate": 37.931,
      "sharpe": 2.0367,
      "calmar": 7.2561,
      "total_trades": 232,
      "profit_factor": 1.7668,
      "fitness": 62.8925,
      "dna": {
        "min_score": 1,
        "rsi_buy_threshold": 39.93145906108701,
        "rsi_sell_threshold": 55.0,
        "r2_min": 0.2958096999962717,
        "slope_min": 0.17506461778762059,
        "volume_ratio_min": 1.2257525623900605,
        "hold_days": 2,
        "stop_loss_pct": 1.5657153943166087,
        "take_profit_pct": 21.84354751504589,
        "max_positions": 1,
        "dip_threshold_pct": 15.394444324824494,
        "r2_trend_min": 0.2174772659539931,
        "w_momentum": 0.0,
        "w_mean_reversion": 0.4687,
        "w_volume": 0.4702,
        "w_trend": 0.038,
        "w_pattern": 0.0231
      }
    },
    {
      "annual_return": 90.0321,
      "max_drawdown": 13.8956,
      "win_rate": 34.1991,
      "sharpe": 2.0499,
      "calmar": 6.4792,
      "total_trades": 231,
      "profit_factor": 1.6933,
      "fitness": 53.4245,
      "dna": {
        "min_score": 1,
        "rsi_buy_threshold": 39.93145906108701,
        "rsi_sell_threshold": 65.04995325869702,
        "r2_min": 0.289193360538742,
        "slope_min": 0.21054476866067887,
        "volume_ratio_min": 1.2257525623900605,
        "hold_days": 2,
        "stop_loss_pct": 1.0280780637621105,
        "take_profit_pct": 24.477611236229748,
        "max_positions": 1,
        "dip_threshold_pct": 15.394444324824494,
        "r2_trend_min": 0.20304131697375116,
        "w_momentum": 0.0,
        "w_mean_reversion": 0.4777,
        "w_volume": 0.4789,
        "w_trend": 0.033,
        "w_pattern": 0.0104
      }
    },
    {
      "annual_return": 82.9679,
      "max_drawdown": 10.2714,
      "win_rate": 17.0732,
      "sharpe": 1.4436,
      "calmar": 8.0776,
      "total_trades": 41,
      "profit_factor": 1.538,
      "fitness": 43.0128,
      "dna": {
        "min_score": 1,
        "rsi_buy_threshold": 30.79652243966526,
        "rsi_sell_threshold": 67.13247969880005,
        "r2_min": 0.2627462257965034,
        "slope_min": 0.19332892227623963,
        "volume_ratio_min": 1.089945699807776,
        "hold_days": 2,
        "stop_loss_pct": 1.1970046898189877,
        "take_profit_pct": 19.267286726308395,
        "max_positions": 1,
        "dip_threshold_pct": 25.078418446848026,
        "r2_trend_min": 0.2174772659539931,
        "w_momentum": 0.0,
        "w_mean_reversion": 0.5328,
        "w_volume": 0.3941,
        "w_trend": 0.0427,
        "w_pattern": 0.0303
      }
    },
    {
      "annual_return": 103.2606,
      "max_drawdown": 20.5892,
      "win_rate": 35.7759,
      "sharpe": 1.8185,
      "calmar": 5.0153,
      "total_trades": 232,
      "profit_factor": 1.6223,
      "fitness": 40.9077,
      "dna": {
        "min_score": 1,
        "rsi_buy_threshold": 39.93145906108701,
        "rsi_sell_threshold": 55.0,
        "r2_min": 0.2958096999962717,
        "slope_min": 0.14875290089602203,
        "volume_ratio_min": 1.2257525623900605,
        "hold_days": 2,
        "stop_loss_pct": 1.5657153943166087,
        "take_profit_pct": 21.84354751504589,
        "max_positions": 1,
        "dip_threshold_pct": 15.394444324824494,
        "r2_trend_min": 0.2174772659539931,
        "w_momentum": 0.0,
        "w_mean_reversion": 0.4355,
        "w_volume": 0.5277,
        "w_trend": 0.0253,
        "w_pattern": 0.0115
      }
    }
  ]
}