{
  "generation": 499,
  "timestamp": "2026-03-20T16:41:14",
  "results": [
    {
      "annual_return": 168.1576,
      "max_drawdown": 37.2739,
      "win_rate": 53.913,
      "sharpe": 2.2426,
      "calmar": 4.5114,
      "total_trades": 230,
      "profit_factor": 1.7544,
      "fitness": 47.9825,
      "dna": {
        "min_score": 1,
        "rsi_buy_threshold": 14.553082133395272,
        "rsi_sell_threshold": 55.79653002657267,
        "r2_min": 0.15267889439122734,
        "slope_min": 0.36390386929330504,
        "volume_ratio_min": 0.5878448035333064,
        "hold_days": 2,
        "stop_loss_pct": 8.268819428945829,
        "take_profit_pct": 18.899341394734122,
        "max_positions": 1,
        "dip_threshold_pct": 3.421954232935012,
        "r2_trend_min": 0.20821519497525748,
        "w_momentum": 0.0,
        "w_mean_reversion": 0.0253,
        "w_volume": 0.0586,
        "w_trend": 0.0094,
        "w_pattern": 0.9067
      }
    },
    {
      "annual_return": 105.5122,
      "max_drawdown": 22.6025,
      "win_rate": 49.3506,
      "sharpe": 1.5744,
      "calmar": 4.6682,
      "total_trades": 231,
      "profit_factor": 1.5005,
      "fitness": 43.1197,
      "dna": {
        "min_score": 1,
        "rsi_buy_threshold": 20.633590424495694,
        "rsi_sell_threshold": 55.0,
        "r2_min": 0.17174165327761368,
        "slope_min": 0.5697788540436401,
        "volume_ratio_min": 0.5878448035333064,
        "hold_days": 2,
        "stop_loss_pct": 8.268819428945829,
        "take_profit_pct": 25.227504727468244,
        "max_positions": 1,
        "dip_threshold_pct": 4.2018588645233566,
        "r2_trend_min": 0.4287620985891955,
        "w_momentum": 0.0,
        "w_mean_reversion": 0.017,
        "w_volume": 0.1266,
        "w_trend": 0.0,
        "w_pattern": 0.8564
      }
    },
    {
      "annual_return": 131.0685,
      "max_drawdown": 32.3868,
      "win_rate": 57.3276,
      "sharpe": 1.8488,
      "calmar": 4.047,
      "total_trades": 232,
      "profit_factor": 1.5456,
      "fitness": 41.9716,
      "dna": {
        "min_score": 1,
        "rsi_buy_threshold": 30.009935359119165,
        "rsi_sell_threshold": 56.50993581371423,
        "r2_min": 0.14031714063528214,
        "slope_min": 0.42410047957860425,
        "volume_ratio_min": 0.5878448035333064,
        "hold_days": 2,
        "stop_loss_pct": 8.268819428945829,
        "take_profit_pct": 21.387311793742878,
        "max_positions": 1,
        "dip_threshold_pct": 3.4562249263016076,
        "r2_trend_min": 0.3598164721285096,
        "w_momentum": 0.0,
        "w_mean_reversion": 0.0179,
        "w_volume": 0.1064,
        "w_trend": 0.0,
        "w_pattern": 0.8758
      }
    },
    {
      "annual_return": 124.476,
      "max_drawdown": 30.6224,
      "win_rate": 50.431,
      "sharpe": 1.8635,
      "calmar": 4.0649,
      "total_trades": 232,
      "profit_factor": 1.5803,
      "fitness": 39.6252,
      "dna": {
        "min_score": 1,
        "rsi_buy_threshold": 20.633590424495694,
        "rsi_sell_threshold": 55.79653002657267,
        "r2_min": 0.11012657403294049,
        "slope_min": 0.42410047957860425,
        "volume_ratio_min": 0.5,
        "hold_days": 2,
        "stop_loss_pct": 8.268819428945829,
        "take_profit_pct": 26.38961173283744,
        "max_positions": 1,
        "dip_threshold_pct": 3.0,
        "r2_trend_min": 0.30518426730022186,
        "w_momentum": 0.0,
        "w_mean_reversion": 0.0259,
        "w_volume": 0.133,
        "w_trend": 0.0097,
        "w_pattern": 0.8314
      }
    },
    {
      "annual_return": 96.8718,
      "max_drawdown": 23.7384,
      "win_rate": 51.2931,
      "sharpe": 1.6847,
      "calmar": 4.0808,
      "total_trades": 232,
      "profit_factor": 1.5089,
      "fitness": 39.0741,
      "dna": {
        "min_score": 1,
        "rsi_buy_threshold": 20.633590424495694,
        "rsi_sell_threshold": 55.0,
        "r2_min": 0.17174165327761368,
        "slope_min": 0.4772235828665802,
        "volume_ratio_min": 0.5878448035333064,
        "hold_days": 2,
        "stop_loss_pct": 7.132786654183713,
        "take_profit_pct": 21.387311793742878,
        "max_positions": 1,
        "dip_threshold_pct": 3.421954232935012,
        "r2_trend_min": 0.3761584563428064,
        "w_momentum": 0.0,
        "w_mean_reversion": 0.0149,
        "w_volume": 0.1107,
        "w_trend": 0.0,
        "w_pattern": 0.8744
      }
    }
  ]
}