{
  "generation": 69,
  "timestamp": "2026-03-20T13:02:51",
  "results": [
    {
      "annual_return": 82.5583,
      "max_drawdown": 28.3735,
      "win_rate": 53.8793,
      "sharpe": 1.4209,
      "calmar": 2.9097,
      "total_trades": 232,
      "profit_factor": 1.225,
      "fitness": 27.4276,
      "dna": {
        "min_score": 1,
        "rsi_buy_threshold": 34.21430822983672,
        "rsi_sell_threshold": 64.04770112473778,
        "r2_min": 0.29327573011288804,
        "slope_min": 0.2375703725878522,
        "volume_ratio_min": 1.2541975755333756,
        "hold_days": 2,
        "stop_loss_pct": 7.3925002524556165,
        "take_profit_pct": 5.446766434744415,
        "max_positions": 1,
        "dip_threshold_pct": 12.268491154246828,
        "r2_trend_min": 0.33835714702059283,
        "w_momentum": 0.1163,
        "w_mean_reversion": 0.107,
        "w_volume": 0.1219,
        "w_trend": 0.4948,
        "w_pattern": 0.16
      }
    },
    {
      "annual_return": 66.5248,
      "max_drawdown": 32.8486,
      "win_rate": 48.7069,
      "sharpe": 1.1678,
      "calmar": 2.0252,
      "total_trades": 232,
      "profit_factor": 1.158,
      "fitness": 17.435,
      "dna": {
        "min_score": 1,
        "rsi_buy_threshold": 34.21430822983672,
        "rsi_sell_threshold": 64.04770112473778,
        "r2_min": 0.16247631631523207,
        "slope_min": 0.4368279670723251,
        "volume_ratio_min": 1.2541975755333756,
        "hold_days": 2,
        "stop_loss_pct": 7.3925002524556165,
        "take_profit_pct": 8.817755727957449,
        "max_positions": 1,
        "dip_threshold_pct": 17.447384816738243,
        "r2_trend_min": 0.25172069655559337,
        "w_momentum": 0.1265,
        "w_mean_reversion": 0.1526,
        "w_volume": 0.1339,
        "w_trend": 0.3813,
        "w_pattern": 0.2057
      }
    },
    {
      "annual_return": 73.3461,
      "max_drawdown": 44.1323,
      "win_rate": 54.3103,
      "sharpe": 1.2286,
      "calmar": 1.662,
      "total_trades": 232,
      "profit_factor": 1.1487,
      "fitness": 15.2576,
      "dna": {
        "min_score": 1,
        "rsi_buy_threshold": 34.21430822983672,
        "rsi_sell_threshold": 55.0,
        "r2_min": 0.19342217104303194,
        "slope_min": 0.4368279670723251,
        "volume_ratio_min": 1.2541975755333756,
        "hold_days": 2,
        "stop_loss_pct": 8.309523684263308,
        "take_profit_pct": 6.489899308061469,
        "max_positions": 1,
        "dip_threshold_pct": 17.447384816738243,
        "r2_trend_min": 0.25172069655559337,
        "w_momentum": 0.1265,
        "w_mean_reversion": 0.1526,
        "w_volume": 0.1339,
        "w_trend": 0.3813,
        "w_pattern": 0.2057
      }
    },
    {
      "annual_return": 50.2515,
      "max_drawdown": 29.6508,
      "win_rate": 49.0323,
      "sharpe": 0.9988,
      "calmar": 1.6948,
      "total_trades": 155,
      "profit_factor": 1.2164,
      "fitness": 14.2379,
      "dna": {
        "min_score": 1,
        "rsi_buy_threshold": 37.13375800198844,
        "rsi_sell_threshold": 72.99205827490553,
        "r2_min": 0.3586950066625894,
        "slope_min": 0.29113448798991737,
        "volume_ratio_min": 1.2541975755333756,
        "hold_days": 3,
        "stop_loss_pct": 9.810696740354121,
        "take_profit_pct": 9.871369285702153,
        "max_positions": 1,
        "dip_threshold_pct": 18.60320362764135,
        "r2_trend_min": 0.2,
        "w_momentum": 0.0643,
        "w_mean_reversion": 0.1252,
        "w_volume": 0.125,
        "w_trend": 0.3699,
        "w_pattern": 0.3156
      }
    },
    {
      "annual_return": 62.8511,
      "max_drawdown": 51.2483,
      "win_rate": 50.3226,
      "sharpe": 1.1352,
      "calmar": 1.2264,
      "total_trades": 155,
      "profit_factor": 1.3128,
      "fitness": 10.6751,
      "dna": {
        "min_score": 1,
        "rsi_buy_threshold": 37.13375800198844,
        "rsi_sell_threshold": 72.99205827490553,
        "r2_min": 0.2864391653550969,
        "slope_min": 0.29113448798991737,
        "volume_ratio_min": 1.2541975755333756,
        "hold_days": 3,
        "stop_loss_pct": 8.266340464397322,
        "take_profit_pct": 9.871369285702153,
        "max_positions": 1,
        "dip_threshold_pct": 23.331053290248757,
        "r2_trend_min": 0.2,
        "w_momentum": 0.0603,
        "w_mean_reversion": 0.1173,
        "w_volume": 0.1172,
        "w_trend": 0.4677,
        "w_pattern": 0.2375
      }
    }
  ]
}