{
  "generation": 169,
  "timestamp": "2026-03-20T14:15:00",
  "results": [
    {
      "annual_return": 167.7587,
      "max_drawdown": 34.7093,
      "win_rate": 54.1126,
      "sharpe": 1.8066,
      "calmar": 4.8333,
      "total_trades": 231,
      "profit_factor": 1.4219,
      "fitness": 48.4006,
      "dna": {
        "min_score": 1,
        "rsi_buy_threshold": 36.40882400315631,
        "rsi_sell_threshold": 84.96606620611227,
        "r2_min": 0.12867327914805293,
        "slope_min": 0.15441739907928786,
        "volume_ratio_min": 1.5073978729946722,
        "hold_days": 2,
        "stop_loss_pct": 7.337993732031866,
        "take_profit_pct": 28.359249578026855,
        "max_positions": 1,
        "dip_threshold_pct": 21.261493497446608,
        "r2_trend_min": 0.27799183895363067,
        "w_momentum": 0.064,
        "w_mean_reversion": 0.1774,
        "w_volume": 0.1936,
        "w_trend": 0.0398,
        "w_pattern": 0.5252
      }
    },
    {
      "annual_return": 95.9428,
      "max_drawdown": 33.0854,
      "win_rate": 50.8621,
      "sharpe": 1.4264,
      "calmar": 2.8999,
      "total_trades": 232,
      "profit_factor": 1.2853,
      "fitness": 26.5809,
      "dna": {
        "min_score": 1,
        "rsi_buy_threshold": 39.6337231249905,
        "rsi_sell_threshold": 95.0,
        "r2_min": 0.19696570711203043,
        "slope_min": 0.18511509721597225,
        "volume_ratio_min": 1.2758681219268477,
        "hold_days": 2,
        "stop_loss_pct": 10.0,
        "take_profit_pct": 28.359249578026855,
        "max_positions": 1,
        "dip_threshold_pct": 22.113301615674413,
        "r2_trend_min": 0.34735340365452017,
        "w_momentum": 0.0694,
        "w_mean_reversion": 0.243,
        "w_volume": 0.1204,
        "w_trend": 0.0169,
        "w_pattern": 0.5503
      }
    },
    {
      "annual_return": 92.5116,
      "max_drawdown": 31.9245,
      "win_rate": 51.3043,
      "sharpe": 1.3748,
      "calmar": 2.8978,
      "total_trades": 230,
      "profit_factor": 1.4965,
      "fitness": 26.4632,
      "dna": {
        "min_score": 1,
        "rsi_buy_threshold": 34.73103737036685,
        "rsi_sell_threshold": 95.0,
        "r2_min": 0.17635494427079762,
        "slope_min": 0.18723695871964802,
        "volume_ratio_min": 1.290053654363042,
        "hold_days": 2,
        "stop_loss_pct": 7.337993732031866,
        "take_profit_pct": 28.359249578026855,
        "max_positions": 1,
        "dip_threshold_pct": 30.0,
        "r2_trend_min": 0.27799183895363067,
        "w_momentum": 0.0476,
        "w_mean_reversion": 0.2268,
        "w_volume": 0.1381,
        "w_trend": 0.0321,
        "w_pattern": 0.5554
      }
    },
    {
      "annual_return": 71.4468,
      "max_drawdown": 26.6452,
      "win_rate": 52.1552,
      "sharpe": 1.2099,
      "calmar": 2.6814,
      "total_trades": 232,
      "profit_factor": 1.2234,
      "fitness": 24.0508,
      "dna": {
        "min_score": 1,
        "rsi_buy_threshold": 33.84359391586585,
        "rsi_sell_threshold": 79.18892832241134,
        "r2_min": 0.19696570711203043,
        "slope_min": 0.10382680370195026,
        "volume_ratio_min": 1.1496078522201305,
        "hold_days": 2,
        "stop_loss_pct": 10.0,
        "take_profit_pct": 20.959594291824192,
        "max_positions": 1,
        "dip_threshold_pct": 30.0,
        "r2_trend_min": 0.3365747615211146,
        "w_momentum": 0.0341,
        "w_mean_reversion": 0.178,
        "w_volume": 0.0868,
        "w_trend": 0.0154,
        "w_pattern": 0.6857
      }
    },
    {
      "annual_return": 74.3972,
      "max_drawdown": 33.9233,
      "win_rate": 49.1379,
      "sharpe": 1.1943,
      "calmar": 2.1931,
      "total_trades": 232,
      "profit_factor": 1.1961,
      "fitness": 19.0453,
      "dna": {
        "min_score": 1,
        "rsi_buy_threshold": 39.6337231249905,
        "rsi_sell_threshold": 95.0,
        "r2_min": 0.19696570711203043,
        "slope_min": 0.18511509721597225,
        "volume_ratio_min": 1.1496078522201305,
        "hold_days": 2,
        "stop_loss_pct": 10.0,
        "take_profit_pct": 20.959594291824192,
        "max_positions": 1,
        "dip_threshold_pct": 30.0,
        "r2_trend_min": 0.22492379898631504,
        "w_momentum": 0.0309,
        "w_mean_reversion": 0.1757,
        "w_volume": 0.0972,
        "w_trend": 0.0173,
        "w_pattern": 0.6789
      }
    }
  ]
}