{
  "generation": 189,
  "timestamp": "2026-03-20T14:21:57",
  "results": [
    {
      "annual_return": 202.7673,
      "max_drawdown": 33.1699,
      "win_rate": 50.5155,
      "sharpe": 2.0007,
      "calmar": 6.113,
      "total_trades": 97,
      "profit_factor": 1.5274,
      "fitness": 60.833,
      "dna": {
        "min_score": 1,
        "rsi_buy_threshold": 26.39184579836255,
        "rsi_sell_threshold": 60.81223369098652,
        "r2_min": 0.28412421004637056,
        "slope_min": 0.1909537662417542,
        "volume_ratio_min": 1.8791997881508467,
        "hold_days": 2,
        "stop_loss_pct": 10.0,
        "take_profit_pct": 12.431366538087241,
        "max_positions": 1,
        "dip_threshold_pct": 25.924869095418007,
        "r2_trend_min": 0.23755663933250537,
        "w_momentum": 0.0178,
        "w_mean_reversion": 0.0751,
        "w_volume": 0.0524,
        "w_trend": 0.0,
        "w_pattern": 0.8547
      }
    },
    {
      "annual_return": 137.0846,
      "max_drawdown": 24.885,
      "win_rate": 49.569,
      "sharpe": 1.7864,
      "calmar": 5.5087,
      "total_trades": 232,
      "profit_factor": 1.3243,
      "fitness": 52.6413,
      "dna": {
        "min_score": 1,
        "rsi_buy_threshold": 48.49988671151116,
        "rsi_sell_threshold": 94.50526842704745,
        "r2_min": 0.20745237545557013,
        "slope_min": 0.1283371663879543,
        "volume_ratio_min": 1.516826491012678,
        "hold_days": 2,
        "stop_loss_pct": 6.730963276267555,
        "take_profit_pct": 25.225862320736393,
        "max_positions": 1,
        "dip_threshold_pct": 30.0,
        "r2_trend_min": 0.2,
        "w_momentum": 0.0,
        "w_mean_reversion": 0.2411,
        "w_volume": 0.0746,
        "w_trend": 0.0357,
        "w_pattern": 0.6487
      }
    },
    {
      "annual_return": 150.2519,
      "max_drawdown": 30.1419,
      "win_rate": 50.6494,
      "sharpe": 1.9005,
      "calmar": 4.9848,
      "total_trades": 154,
      "profit_factor": 1.5369,
      "fitness": 48.9605,
      "dna": {
        "min_score": 1,
        "rsi_buy_threshold": 41.061125445771815,
        "rsi_sell_threshold": 84.98703457230276,
        "r2_min": 0.20745237545557013,
        "slope_min": 0.15624447674208441,
        "volume_ratio_min": 1.829958639780356,
        "hold_days": 3,
        "stop_loss_pct": 4.726434003567487,
        "take_profit_pct": 17.966443966757918,
        "max_positions": 1,
        "dip_threshold_pct": 30.0,
        "r2_trend_min": 0.23678352370904632,
        "w_momentum": 0.0,
        "w_mean_reversion": 0.2728,
        "w_volume": 0.0773,
        "w_trend": 0.0294,
        "w_pattern": 0.6205
      }
    },
    {
      "annual_return": 102.497,
      "max_drawdown": 23.205,
      "win_rate": 52.8139,
      "sharpe": 1.644,
      "calmar": 4.417,
      "total_trades": 231,
      "profit_factor": 1.4329,
      "fitness": 42.6542,
      "dna": {
        "min_score": 1,
        "rsi_buy_threshold": 34.47456963544127,
        "rsi_sell_threshold": 83.17954954781493,
        "r2_min": 0.20745237545557013,
        "slope_min": 0.14802131468662993,
        "volume_ratio_min": 1.516826491012678,
        "hold_days": 2,
        "stop_loss_pct": 6.730963276267555,
        "take_profit_pct": 28.90248230314287,
        "max_positions": 1,
        "dip_threshold_pct": 30.0,
        "r2_trend_min": 0.2475068191011602,
        "w_momentum": 0.0,
        "w_mean_reversion": 0.2435,
        "w_volume": 0.0753,
        "w_trend": 0.026,
        "w_pattern": 0.6552
      }
    },
    {
      "annual_return": 195.8482,
      "max_drawdown": 50.0279,
      "win_rate": 53.8793,
      "sharpe": 1.8152,
      "calmar": 3.9148,
      "total_trades": 232,
      "profit_factor": 1.4795,
      "fitness": 39.1674,
      "dna": {
        "min_score": 1,
        "rsi_buy_threshold": 34.47456963544127,
        "rsi_sell_threshold": 83.17954954781493,
        "r2_min": 0.1629877575952034,
        "slope_min": 0.19392820535671057,
        "volume_ratio_min": 1.4690967656407192,
        "hold_days": 2,
        "stop_loss_pct": 10.0,
        "take_profit_pct": 37.69175864453622,
        "max_positions": 1,
        "dip_threshold_pct": 29.37479060314412,
        "r2_trend_min": 0.2,
        "w_momentum": 0.0,
        "w_mean_reversion": 0.303,
        "w_volume": 0.0709,
        "w_trend": 0.044,
        "w_pattern": 0.5821
      }
    }
  ]
}