{
  "generation": 389,
  "timestamp": "2026-03-20T15:49:23",
  "results": [
    {
      "annual_return": 197.1737,
      "max_drawdown": 23.0727,
      "win_rate": 50.431,
      "sharpe": 2.1692,
      "calmar": 8.5458,
      "total_trades": 232,
      "profit_factor": 1.779,
      "fitness": 87.0169,
      "dna": {
        "min_score": 1,
        "rsi_buy_threshold": 15.221816295059266,
        "rsi_sell_threshold": 90.13409342142877,
        "r2_min": 0.1387856530075988,
        "slope_min": 0.1,
        "volume_ratio_min": 1.3024027892340957,
        "hold_days": 2,
        "stop_loss_pct": 6.310111534867346,
        "take_profit_pct": 19.631810855313386,
        "max_positions": 1,
        "dip_threshold_pct": 3.0,
        "r2_trend_min": 0.2,
        "w_momentum": 0.0,
        "w_mean_reversion": 0.1495,
        "w_volume": 0.0859,
        "w_trend": 0.0,
        "w_pattern": 0.7646
      }
    },
    {
      "annual_return": 132.6909,
      "max_drawdown": 25.034,
      "win_rate": 50.431,
      "sharpe": 1.8929,
      "calmar": 5.3004,
      "total_trades": 232,
      "profit_factor": 1.5462,
      "fitness": 51.8909,
      "dna": {
        "min_score": 1,
        "rsi_buy_threshold": 20.186661533302768,
        "rsi_sell_threshold": 90.13409342142877,
        "r2_min": 0.20649302981321552,
        "slope_min": 0.1,
        "volume_ratio_min": 1.3024027892340957,
        "hold_days": 2,
        "stop_loss_pct": 6.62882566237192,
        "take_profit_pct": 9.899108040783624,
        "max_positions": 1,
        "dip_threshold_pct": 3.0,
        "r2_trend_min": 0.2,
        "w_momentum": 0.0109,
        "w_mean_reversion": 0.1278,
        "w_volume": 0.0883,
        "w_trend": 0.0227,
        "w_pattern": 0.7502
      }
    },
    {
      "annual_return": 136.788,
      "max_drawdown": 28.0021,
      "win_rate": 51.634,
      "sharpe": 2.1089,
      "calmar": 4.8849,
      "total_trades": 153,
      "profit_factor": 2.1089,
      "fitness": 49.9068,
      "dna": {
        "min_score": 1,
        "rsi_buy_threshold": 19.60575771839188,
        "rsi_sell_threshold": 75.21596996372818,
        "r2_min": 0.14562450586953968,
        "slope_min": 0.1,
        "volume_ratio_min": 1.3675804977113646,
        "hold_days": 3,
        "stop_loss_pct": 5.555820047139812,
        "take_profit_pct": 19.23454580906059,
        "max_positions": 1,
        "dip_threshold_pct": 4.778708992545784,
        "r2_trend_min": 0.2303514001284774,
        "w_momentum": 0.0,
        "w_mean_reversion": 0.1179,
        "w_volume": 0.0364,
        "w_trend": 0.0,
        "w_pattern": 0.8457
      }
    },
    {
      "annual_return": 101.232,
      "max_drawdown": 21.9824,
      "win_rate": 51.7241,
      "sharpe": 1.7473,
      "calmar": 4.6051,
      "total_trades": 232,
      "profit_factor": 1.5354,
      "fitness": 44.694,
      "dna": {
        "min_score": 1,
        "rsi_buy_threshold": 15.221816295059266,
        "rsi_sell_threshold": 90.13409342142877,
        "r2_min": 0.15689690030604586,
        "slope_min": 0.1,
        "volume_ratio_min": 1.3024027892340957,
        "hold_days": 2,
        "stop_loss_pct": 5.261359961348937,
        "take_profit_pct": 12.744452705940859,
        "max_positions": 1,
        "dip_threshold_pct": 3.639389875219608,
        "r2_trend_min": 0.2,
        "w_momentum": 0.0,
        "w_mean_reversion": 0.1804,
        "w_volume": 0.0828,
        "w_trend": 0.0,
        "w_pattern": 0.7368
      }
    },
    {
      "annual_return": 119.2894,
      "max_drawdown": 27.0083,
      "win_rate": 48.2759,
      "sharpe": 1.9178,
      "calmar": 4.4168,
      "total_trades": 232,
      "profit_factor": 1.5724,
      "fitness": 42.4585,
      "dna": {
        "min_score": 1,
        "rsi_buy_threshold": 13.364764485584747,
        "rsi_sell_threshold": 87.23090385167828,
        "r2_min": 0.1,
        "slope_min": 0.11819757925851307,
        "volume_ratio_min": 1.0667161601288784,
        "hold_days": 2,
        "stop_loss_pct": 3.284586633305477,
        "take_profit_pct": 15.765334097562759,
        "max_positions": 1,
        "dip_threshold_pct": 3.5112362858368877,
        "r2_trend_min": 0.2,
        "w_momentum": 0.0,
        "w_mean_reversion": 0.123,
        "w_volume": 0.0478,
        "w_trend": 0.0,
        "w_pattern": 0.8292
      }
    }
  ]
}