{
  "generation": 1239,
  "timestamp": "2026-03-20T22:31:48",
  "results": [
    {
      "annual_return": 154.1822,
      "max_drawdown": 12.2915,
      "win_rate": 42.8571,
      "sharpe": 2.4399,
      "calmar": 12.5438,
      "total_trades": 231,
      "profit_factor": 1.8853,
      "fitness": 122.1917,
      "dna": {
        "min_score": 1,
        "rsi_buy_threshold": 33.91342103647876,
        "rsi_sell_threshold": 95.0,
        "r2_min": 0.27830123045337546,
        "slope_min": 0.39518693314048425,
        "volume_ratio_min": 1.460930921958086,
        "hold_days": 2,
        "stop_loss_pct": 1.5675067513590741,
        "take_profit_pct": 14.956350772388253,
        "max_positions": 1,
        "dip_threshold_pct": 6.650201987267484,
        "r2_trend_min": 0.545023978527034,
        "w_momentum": 0.0,
        "w_mean_reversion": 0.711,
        "w_volume": 0.2833,
        "w_trend": 0.0057,
        "w_pattern": 0.0
      }
    },
    {
      "annual_return": 99.9694,
      "max_drawdown": 16.4232,
      "win_rate": 38.961,
      "sharpe": 2.0566,
      "calmar": 6.0871,
      "total_trades": 231,
      "profit_factor": 1.8728,
      "fitness": 53.6232,
      "dna": {
        "min_score": 1,
        "rsi_buy_threshold": 27.197303190244874,
        "rsi_sell_threshold": 95.0,
        "r2_min": 0.2567796736564177,
        "slope_min": 0.4636719607052633,
        "volume_ratio_min": 1.5292652243584675,
        "hold_days": 2,
        "stop_loss_pct": 1.6112517652717533,
        "take_profit_pct": 12.086012449866544,
        "max_positions": 1,
        "dip_threshold_pct": 6.650201987267484,
        "r2_trend_min": 0.7100533709515585,
        "w_momentum": 0.0108,
        "w_mean_reversion": 0.6303,
        "w_volume": 0.3425,
        "w_trend": 0.0165,
        "w_pattern": 0.0
      }
    },
    {
      "annual_return": 77.498,
      "max_drawdown": 17.2032,
      "win_rate": 41.8103,
      "sharpe": 1.728,
      "calmar": 4.5049,
      "total_trades": 232,
      "profit_factor": 1.7071,
      "fitness": 39.1956,
      "dna": {
        "min_score": 1,
        "rsi_buy_threshold": 22.349342278587695,
        "rsi_sell_threshold": 95.0,
        "r2_min": 0.27829887266707315,
        "slope_min": 0.2846231357863911,
        "volume_ratio_min": 1.275798650579387,
        "hold_days": 2,
        "stop_loss_pct": 1.683884522600122,
        "take_profit_pct": 12.086012449866544,
        "max_positions": 1,
        "dip_threshold_pct": 8.071196688454474,
        "r2_trend_min": 0.6278853999319467,
        "w_momentum": 0.0,
        "w_mean_reversion": 0.6972,
        "w_volume": 0.2778,
        "w_trend": 0.025,
        "w_pattern": 0.0
      }
    },
    {
      "annual_return": 72.12,
      "max_drawdown": 16.4382,
      "win_rate": 36.2069,
      "sharpe": 1.6883,
      "calmar": 4.3873,
      "total_trades": 232,
      "profit_factor": 1.5529,
      "fitness": 35.3135,
      "dna": {
        "min_score": 1,
        "rsi_buy_threshold": 22.349342278587695,
        "rsi_sell_threshold": 95.0,
        "r2_min": 0.21762324550709797,
        "slope_min": 0.39518693314048425,
        "volume_ratio_min": 1.275798650579387,
        "hold_days": 2,
        "stop_loss_pct": 1.683884522600122,
        "take_profit_pct": 13.773242366115065,
        "max_positions": 1,
        "dip_threshold_pct": 6.097951142139939,
        "r2_trend_min": 0.6278853999319467,
        "w_momentum": 0.0,
        "w_mean_reversion": 0.6972,
        "w_volume": 0.2778,
        "w_trend": 0.025,
        "w_pattern": 0.0
      }
    },
    {
      "annual_return": 67.3004,
      "max_drawdown": 15.981,
      "win_rate": 37.931,
      "sharpe": 1.6596,
      "calmar": 4.2113,
      "total_trades": 232,
      "profit_factor": 1.4653,
      "fitness": 34.5454,
      "dna": {
        "min_score": 1,
        "rsi_buy_threshold": 30.96884893842987,
        "rsi_sell_threshold": 95.0,
        "r2_min": 0.14242333488809017,
        "slope_min": 0.457484648760146,
        "volume_ratio_min": 1.275798650579387,
        "hold_days": 2,
        "stop_loss_pct": 1.4376922847935714,
        "take_profit_pct": 12.086012449866544,
        "max_positions": 1,
        "dip_threshold_pct": 6.650201987267484,
        "r2_trend_min": 0.527582118133341,
        "w_momentum": 0.0,
        "w_mean_reversion": 0.6565,
        "w_volume": 0.3202,
        "w_trend": 0.0233,
        "w_pattern": 0.0
      }
    }
  ]
}