{
  "generation": 939,
  "timestamp": "2026-03-20T20:22:38",
  "results": [
    {
      "annual_return": 284.6885,
      "max_drawdown": 21.2155,
      "win_rate": 50.0,
      "sharpe": 2.5593,
      "calmar": 13.4189,
      "total_trades": 232,
      "profit_factor": 1.6555,
      "fitness": 143.4537,
      "dna": {
        "min_score": 1,
        "rsi_buy_threshold": 43.04653122403653,
        "rsi_sell_threshold": 58.745802596780095,
        "r2_min": 0.15996543825951473,
        "slope_min": 0.12468225007657824,
        "volume_ratio_min": 1.0738637398329525,
        "hold_days": 2,
        "stop_loss_pct": 3.2822483952616173,
        "take_profit_pct": 38.26734320822998,
        "max_positions": 1,
        "dip_threshold_pct": 13.560126410608431,
        "r2_trend_min": 0.24354833264728787,
        "w_momentum": 0.0,
        "w_mean_reversion": 0.2775,
        "w_volume": 0.629,
        "w_trend": 0.0261,
        "w_pattern": 0.0674
      }
    },
    {
      "annual_return": 208.9933,
      "max_drawdown": 21.0291,
      "win_rate": 45.4545,
      "sharpe": 2.54,
      "calmar": 9.9383,
      "total_trades": 154,
      "profit_factor": 1.836,
      "fitness": 101.0423,
      "dna": {
        "min_score": 1,
        "rsi_buy_threshold": 50.0,
        "rsi_sell_threshold": 71.21127763613063,
        "r2_min": 0.12543491226130896,
        "slope_min": 0.14825283066372655,
        "volume_ratio_min": 1.685610189596962,
        "hold_days": 3,
        "stop_loss_pct": 3.446902589815245,
        "take_profit_pct": 38.26734320822998,
        "max_positions": 1,
        "dip_threshold_pct": 19.236838255458117,
        "r2_trend_min": 0.2873589406204966,
        "w_momentum": 0.0,
        "w_mean_reversion": 0.2964,
        "w_volume": 0.6334,
        "w_trend": 0.0235,
        "w_pattern": 0.0466
      }
    },
    {
      "annual_return": 178.6325,
      "max_drawdown": 18.7815,
      "win_rate": 46.9828,
      "sharpe": 2.2698,
      "calmar": 9.5111,
      "total_trades": 232,
      "profit_factor": 1.6922,
      "fitness": 94.7883,
      "dna": {
        "min_score": 1,
        "rsi_buy_threshold": 50.0,
        "rsi_sell_threshold": 57.74026766989107,
        "r2_min": 0.12307759182075029,
        "slope_min": 0.11801479829447327,
        "volume_ratio_min": 1.0738637398329525,
        "hold_days": 2,
        "stop_loss_pct": 2.6780379918684734,
        "take_profit_pct": 38.26734320822998,
        "max_positions": 1,
        "dip_threshold_pct": 14.570323744022733,
        "r2_trend_min": 0.31015400356607764,
        "w_momentum": 0.0,
        "w_mean_reversion": 0.2541,
        "w_volume": 0.6733,
        "w_trend": 0.0175,
        "w_pattern": 0.0552
      }
    },
    {
      "annual_return": 205.388,
      "max_drawdown": 27.8746,
      "win_rate": 48.0519,
      "sharpe": 2.3907,
      "calmar": 7.3683,
      "total_trades": 231,
      "profit_factor": 1.7193,
      "fitness": 75.4983,
      "dna": {
        "min_score": 1,
        "rsi_buy_threshold": 50.0,
        "rsi_sell_threshold": 57.74026766989107,
        "r2_min": 0.12307759182075029,
        "slope_min": 0.10401562479348135,
        "volume_ratio_min": 1.0738637398329525,
        "hold_days": 2,
        "stop_loss_pct": 3.1540006983556697,
        "take_profit_pct": 38.26734320822998,
        "max_positions": 1,
        "dip_threshold_pct": 17.876173939984806,
        "r2_trend_min": 0.31015400356607764,
        "w_momentum": 0.0,
        "w_mean_reversion": 0.2567,
        "w_volume": 0.68,
        "w_trend": 0.0177,
        "w_pattern": 0.0457
      }
    },
    {
      "annual_return": 201.0213,
      "max_drawdown": 26.383,
      "win_rate": 45.1613,
      "sharpe": 2.1582,
      "calmar": 7.6193,
      "total_trades": 155,
      "profit_factor": 2.1834,
      "fitness": 73.3051,
      "dna": {
        "min_score": 1,
        "rsi_buy_threshold": 50.0,
        "rsi_sell_threshold": 71.03761802374015,
        "r2_min": 0.13974779446453323,
        "slope_min": 0.12468225007657824,
        "volume_ratio_min": 1.3326830822238631,
        "hold_days": 3,
        "stop_loss_pct": 3.2822483952616173,
        "take_profit_pct": 27.100506827232167,
        "max_positions": 1,
        "dip_threshold_pct": 13.560126410608431,
        "r2_trend_min": 0.2,
        "w_momentum": 0.0101,
        "w_mean_reversion": 0.3839,
        "w_volume": 0.5347,
        "w_trend": 0.0166,
        "w_pattern": 0.0546
      }
    }
  ]
}