{
  "generation": 569,
  "timestamp": "2026-03-20T17:11:09",
  "results": [
    {
      "annual_return": 184.942,
      "max_drawdown": 19.3143,
      "win_rate": 51.1962,
      "sharpe": 2.3591,
      "calmar": 9.5754,
      "total_trades": 209,
      "profit_factor": 2.0227,
      "fitness": 100.8399,
      "dna": {
        "min_score": 1,
        "rsi_buy_threshold": 31.728239933997813,
        "rsi_sell_threshold": 65.83685909476662,
        "r2_min": 0.95,
        "slope_min": 0.4286874701769392,
        "volume_ratio_min": 2.2516530125298893,
        "hold_days": 2,
        "stop_loss_pct": 3.157692096565315,
        "take_profit_pct": 19.675902152049233,
        "max_positions": 1,
        "dip_threshold_pct": 5.524095007179794,
        "r2_trend_min": 0.23193065608250557,
        "w_momentum": 0.0001,
        "w_mean_reversion": 0.554,
        "w_volume": 0.4164,
        "w_trend": 0.0172,
        "w_pattern": 0.0123
      }
    },
    {
      "annual_return": 101.1511,
      "max_drawdown": 15.5823,
      "win_rate": 50.431,
      "sharpe": 1.9474,
      "calmar": 6.4914,
      "total_trades": 232,
      "profit_factor": 1.597,
      "fitness": 64.0528,
      "dna": {
        "min_score": 1,
        "rsi_buy_threshold": 28.94768908536837,
        "rsi_sell_threshold": 66.80184704022716,
        "r2_min": 0.6543820490356813,
        "slope_min": 0.509641007515455,
        "volume_ratio_min": 2.4317505387908227,
        "hold_days": 2,
        "stop_loss_pct": 3.157692096565315,
        "take_profit_pct": 17.320218120267388,
        "max_positions": 1,
        "dip_threshold_pct": 3.7288299277455357,
        "r2_trend_min": 0.3516990732659962,
        "w_momentum": 0.0008,
        "w_mean_reversion": 0.582,
        "w_volume": 0.3533,
        "w_trend": 0.0284,
        "w_pattern": 0.0355
      }
    },
    {
      "annual_return": 94.2883,
      "max_drawdown": 17.7794,
      "win_rate": 50.8621,
      "sharpe": 1.7714,
      "calmar": 5.3032,
      "total_trades": 232,
      "profit_factor": 1.4258,
      "fitness": 51.2207,
      "dna": {
        "min_score": 1,
        "rsi_buy_threshold": 44.59393734619302,
        "rsi_sell_threshold": 55.0,
        "r2_min": 0.7099242361738745,
        "slope_min": 0.574202002953286,
        "volume_ratio_min": 1.753942929076961,
        "hold_days": 2,
        "stop_loss_pct": 3.157692096565315,
        "take_profit_pct": 17.49285056358542,
        "max_positions": 1,
        "dip_threshold_pct": 5.544880319064386,
        "r2_trend_min": 0.32597194291493803,
        "w_momentum": 0.0118,
        "w_mean_reversion": 0.5108,
        "w_volume": 0.4132,
        "w_trend": 0.0404,
        "w_pattern": 0.0239
      }
    },
    {
      "annual_return": 77.7345,
      "max_drawdown": 16.4367,
      "win_rate": 48.2759,
      "sharpe": 1.6584,
      "calmar": 4.7293,
      "total_trades": 232,
      "profit_factor": 1.4338,
      "fitness": 43.7589,
      "dna": {
        "min_score": 1,
        "rsi_buy_threshold": 35.81633376977751,
        "rsi_sell_threshold": 66.04390494135164,
        "r2_min": 0.892660520894683,
        "slope_min": 0.6504028003651638,
        "volume_ratio_min": 1.6592507181972438,
        "hold_days": 2,
        "stop_loss_pct": 3.157692096565315,
        "take_profit_pct": 25.472578897413072,
        "max_positions": 1,
        "dip_threshold_pct": 3.346391697571865,
        "r2_trend_min": 0.41320822671964835,
        "w_momentum": 0.0199,
        "w_mean_reversion": 0.5848,
        "w_volume": 0.3507,
        "w_trend": 0.0244,
        "w_pattern": 0.0203
      }
    },
    {
      "annual_return": 103.3498,
      "max_drawdown": 24.5946,
      "win_rate": 43.1034,
      "sharpe": 1.8171,
      "calmar": 4.2021,
      "total_trades": 232,
      "profit_factor": 1.501,
      "fitness": 37.6146,
      "dna": {
        "min_score": 1,
        "rsi_buy_threshold": 42.84596287106866,
        "rsi_sell_threshold": 71.63388384433135,
        "r2_min": 0.4419836005144562,
        "slope_min": 0.5734498673452477,
        "volume_ratio_min": 2.1722292102316123,
        "hold_days": 2,
        "stop_loss_pct": 2.8186777106186627,
        "take_profit_pct": 23.620935571476558,
        "max_positions": 1,
        "dip_threshold_pct": 3.0,
        "r2_trend_min": 0.21571943376669916,
        "w_momentum": 0.0237,
        "w_mean_reversion": 0.7205,
        "w_volume": 0.2454,
        "w_trend": 0.0104,
        "w_pattern": 0.0
      }
    }
  ]
}