{
  "generation": 1119,
  "timestamp": "2026-03-20T21:51:10",
  "results": [
    {
      "annual_return": 89.4583,
      "max_drawdown": 5.7971,
      "win_rate": 36.3636,
      "sharpe": 2.2393,
      "calmar": 15.4316,
      "total_trades": 22,
      "profit_factor": 1.9966,
      "fitness": 98.8029,
      "dna": {
        "min_score": 1,
        "rsi_buy_threshold": 10.0,
        "rsi_sell_threshold": 95.0,
        "r2_min": 0.17865614786674766,
        "slope_min": 0.7431812638019281,
        "volume_ratio_min": 0.5,
        "hold_days": 2,
        "stop_loss_pct": 8.765669089844561,
        "take_profit_pct": 22.58059485188883,
        "max_positions": 1,
        "dip_threshold_pct": 13.50295281515623,
        "r2_trend_min": 0.3646115954662995,
        "w_momentum": 0.0363,
        "w_mean_reversion": 0.4999,
        "w_volume": 0.3647,
        "w_trend": 0.062,
        "w_pattern": 0.0371
      }
    },
    {
      "annual_return": 167.2595,
      "max_drawdown": 26.219,
      "win_rate": 54.3103,
      "sharpe": 2.2883,
      "calmar": 6.3793,
      "total_trades": 232,
      "profit_factor": 1.8149,
      "fitness": 68.5286,
      "dna": {
        "min_score": 1,
        "rsi_buy_threshold": 10.0,
        "rsi_sell_threshold": 63.58983802903732,
        "r2_min": 0.17600544100024804,
        "slope_min": 0.8485909411416306,
        "volume_ratio_min": 0.5002624938556078,
        "hold_days": 2,
        "stop_loss_pct": 9.552432636020688,
        "take_profit_pct": 22.58059485188883,
        "max_positions": 1,
        "dip_threshold_pct": 10.055140885131522,
        "r2_trend_min": 0.22169831316652672,
        "w_momentum": 0.014,
        "w_mean_reversion": 0.5207,
        "w_volume": 0.3668,
        "w_trend": 0.0505,
        "w_pattern": 0.048
      }
    },
    {
      "annual_return": 138.1579,
      "max_drawdown": 31.0972,
      "win_rate": 54.7414,
      "sharpe": 2.1272,
      "calmar": 4.4428,
      "total_trades": 232,
      "profit_factor": 1.7121,
      "fitness": 46.8553,
      "dna": {
        "min_score": 1,
        "rsi_buy_threshold": 10.0,
        "rsi_sell_threshold": 55.001650704601616,
        "r2_min": 0.15248687113228165,
        "slope_min": 1.0945635780294614,
        "volume_ratio_min": 0.5002624938556078,
        "hold_days": 2,
        "stop_loss_pct": 9.552432636020688,
        "take_profit_pct": 28.110474421444245,
        "max_positions": 1,
        "dip_threshold_pct": 11.476720506925085,
        "r2_trend_min": 0.311683815147209,
        "w_momentum": 0.0139,
        "w_mean_reversion": 0.4671,
        "w_volume": 0.4318,
        "w_trend": 0.0395,
        "w_pattern": 0.0476
      }
    },
    {
      "annual_return": 103.5221,
      "max_drawdown": 26.7459,
      "win_rate": 51.5152,
      "sharpe": 1.915,
      "calmar": 3.8706,
      "total_trades": 231,
      "profit_factor": 1.4496,
      "fitness": 38.4207,
      "dna": {
        "min_score": 1,
        "rsi_buy_threshold": 11.75206299644079,
        "rsi_sell_threshold": 81.27487904567384,
        "r2_min": 0.12222474383647684,
        "slope_min": 1.0168267611826634,
        "volume_ratio_min": 0.5947056591396803,
        "hold_days": 2,
        "stop_loss_pct": 7.280368707571568,
        "take_profit_pct": 22.58059485188883,
        "max_positions": 1,
        "dip_threshold_pct": 11.324879837856669,
        "r2_trend_min": 0.43889081865166424,
        "w_momentum": 0.0033,
        "w_mean_reversion": 0.6146,
        "w_volume": 0.2946,
        "w_trend": 0.0514,
        "w_pattern": 0.0361
      }
    },
    {
      "annual_return": 78.6775,
      "max_drawdown": 23.7965,
      "win_rate": 51.5152,
      "sharpe": 1.4217,
      "calmar": 3.3063,
      "total_trades": 231,
      "profit_factor": 1.389,
      "fitness": 30.4777,
      "dna": {
        "min_score": 1,
        "rsi_buy_threshold": 11.567284194879981,
        "rsi_sell_threshold": 78.33409425515369,
        "r2_min": 0.1278171786603039,
        "slope_min": 0.8485909411416306,
        "volume_ratio_min": 0.5,
        "hold_days": 2,
        "stop_loss_pct": 7.524666770477576,
        "take_profit_pct": 22.58059485188883,
        "max_positions": 1,
        "dip_threshold_pct": 11.476720506925085,
        "r2_trend_min": 0.311683815147209,
        "w_momentum": 0.0119,
        "w_mean_reversion": 0.5347,
        "w_volume": 0.3692,
        "w_trend": 0.0434,
        "w_pattern": 0.0407
      }
    }
  ]
}