{
  "generation": 1209,
  "timestamp": "2026-03-20T22:17:17",
  "results": [
    {
      "annual_return": 209.3627,
      "max_drawdown": 15.0286,
      "win_rate": 55.1724,
      "sharpe": 2.9519,
      "calmar": 13.931,
      "total_trades": 232,
      "profit_factor": 2.1643,
      "fitness": 164.5676,
      "dna": {
        "min_score": 1,
        "rsi_buy_threshold": 18.250112553462735,
        "rsi_sell_threshold": 72.57653518973763,
        "r2_min": 0.30636965961859763,
        "slope_min": 0.8888497439560785,
        "volume_ratio_min": 0.5,
        "hold_days": 2,
        "stop_loss_pct": 3.9210236258426683,
        "take_profit_pct": 9.629569503016288,
        "max_positions": 1,
        "dip_threshold_pct": 20.59162178878451,
        "r2_trend_min": 0.6477632763015155,
        "w_momentum": 0.0157,
        "w_mean_reversion": 0.653,
        "w_volume": 0.2631,
        "w_trend": 0.0341,
        "w_pattern": 0.0341
      }
    },
    {
      "annual_return": 91.5853,
      "max_drawdown": 15.1362,
      "win_rate": 50.0,
      "sharpe": 2.1054,
      "calmar": 6.0508,
      "total_trades": 232,
      "profit_factor": 1.7238,
      "fitness": 60.801,
      "dna": {
        "min_score": 1,
        "rsi_buy_threshold": 27.92389350370458,
        "rsi_sell_threshold": 70.65375598385836,
        "r2_min": 0.30636965961859763,
        "slope_min": 1.0071811166670344,
        "volume_ratio_min": 0.5,
        "hold_days": 2,
        "stop_loss_pct": 2.9295719860739267,
        "take_profit_pct": 7.179157896259953,
        "max_positions": 1,
        "dip_threshold_pct": 20.59162178878451,
        "r2_trend_min": 0.6477632763015155,
        "w_momentum": 0.0165,
        "w_mean_reversion": 0.675,
        "w_volume": 0.215,
        "w_trend": 0.0353,
        "w_pattern": 0.0582
      }
    },
    {
      "annual_return": 118.9206,
      "max_drawdown": 22.1072,
      "win_rate": 51.9481,
      "sharpe": 2.1663,
      "calmar": 5.3793,
      "total_trades": 231,
      "profit_factor": 1.7263,
      "fitness": 55.569,
      "dna": {
        "min_score": 1,
        "rsi_buy_threshold": 27.92389350370458,
        "rsi_sell_threshold": 70.65375598385836,
        "r2_min": 0.30636965961859763,
        "slope_min": 0.9054824188770468,
        "volume_ratio_min": 0.5,
        "hold_days": 2,
        "stop_loss_pct": 3.9210236258426683,
        "take_profit_pct": 11.97321560806422,
        "max_positions": 1,
        "dip_threshold_pct": 18.047038482991802,
        "r2_trend_min": 0.95,
        "w_momentum": 0.0055,
        "w_mean_reversion": 0.6686,
        "w_volume": 0.2421,
        "w_trend": 0.0411,
        "w_pattern": 0.0427
      }
    },
    {
      "annual_return": 76.8346,
      "max_drawdown": 17.0538,
      "win_rate": 44.8276,
      "sharpe": 1.8758,
      "calmar": 4.5054,
      "total_trades": 232,
      "profit_factor": 1.5431,
      "fitness": 41.4821,
      "dna": {
        "min_score": 1,
        "rsi_buy_threshold": 27.92389350370458,
        "rsi_sell_threshold": 63.23411124627507,
        "r2_min": 0.35857162184543456,
        "slope_min": 1.191892529960235,
        "volume_ratio_min": 0.5627049871726189,
        "hold_days": 2,
        "stop_loss_pct": 2.0333805385360546,
        "take_profit_pct": 7.179157896259953,
        "max_positions": 1,
        "dip_threshold_pct": 18.860603335713158,
        "r2_trend_min": 0.95,
        "w_momentum": 0.0004,
        "w_mean_reversion": 0.7282,
        "w_volume": 0.2273,
        "w_trend": 0.0386,
        "w_pattern": 0.0055
      }
    },
    {
      "annual_return": 88.4653,
      "max_drawdown": 23.481,
      "win_rate": 50.0,
      "sharpe": 2.0582,
      "calmar": 3.7675,
      "total_trades": 232,
      "profit_factor": 1.6977,
      "fitness": 37.6066,
      "dna": {
        "min_score": 1,
        "rsi_buy_threshold": 27.92389350370458,
        "rsi_sell_threshold": 70.65375598385836,
        "r2_min": 0.35857162184543456,
        "slope_min": 1.191892529960235,
        "volume_ratio_min": 0.5,
        "hold_days": 2,
        "stop_loss_pct": 2.4169320058214483,
        "take_profit_pct": 7.179157896259953,
        "max_positions": 1,
        "dip_threshold_pct": 15.619296663206374,
        "r2_trend_min": 0.8903985312299313,
        "w_momentum": 0.0005,
        "w_mean_reversion": 0.6604,
        "w_volume": 0.2936,
        "w_trend": 0.0266,
        "w_pattern": 0.0189
      }
    }
  ]
}