{
  "generation": 739,
  "timestamp": "2026-03-20T18:41:42",
  "results": [
    {
      "annual_return": 178.051,
      "max_drawdown": 12.2588,
      "win_rate": 36.9128,
      "sharpe": 2.6157,
      "calmar": 14.5243,
      "total_trades": 149,
      "profit_factor": 1.915,
      "fitness": 134.4068,
      "dna": {
        "min_score": 1,
        "rsi_buy_threshold": 43.505102582660484,
        "rsi_sell_threshold": 66.94215450819513,
        "r2_min": 0.5957668812069336,
        "slope_min": 0.3587910220171977,
        "volume_ratio_min": 2.756616816902659,
        "hold_days": 2,
        "stop_loss_pct": 1.4085123304538978,
        "take_profit_pct": 14.273075811416094,
        "max_positions": 1,
        "dip_threshold_pct": 4.007747109598483,
        "r2_trend_min": 0.2513930516737769,
        "w_momentum": 0.0,
        "w_mean_reversion": 0.7013,
        "w_volume": 0.2505,
        "w_trend": 0.0339,
        "w_pattern": 0.0144
      }
    },
    {
      "annual_return": 137.4066,
      "max_drawdown": 14.3775,
      "win_rate": 43.5345,
      "sharpe": 2.3197,
      "calmar": 9.557,
      "total_trades": 232,
      "profit_factor": 1.723,
      "fitness": 92.3126,
      "dna": {
        "min_score": 1,
        "rsi_buy_threshold": 43.505102582660484,
        "rsi_sell_threshold": 55.0,
        "r2_min": 0.7453005264449278,
        "slope_min": 0.23721736304138819,
        "volume_ratio_min": 2.539885865931434,
        "hold_days": 2,
        "stop_loss_pct": 1.8119595115681675,
        "take_profit_pct": 14.443586805997205,
        "max_positions": 1,
        "dip_threshold_pct": 3.465054304443495,
        "r2_trend_min": 0.2,
        "w_momentum": 0.0,
        "w_mean_reversion": 0.5964,
        "w_volume": 0.3843,
        "w_trend": 0.0045,
        "w_pattern": 0.0149
      }
    },
    {
      "annual_return": 156.4523,
      "max_drawdown": 18.7504,
      "win_rate": 42.6724,
      "sharpe": 2.5335,
      "calmar": 8.3439,
      "total_trades": 232,
      "profit_factor": 2.4067,
      "fitness": 82.1243,
      "dna": {
        "min_score": 1,
        "rsi_buy_threshold": 36.08598695306631,
        "rsi_sell_threshold": 71.09905593180441,
        "r2_min": 0.8736253201970965,
        "slope_min": 0.26937930202167654,
        "volume_ratio_min": 2.8283930643325776,
        "hold_days": 2,
        "stop_loss_pct": 1.512094020824042,
        "take_profit_pct": 16.18129589483783,
        "max_positions": 1,
        "dip_threshold_pct": 3.0,
        "r2_trend_min": 0.3266353798293363,
        "w_momentum": 0.0,
        "w_mean_reversion": 0.76,
        "w_volume": 0.2143,
        "w_trend": 0.0036,
        "w_pattern": 0.0222
      }
    },
    {
      "annual_return": 156.2115,
      "max_drawdown": 21.6478,
      "win_rate": 42.8571,
      "sharpe": 2.4239,
      "calmar": 7.216,
      "total_trades": 231,
      "profit_factor": 1.9209,
      "fitness": 70.1415,
      "dna": {
        "min_score": 1,
        "rsi_buy_threshold": 43.505102582660484,
        "rsi_sell_threshold": 55.0,
        "r2_min": 0.8736253201970965,
        "slope_min": 0.18424160591389188,
        "volume_ratio_min": 2.6773880600414266,
        "hold_days": 2,
        "stop_loss_pct": 1.8119595115681675,
        "take_profit_pct": 14.443586805997205,
        "max_positions": 1,
        "dip_threshold_pct": 3.0,
        "r2_trend_min": 0.2513930516737769,
        "w_momentum": 0.0,
        "w_mean_reversion": 0.8026,
        "w_volume": 0.1786,
        "w_trend": 0.0161,
        "w_pattern": 0.0027
      }
    },
    {
      "annual_return": 87.4279,
      "max_drawdown": 13.4794,
      "win_rate": 40.8696,
      "sharpe": 2.1509,
      "calmar": 6.486,
      "total_trades": 230,
      "profit_factor": 1.5713,
      "fitness": 59.3022,
      "dna": {
        "min_score": 1,
        "rsi_buy_threshold": 34.81920083122449,
        "rsi_sell_threshold": 55.0,
        "r2_min": 0.5050024088903433,
        "slope_min": 0.1460361108980943,
        "volume_ratio_min": 2.907044331127746,
        "hold_days": 2,
        "stop_loss_pct": 1.5386218533976164,
        "take_profit_pct": 7.120671414394532,
        "max_positions": 1,
        "dip_threshold_pct": 3.3376969325484875,
        "r2_trend_min": 0.24722638711788553,
        "w_momentum": 0.0,
        "w_mean_reversion": 0.8454,
        "w_volume": 0.1252,
        "w_trend": 0.0,
        "w_pattern": 0.0294
      }
    }
  ]
}