{
  "generation": 1139,
  "timestamp": "2026-03-20T21:40:30",
  "results": [
    {
      "annual_return": 299.5465,
      "max_drawdown": 17.4207,
      "win_rate": 50.8621,
      "sharpe": 2.7661,
      "calmar": 17.1948,
      "total_trades": 232,
      "profit_factor": 2.1662,
      "fitness": 190.4716,
      "dna": {
        "min_score": 1,
        "rsi_buy_threshold": 10.143635161843102,
        "rsi_sell_threshold": 88.02735406270766,
        "r2_min": 0.1,
        "slope_min": 0.44131896427744505,
        "volume_ratio_min": 1.646089543320352,
        "hold_days": 2,
        "stop_loss_pct": 8.290950641134941,
        "take_profit_pct": 13.311149847283618,
        "max_positions": 1,
        "dip_threshold_pct": 17.582629743616938,
        "r2_trend_min": 0.5156242410502655,
        "w_momentum": 0.0102,
        "w_mean_reversion": 0.5749,
        "w_volume": 0.3588,
        "w_trend": 0.0406,
        "w_pattern": 0.0155
      }
    },
    {
      "annual_return": 226.0771,
      "max_drawdown": 25.9424,
      "win_rate": 48.4848,
      "sharpe": 2.4261,
      "calmar": 8.7146,
      "total_trades": 231,
      "profit_factor": 1.6748,
      "fitness": 90.1234,
      "dna": {
        "min_score": 1,
        "rsi_buy_threshold": 10.143635161843102,
        "rsi_sell_threshold": 66.48834490858322,
        "r2_min": 0.1,
        "slope_min": 0.5051628627827908,
        "volume_ratio_min": 1.3738767489144428,
        "hold_days": 2,
        "stop_loss_pct": 5.346572790555456,
        "take_profit_pct": 15.301339587056379,
        "max_positions": 1,
        "dip_threshold_pct": 20.500500759543957,
        "r2_trend_min": 0.5088319619512269,
        "w_momentum": 0.0159,
        "w_mean_reversion": 0.528,
        "w_volume": 0.429,
        "w_trend": 0.0232,
        "w_pattern": 0.0039
      }
    },
    {
      "annual_return": 201.4194,
      "max_drawdown": 30.109,
      "win_rate": 51.2931,
      "sharpe": 2.415,
      "calmar": 6.6897,
      "total_trades": 232,
      "profit_factor": 2.1181,
      "fitness": 71.0522,
      "dna": {
        "min_score": 1,
        "rsi_buy_threshold": 10.143635161843102,
        "rsi_sell_threshold": 76.9190125755222,
        "r2_min": 0.1,
        "slope_min": 0.44045888646098835,
        "volume_ratio_min": 1.3738767489144428,
        "hold_days": 2,
        "stop_loss_pct": 6.301857676570596,
        "take_profit_pct": 15.301339587056379,
        "max_positions": 1,
        "dip_threshold_pct": 20.500500759543957,
        "r2_trend_min": 0.5088319619512269,
        "w_momentum": 0.0156,
        "w_mean_reversion": 0.6228,
        "w_volume": 0.3261,
        "w_trend": 0.0228,
        "w_pattern": 0.0127
      }
    },
    {
      "annual_return": 161.512,
      "max_drawdown": 22.6262,
      "win_rate": 47.1861,
      "sharpe": 2.2014,
      "calmar": 7.1383,
      "total_trades": 231,
      "profit_factor": 1.6658,
      "fitness": 70.6226,
      "dna": {
        "min_score": 1,
        "rsi_buy_threshold": 12.55407638931502,
        "rsi_sell_threshold": 89.36108902363975,
        "r2_min": 0.1,
        "slope_min": 0.5051628627827908,
        "volume_ratio_min": 1.1819139467013366,
        "hold_days": 2,
        "stop_loss_pct": 5.346572790555456,
        "take_profit_pct": 12.67883823029235,
        "max_positions": 1,
        "dip_threshold_pct": 15.216122713655302,
        "r2_trend_min": 0.5088319619512269,
        "w_momentum": 0.0,
        "w_mean_reversion": 0.6238,
        "w_volume": 0.3099,
        "w_trend": 0.0516,
        "w_pattern": 0.0147
      }
    },
    {
      "annual_return": 159.6983,
      "max_drawdown": 24.5466,
      "win_rate": 54.3103,
      "sharpe": 2.1031,
      "calmar": 6.5059,
      "total_trades": 232,
      "profit_factor": 1.6289,
      "fitness": 68.1121,
      "dna": {
        "min_score": 1,
        "rsi_buy_threshold": 10.143635161843102,
        "rsi_sell_threshold": 76.9190125755222,
        "r2_min": 0.1,
        "slope_min": 0.42506198552187224,
        "volume_ratio_min": 1.768970526279328,
        "hold_days": 2,
        "stop_loss_pct": 5.346572790555456,
        "take_profit_pct": 15.301339587056379,
        "max_positions": 1,
        "dip_threshold_pct": 14.712764117101997,
        "r2_trend_min": 0.5088319619512269,
        "w_momentum": 0.0174,
        "w_mean_reversion": 0.5793,
        "w_volume": 0.3637,
        "w_trend": 0.0254,
        "w_pattern": 0.0142
      }
    }
  ]
}