{
  "generation": 1509,
  "timestamp": "2026-03-21T06:23:56",
  "results": [
    {
      "annual_return": 238.5871,
      "max_drawdown": 10.6752,
      "win_rate": 57.7586,
      "sharpe": 2.5927,
      "calmar": 22.3497,
      "total_trades": 116,
      "profit_factor": 3.2509,
      "fitness": 257.9329,
      "dna": {
        "min_score": 1,
        "rsi_buy_threshold": 31.348711244145115,
        "rsi_sell_threshold": 77.85684712605894,
        "r2_min": 0.161033722367076,
        "slope_min": 0.3085485627581701,
        "volume_ratio_min": 0.6892255747298719,
        "hold_days": 4,
        "stop_loss_pct": 10.0,
        "take_profit_pct": 46.21342992213254,
        "max_positions": 1,
        "dip_threshold_pct": 4.939907359553023,
        "r2_trend_min": 0.2431273029110274,
        "w_momentum": 0.0086,
        "w_mean_reversion": 0.0621,
        "w_volume": 0.3057,
        "w_trend": 0.0177,
        "w_pattern": 0.0452,
        "w_macd": 0.0732,
        "w_bollinger": 0.107,
        "w_kdj": 0.0611,
        "w_obv": 0.1158,
        "w_support": 0.1778,
        "w_volume_profile": 0.0257
      }
    },
    {
      "annual_return": 342.5193,
      "max_drawdown": 26.2325,
      "win_rate": 55.6522,
      "sharpe": 2.5426,
      "calmar": 13.0571,
      "total_trades": 115,
      "profit_factor": 5.5258,
      "fitness": 146.9395,
      "dna": {
        "min_score": 1,
        "rsi_buy_threshold": 31.348711244145115,
        "rsi_sell_threshold": 68.82226200301682,
        "r2_min": 0.1,
        "slope_min": 0.45629201991855334,
        "volume_ratio_min": 0.8704009757544517,
        "hold_days": 4,
        "stop_loss_pct": 10.0,
        "take_profit_pct": 27.652126034981706,
        "max_positions": 1,
        "dip_threshold_pct": 4.499324942899656,
        "r2_trend_min": 0.285988399173008,
        "w_momentum": 0.0109,
        "w_mean_reversion": 0.0451,
        "w_volume": 0.2904,
        "w_trend": 0.0332,
        "w_pattern": 0.0515,
        "w_macd": 0.0738,
        "w_bollinger": 0.1343,
        "w_kdj": 0.065,
        "w_obv": 0.1232,
        "w_support": 0.1515,
        "w_volume_profile": 0.021
      }
    },
    {
      "annual_return": 263.1007,
      "max_drawdown": 21.062,
      "win_rate": 57.7586,
      "sharpe": 2.4041,
      "calmar": 12.4917,
      "total_trades": 116,
      "profit_factor": 3.5419,
      "fitness": 140.5831,
      "dna": {
        "min_score": 1,
        "rsi_buy_threshold": 21.840302622689546,
        "rsi_sell_threshold": 81.14708943818418,
        "r2_min": 0.14395676884764624,
        "slope_min": 0.3916181291304114,
        "volume_ratio_min": 0.7953109236545338,
        "hold_days": 4,
        "stop_loss_pct": 10.0,
        "take_profit_pct": 33.242429243986386,
        "max_positions": 1,
        "dip_threshold_pct": 4.011316735122145,
        "r2_trend_min": 0.2,
        "w_momentum": 0.0,
        "w_mean_reversion": 0.0496,
        "w_volume": 0.3073,
        "w_trend": 0.0104,
        "w_pattern": 0.0525,
        "w_macd": 0.0874,
        "w_bollinger": 0.1097,
        "w_kdj": 0.0879,
        "w_obv": 0.0939,
        "w_support": 0.162,
        "w_volume_profile": 0.0393
      }
    },
    {
      "annual_return": 211.1797,
      "max_drawdown": 25.3567,
      "win_rate": 57.0175,
      "sharpe": 2.0585,
      "calmar": 8.3284,
      "total_trades": 114,
      "profit_factor": 2.0883,
      "fitness": 88.7777,
      "dna": {
        "min_score": 1,
        "rsi_buy_threshold": 21.840302622689546,
        "rsi_sell_threshold": 81.14708943818418,
        "r2_min": 0.11260165878562636,
        "slope_min": 0.3916181291304114,
        "volume_ratio_min": 0.7953109236545338,
        "hold_days": 4,
        "stop_loss_pct": 10.0,
        "take_profit_pct": 37.86328867225418,
        "max_positions": 1,
        "dip_threshold_pct": 4.632959792072975,
        "r2_trend_min": 0.2,
        "w_momentum": 0.0,
        "w_mean_reversion": 0.0506,
        "w_volume": 0.3135,
        "w_trend": 0.0106,
        "w_pattern": 0.0536,
        "w_macd": 0.0892,
        "w_bollinger": 0.1119,
        "w_kdj": 0.0695,
        "w_obv": 0.0958,
        "w_support": 0.1653,
        "w_volume_profile": 0.0401
      }
    },
    {
      "annual_return": 181.8161,
      "max_drawdown": 23.6338,
      "win_rate": 56.8966,
      "sharpe": 2.0846,
      "calmar": 7.693,
      "total_trades": 116,
      "profit_factor": 2.7065,
      "fitness": 82.2211,
      "dna": {
        "min_score": 1,
        "rsi_buy_threshold": 31.348711244145115,
        "rsi_sell_threshold": 68.82226200301682,
        "r2_min": 0.17477211872217197,
        "slope_min": 0.38108164919863874,
        "volume_ratio_min": 0.8704009757544517,
        "hold_days": 4,
        "stop_loss_pct": 8.855405737795012,
        "take_profit_pct": 44.94129150252835,
        "max_positions": 1,
        "dip_threshold_pct": 4.939907359553023,
        "r2_trend_min": 0.2431273029110274,
        "w_momentum": 0.0094,
        "w_mean_reversion": 0.0582,
        "w_volume": 0.28,
        "w_trend": 0.0194,
        "w_pattern": 0.0388,
        "w_macd": 0.0801,
        "w_bollinger": 0.1471,
        "w_kdj": 0.0568,
        "w_obv": 0.1242,
        "w_support": 0.1578,
        "w_volume_profile": 0.0281
      }
    }
  ]
}