{
  "generation": 439,
  "timestamp": "2026-03-20T16:13:46",
  "results": [
    {
      "annual_return": 252.4933,
      "max_drawdown": 18.8524,
      "win_rate": 57.1429,
      "sharpe": 2.433,
      "calmar": 13.3932,
      "total_trades": 154,
      "profit_factor": 1.7395,
      "fitness": 150.5078,
      "dna": {
        "min_score": 1,
        "rsi_buy_threshold": 34.2898495200952,
        "rsi_sell_threshold": 95.0,
        "r2_min": 0.1097600888557426,
        "slope_min": 0.12716814312006142,
        "volume_ratio_min": 0.5191514975631984,
        "hold_days": 3,
        "stop_loss_pct": 10.0,
        "take_profit_pct": 17.820058382235693,
        "max_positions": 1,
        "dip_threshold_pct": 5.260084187179151,
        "r2_trend_min": 0.2,
        "w_momentum": 0.0126,
        "w_mean_reversion": 0.0692,
        "w_volume": 0.0791,
        "w_trend": 0.0182,
        "w_pattern": 0.821
      }
    },
    {
      "annual_return": 325.2318,
      "max_drawdown": 27.2942,
      "win_rate": 60.3448,
      "sharpe": 2.9287,
      "calmar": 11.9158,
      "total_trades": 232,
      "profit_factor": 1.9561,
      "fitness": 146.7822,
      "dna": {
        "min_score": 1,
        "rsi_buy_threshold": 21.0464526925299,
        "rsi_sell_threshold": 82.36293628767461,
        "r2_min": 0.1,
        "slope_min": 0.1604470375813904,
        "volume_ratio_min": 0.5,
        "hold_days": 2,
        "stop_loss_pct": 10.0,
        "take_profit_pct": 22.600031366724714,
        "max_positions": 1,
        "dip_threshold_pct": 3.4725408186244877,
        "r2_trend_min": 0.21719166300467538,
        "w_momentum": 0.0,
        "w_mean_reversion": 0.0866,
        "w_volume": 0.0822,
        "w_trend": 0.0,
        "w_pattern": 0.8312
      }
    },
    {
      "annual_return": 147.3185,
      "max_drawdown": 28.701,
      "win_rate": 53.8793,
      "sharpe": 2.0604,
      "calmar": 5.1329,
      "total_trades": 232,
      "profit_factor": 1.6086,
      "fitness": 53.2024,
      "dna": {
        "min_score": 1,
        "rsi_buy_threshold": 33.45207213472874,
        "rsi_sell_threshold": 95.0,
        "r2_min": 0.1,
        "slope_min": 0.15690733375881397,
        "volume_ratio_min": 0.6212225405319969,
        "hold_days": 2,
        "stop_loss_pct": 10.0,
        "take_profit_pct": 17.177198183905347,
        "max_positions": 1,
        "dip_threshold_pct": 5.221758384612842,
        "r2_trend_min": 0.21719166300467538,
        "w_momentum": 0.0,
        "w_mean_reversion": 0.0641,
        "w_volume": 0.0457,
        "w_trend": 0.0142,
        "w_pattern": 0.876
      }
    },
    {
      "annual_return": 125.8593,
      "max_drawdown": 24.4133,
      "win_rate": 51.5152,
      "sharpe": 2.1141,
      "calmar": 5.1554,
      "total_trades": 231,
      "profit_factor": 1.609,
      "fitness": 52.6476,
      "dna": {
        "min_score": 1,
        "rsi_buy_threshold": 28.13779207212766,
        "rsi_sell_threshold": 95.0,
        "r2_min": 0.12678945202955696,
        "slope_min": 0.12716814312006142,
        "volume_ratio_min": 0.6212225405319969,
        "hold_days": 2,
        "stop_loss_pct": 10.0,
        "take_profit_pct": 15.018702908746913,
        "max_positions": 1,
        "dip_threshold_pct": 4.0598474179138915,
        "r2_trend_min": 0.21719166300467538,
        "w_momentum": 0.0,
        "w_mean_reversion": 0.0647,
        "w_volume": 0.0462,
        "w_trend": 0.0043,
        "w_pattern": 0.8847
      }
    },
    {
      "annual_return": 61.8772,
      "max_drawdown": 20.7199,
      "win_rate": 53.6797,
      "sharpe": 1.3278,
      "calmar": 2.9864,
      "total_trades": 231,
      "profit_factor": 1.3862,
      "fitness": 27.6905,
      "dna": {
        "min_score": 1,
        "rsi_buy_threshold": 21.0464526925299,
        "rsi_sell_threshold": 83.35035400281718,
        "r2_min": 0.1097600888557426,
        "slope_min": 0.12716814312006142,
        "volume_ratio_min": 0.5,
        "hold_days": 2,
        "stop_loss_pct": 10.0,
        "take_profit_pct": 22.600031366724714,
        "max_positions": 1,
        "dip_threshold_pct": 3.4725408186244877,
        "r2_trend_min": 0.2676705640937524,
        "w_momentum": 0.0,
        "w_mean_reversion": 0.0429,
        "w_volume": 0.057,
        "w_trend": 0.0129,
        "w_pattern": 0.8872
      }
    }
  ]
}