{
  "generation": 629,
  "timestamp": "2026-03-20T17:45:29",
  "results": [
    {
      "annual_return": 150.1081,
      "max_drawdown": 23.7298,
      "win_rate": 50.2165,
      "sharpe": 2.1611,
      "calmar": 6.3257,
      "total_trades": 231,
      "profit_factor": 1.5747,
      "fitness": 64.2011,
      "dna": {
        "min_score": 1,
        "rsi_buy_threshold": 49.06970131747722,
        "rsi_sell_threshold": 71.66940065590221,
        "r2_min": 0.7969075262934295,
        "slope_min": 0.4914397614697203,
        "volume_ratio_min": 1.8243777072652725,
        "hold_days": 2,
        "stop_loss_pct": 3.7450799524966323,
        "take_profit_pct": 9.232868103670294,
        "max_positions": 1,
        "dip_threshold_pct": 3.2096192184120964,
        "r2_trend_min": 0.2800918604666133,
        "w_momentum": 0.0,
        "w_mean_reversion": 0.6575,
        "w_volume": 0.3068,
        "w_trend": 0.0358,
        "w_pattern": 0.0
      }
    },
    {
      "annual_return": 135.1988,
      "max_drawdown": 22.3041,
      "win_rate": 50.0,
      "sharpe": 2.3121,
      "calmar": 6.0616,
      "total_trades": 232,
      "profit_factor": 1.7387,
      "fitness": 62.6827,
      "dna": {
        "min_score": 1,
        "rsi_buy_threshold": 50.0,
        "rsi_sell_threshold": 55.0,
        "r2_min": 0.7969075262934295,
        "slope_min": 0.4914397614697203,
        "volume_ratio_min": 1.8243777072652725,
        "hold_days": 2,
        "stop_loss_pct": 3.009525277250455,
        "take_profit_pct": 6.581355880611472,
        "max_positions": 1,
        "dip_threshold_pct": 4.2211189949735894,
        "r2_trend_min": 0.2800918604666133,
        "w_momentum": 0.0038,
        "w_mean_reversion": 0.5988,
        "w_volume": 0.3612,
        "w_trend": 0.0357,
        "w_pattern": 0.0005
      }
    },
    {
      "annual_return": 129.0531,
      "max_drawdown": 23.5281,
      "win_rate": 52.1552,
      "sharpe": 2.2083,
      "calmar": 5.4851,
      "total_trades": 232,
      "profit_factor": 1.5261,
      "fitness": 57.1073,
      "dna": {
        "min_score": 1,
        "rsi_buy_threshold": 50.0,
        "rsi_sell_threshold": 78.35702434951394,
        "r2_min": 0.5878533512370031,
        "slope_min": 0.4914397614697203,
        "volume_ratio_min": 2.0532527868213277,
        "hold_days": 2,
        "stop_loss_pct": 3.6764257728483782,
        "take_profit_pct": 6.3300292894040044,
        "max_positions": 1,
        "dip_threshold_pct": 3.0,
        "r2_trend_min": 0.3184746390325864,
        "w_momentum": 0.0099,
        "w_mean_reversion": 0.6751,
        "w_volume": 0.2817,
        "w_trend": 0.0329,
        "w_pattern": 0.0004
      }
    },
    {
      "annual_return": 146.8485,
      "max_drawdown": 31.1676,
      "win_rate": 48.4848,
      "sharpe": 2.3833,
      "calmar": 4.7116,
      "total_trades": 231,
      "profit_factor": 1.6524,
      "fitness": 48.4451,
      "dna": {
        "min_score": 1,
        "rsi_buy_threshold": 49.06970131747722,
        "rsi_sell_threshold": 80.44435198709397,
        "r2_min": 0.7969075262934295,
        "slope_min": 0.4100543930278001,
        "volume_ratio_min": 1.8243777072652725,
        "hold_days": 2,
        "stop_loss_pct": 3.157417877947897,
        "take_profit_pct": 7.569674956840239,
        "max_positions": 1,
        "dip_threshold_pct": 4.2211189949735894,
        "r2_trend_min": 0.2800918604666133,
        "w_momentum": 0.014,
        "w_mean_reversion": 0.6138,
        "w_volume": 0.333,
        "w_trend": 0.0388,
        "w_pattern": 0.0005
      }
    },
    {
      "annual_return": 49.1479,
      "max_drawdown": 10.6288,
      "win_rate": 53.3333,
      "sharpe": 1.2592,
      "calmar": 4.624,
      "total_trades": 45,
      "profit_factor": 1.2498,
      "fitness": 42.2735,
      "dna": {
        "min_score": 1,
        "rsi_buy_threshold": 50.0,
        "rsi_sell_threshold": 81.99362997625516,
        "r2_min": 0.5878533512370031,
        "slope_min": 0.589301418747433,
        "volume_ratio_min": 1.5649235370738226,
        "hold_days": 2,
        "stop_loss_pct": 3.6764257728483782,
        "take_profit_pct": 6.3300292894040044,
        "max_positions": 1,
        "dip_threshold_pct": 3.0,
        "r2_trend_min": 0.39276608391080003,
        "w_momentum": 0.0,
        "w_mean_reversion": 0.6549,
        "w_volume": 0.3086,
        "w_trend": 0.036,
        "w_pattern": 0.0004
      }
    }
  ]
}