{
  "generation": 1179,
  "timestamp": "2026-03-20T22:04:30",
  "results": [
    {
      "annual_return": 304.3171,
      "max_drawdown": 27.1009,
      "win_rate": 48.7069,
      "sharpe": 2.4457,
      "calmar": 11.229,
      "total_trades": 232,
      "profit_factor": 1.8854,
      "fitness": 116.6998,
      "dna": {
        "min_score": 1,
        "rsi_buy_threshold": 36.82544140750573,
        "rsi_sell_threshold": 76.49917792448127,
        "r2_min": 0.13216102731028406,
        "slope_min": 0.12738256036360873,
        "volume_ratio_min": 2.3035799418061966,
        "hold_days": 2,
        "stop_loss_pct": 3.725191945850786,
        "take_profit_pct": 45.32642100339787,
        "max_positions": 1,
        "dip_threshold_pct": 5.60331823599889,
        "r2_trend_min": 0.24107403190448584,
        "w_momentum": 0.0,
        "w_mean_reversion": 0.4833,
        "w_volume": 0.4534,
        "w_trend": 0.002,
        "w_pattern": 0.0614
      }
    },
    {
      "annual_return": 418.2163,
      "max_drawdown": 46.96,
      "win_rate": 51.9651,
      "sharpe": 2.6787,
      "calmar": 8.9058,
      "total_trades": 229,
      "profit_factor": 2.6056,
      "fitness": 98.5932,
      "dna": {
        "min_score": 1,
        "rsi_buy_threshold": 36.82544140750573,
        "rsi_sell_threshold": 76.49917792448127,
        "r2_min": 0.11490255218310462,
        "slope_min": 0.12738256036360873,
        "volume_ratio_min": 2.3035799418061966,
        "hold_days": 2,
        "stop_loss_pct": 4.500575273474507,
        "take_profit_pct": 40.90478937562862,
        "max_positions": 1,
        "dip_threshold_pct": 4.152127120982188,
        "r2_trend_min": 0.2696195278880058,
        "w_momentum": 0.0,
        "w_mean_reversion": 0.4315,
        "w_volume": 0.5119,
        "w_trend": 0.0116,
        "w_pattern": 0.045
      }
    },
    {
      "annual_return": 185.2147,
      "max_drawdown": 19.405,
      "win_rate": 49.569,
      "sharpe": 2.1953,
      "calmar": 9.5447,
      "total_trades": 232,
      "profit_factor": 1.6705,
      "fitness": 96.7041,
      "dna": {
        "min_score": 1,
        "rsi_buy_threshold": 32.21037225876669,
        "rsi_sell_threshold": 76.49917792448127,
        "r2_min": 0.1,
        "slope_min": 0.12738256036360873,
        "volume_ratio_min": 2.3035799418061966,
        "hold_days": 2,
        "stop_loss_pct": 2.9772571091942184,
        "take_profit_pct": 40.90478937562862,
        "max_positions": 1,
        "dip_threshold_pct": 5.950308757672458,
        "r2_trend_min": 0.24107403190448584,
        "w_momentum": 0.0,
        "w_mean_reversion": 0.5135,
        "w_volume": 0.4176,
        "w_trend": 0.0124,
        "w_pattern": 0.0565
      }
    },
    {
      "annual_return": 140.4251,
      "max_drawdown": 15.294,
      "win_rate": 47.8448,
      "sharpe": 2.1188,
      "calmar": 9.1817,
      "total_trades": 232,
      "profit_factor": 1.5289,
      "fitness": 90.4224,
      "dna": {
        "min_score": 1,
        "rsi_buy_threshold": 36.82544140750573,
        "rsi_sell_threshold": 64.49672528078233,
        "r2_min": 0.1560889757371058,
        "slope_min": 0.14260782629058585,
        "volume_ratio_min": 2.3035799418061966,
        "hold_days": 2,
        "stop_loss_pct": 3.0167894962514183,
        "take_profit_pct": 35.918133066756354,
        "max_positions": 1,
        "dip_threshold_pct": 5.276848365025069,
        "r2_trend_min": 0.24107403190448584,
        "w_momentum": 0.0086,
        "w_mean_reversion": 0.5891,
        "w_volume": 0.3647,
        "w_trend": 0.0102,
        "w_pattern": 0.0273
      }
    },
    {
      "annual_return": 243.6192,
      "max_drawdown": 32.5503,
      "win_rate": 46.2882,
      "sharpe": 2.2425,
      "calmar": 7.4844,
      "total_trades": 229,
      "profit_factor": 2.0261,
      "fitness": 73.7584,
      "dna": {
        "min_score": 1,
        "rsi_buy_threshold": 36.82544140750573,
        "rsi_sell_threshold": 76.49917792448127,
        "r2_min": 0.13216102731028406,
        "slope_min": 0.12738256036360873,
        "volume_ratio_min": 2.3035799418061966,
        "hold_days": 2,
        "stop_loss_pct": 3.725191945850786,
        "take_profit_pct": 40.90478937562862,
        "max_positions": 1,
        "dip_threshold_pct": 4.152127120982188,
        "r2_trend_min": 0.2696195278880058,
        "w_momentum": 0.0,
        "w_mean_reversion": 0.4052,
        "w_volume": 0.5415,
        "w_trend": 0.0109,
        "w_pattern": 0.0423
      }
    }
  ]
}