{
  "generation": 749,
  "timestamp": "2026-03-20T18:46:24",
  "results": [
    {
      "annual_return": 228.1993,
      "max_drawdown": 17.5963,
      "win_rate": 49.3506,
      "sharpe": 2.8268,
      "calmar": 12.9686,
      "total_trades": 231,
      "profit_factor": 1.8711,
      "fitness": 142.6108,
      "dna": {
        "min_score": 1,
        "rsi_buy_threshold": 35.18127986541592,
        "rsi_sell_threshold": 62.06297137878007,
        "r2_min": 0.3230898752259067,
        "slope_min": 0.1,
        "volume_ratio_min": 4.1569226639767916,
        "hold_days": 2,
        "stop_loss_pct": 2.741323422831381,
        "take_profit_pct": 14.84701819113626,
        "max_positions": 1,
        "dip_threshold_pct": 6.98458853358421,
        "r2_trend_min": 0.2647344928389881,
        "w_momentum": 0.0,
        "w_mean_reversion": 0.8041,
        "w_volume": 0.1752,
        "w_trend": 0.0204,
        "w_pattern": 0.0003
      }
    },
    {
      "annual_return": 147.7005,
      "max_drawdown": 24.2378,
      "win_rate": 50.431,
      "sharpe": 2.4218,
      "calmar": 6.0938,
      "total_trades": 232,
      "profit_factor": 1.8119,
      "fitness": 64.236,
      "dna": {
        "min_score": 1,
        "rsi_buy_threshold": 43.505102582660484,
        "rsi_sell_threshold": 55.0,
        "r2_min": 0.6001967834902807,
        "slope_min": 0.13845915484467725,
        "volume_ratio_min": 4.784579884017819,
        "hold_days": 2,
        "stop_loss_pct": 2.741323422831381,
        "take_profit_pct": 12.451408095078742,
        "max_positions": 1,
        "dip_threshold_pct": 3.5219888968485207,
        "r2_trend_min": 0.2,
        "w_momentum": 0.0,
        "w_mean_reversion": 0.6927,
        "w_volume": 0.2312,
        "w_trend": 0.0675,
        "w_pattern": 0.0086
      }
    },
    {
      "annual_return": 106.0388,
      "max_drawdown": 15.8834,
      "win_rate": 32.0346,
      "sharpe": 1.9533,
      "calmar": 6.6761,
      "total_trades": 231,
      "profit_factor": 1.7566,
      "fitness": 52.5475,
      "dna": {
        "min_score": 1,
        "rsi_buy_threshold": 46.195854691798914,
        "rsi_sell_threshold": 75.21254721439918,
        "r2_min": 0.418947692027034,
        "slope_min": 0.23540026093234248,
        "volume_ratio_min": 2.061198896909359,
        "hold_days": 2,
        "stop_loss_pct": 1.4097880832330545,
        "take_profit_pct": 12.738817964607936,
        "max_positions": 1,
        "dip_threshold_pct": 5.87351298487071,
        "r2_trend_min": 0.20491839623482488,
        "w_momentum": 0.0,
        "w_mean_reversion": 0.6461,
        "w_volume": 0.3265,
        "w_trend": 0.0094,
        "w_pattern": 0.018
      }
    },
    {
      "annual_return": 95.2319,
      "max_drawdown": 21.0818,
      "win_rate": 46.5517,
      "sharpe": 1.939,
      "calmar": 4.5173,
      "total_trades": 232,
      "profit_factor": 1.5774,
      "fitness": 42.773,
      "dna": {
        "min_score": 1,
        "rsi_buy_threshold": 43.505102582660484,
        "rsi_sell_threshold": 55.0,
        "r2_min": 0.6558512474790477,
        "slope_min": 0.13845915484467725,
        "volume_ratio_min": 4.784579884017819,
        "hold_days": 2,
        "stop_loss_pct": 2.741323422831381,
        "take_profit_pct": 10.481520413806557,
        "max_positions": 1,
        "dip_threshold_pct": 3.0064020085295766,
        "r2_trend_min": 0.2,
        "w_momentum": 0.0,
        "w_mean_reversion": 0.6816,
        "w_volume": 0.2482,
        "w_trend": 0.0611,
        "w_pattern": 0.0092
      }
    },
    {
      "annual_return": 108.6928,
      "max_drawdown": 23.7999,
      "win_rate": 37.5,
      "sharpe": 2.1767,
      "calmar": 4.5669,
      "total_trades": 232,
      "profit_factor": 1.7137,
      "fitness": 40.1417,
      "dna": {
        "min_score": 1,
        "rsi_buy_threshold": 38.06320141151011,
        "rsi_sell_threshold": 75.21254721439918,
        "r2_min": 0.418947692027034,
        "slope_min": 0.23540026093234248,
        "volume_ratio_min": 2.061198896909359,
        "hold_days": 2,
        "stop_loss_pct": 1.4097880832330545,
        "take_profit_pct": 16.740686296370384,
        "max_positions": 1,
        "dip_threshold_pct": 5.87351298487071,
        "r2_trend_min": 0.20491839623482488,
        "w_momentum": 0.0,
        "w_mean_reversion": 0.6676,
        "w_volume": 0.2975,
        "w_trend": 0.0186,
        "w_pattern": 0.0164
      }
    }
  ]
}