{
  "generation": 239,
  "timestamp": "2026-03-20T14:39:23",
  "results": [
    {
      "annual_return": 220.9679,
      "max_drawdown": 19.0698,
      "win_rate": 55.6034,
      "sharpe": 2.6634,
      "calmar": 11.5873,
      "total_trades": 232,
      "profit_factor": 1.6735,
      "fitness": 132.4295,
      "dna": {
        "min_score": 1,
        "rsi_buy_threshold": 36.06761655562616,
        "rsi_sell_threshold": 95.0,
        "r2_min": 0.1,
        "slope_min": 0.1295643034544125,
        "volume_ratio_min": 0.817714228741249,
        "hold_days": 2,
        "stop_loss_pct": 7.424580788788425,
        "take_profit_pct": 16.912470242112445,
        "max_positions": 1,
        "dip_threshold_pct": 7.057165957364044,
        "r2_trend_min": 0.3195829049311779,
        "w_momentum": 0.0,
        "w_mean_reversion": 0.2094,
        "w_volume": 0.1559,
        "w_trend": 0.0235,
        "w_pattern": 0.6113
      }
    },
    {
      "annual_return": 111.7868,
      "max_drawdown": 14.4438,
      "win_rate": 56.8966,
      "sharpe": 2.3468,
      "calmar": 7.7394,
      "total_trades": 232,
      "profit_factor": 1.6333,
      "fitness": 85.7785,
      "dna": {
        "min_score": 1,
        "rsi_buy_threshold": 40.52549809777859,
        "rsi_sell_threshold": 55.0,
        "r2_min": 0.11582793754196143,
        "slope_min": 0.12440327817601729,
        "volume_ratio_min": 1.0577034481287857,
        "hold_days": 2,
        "stop_loss_pct": 10.0,
        "take_profit_pct": 6.625257626813825,
        "max_positions": 1,
        "dip_threshold_pct": 9.072393243308188,
        "r2_trend_min": 0.38343187318091787,
        "w_momentum": 0.0,
        "w_mean_reversion": 0.2196,
        "w_volume": 0.1444,
        "w_trend": 0.0,
        "w_pattern": 0.636
      }
    },
    {
      "annual_return": 178.2744,
      "max_drawdown": 28.5405,
      "win_rate": 51.9481,
      "sharpe": 2.1838,
      "calmar": 6.2464,
      "total_trades": 231,
      "profit_factor": 1.726,
      "fitness": 64.6836,
      "dna": {
        "min_score": 1,
        "rsi_buy_threshold": 36.06761655562616,
        "rsi_sell_threshold": 79.59033991335623,
        "r2_min": 0.1,
        "slope_min": 0.1,
        "volume_ratio_min": 0.817714228741249,
        "hold_days": 2,
        "stop_loss_pct": 7.424580788788425,
        "take_profit_pct": 16.912470242112445,
        "max_positions": 1,
        "dip_threshold_pct": 9.011619460618322,
        "r2_trend_min": 0.3656627397535238,
        "w_momentum": 0.0,
        "w_mean_reversion": 0.2023,
        "w_volume": 0.1606,
        "w_trend": 0.0079,
        "w_pattern": 0.6292
      }
    },
    {
      "annual_return": 85.2285,
      "max_drawdown": 29.4597,
      "win_rate": 49.1379,
      "sharpe": 1.5878,
      "calmar": 2.8931,
      "total_trades": 232,
      "profit_factor": 1.3864,
      "fitness": 26.7198,
      "dna": {
        "min_score": 1,
        "rsi_buy_threshold": 32.252980617012604,
        "rsi_sell_threshold": 95.0,
        "r2_min": 0.1,
        "slope_min": 0.10163135100042651,
        "volume_ratio_min": 0.949016323315861,
        "hold_days": 2,
        "stop_loss_pct": 10.0,
        "take_profit_pct": 10.605809740168258,
        "max_positions": 1,
        "dip_threshold_pct": 10.652227620923693,
        "r2_trend_min": 0.3656627397535238,
        "w_momentum": 0.0095,
        "w_mean_reversion": 0.2477,
        "w_volume": 0.1487,
        "w_trend": 0.0197,
        "w_pattern": 0.5745
      }
    },
    {
      "annual_return": 84.4398,
      "max_drawdown": 34.2431,
      "win_rate": 51.7241,
      "sharpe": 1.527,
      "calmar": 2.4659,
      "total_trades": 232,
      "profit_factor": 1.5455,
      "fitness": 23.1508,
      "dna": {
        "min_score": 1,
        "rsi_buy_threshold": 36.06761655562616,
        "rsi_sell_threshold": 95.0,
        "r2_min": 0.1,
        "slope_min": 0.1,
        "volume_ratio_min": 0.817714228741249,
        "hold_days": 2,
        "stop_loss_pct": 7.424580788788425,
        "take_profit_pct": 16.912470242112445,
        "max_positions": 1,
        "dip_threshold_pct": 7.057165957364044,
        "r2_trend_min": 0.3656627397535238,
        "w_momentum": 0.0,
        "w_mean_reversion": 0.1976,
        "w_volume": 0.1324,
        "w_trend": 0.0065,
        "w_pattern": 0.6635
      }
    }
  ]
}