{
  "generation": 279,
  "timestamp": "2026-03-20T14:55:02",
  "results": [
    {
      "annual_return": 239.0798,
      "max_drawdown": 27.4245,
      "win_rate": 53.0172,
      "sharpe": 2.6921,
      "calmar": 8.7177,
      "total_trades": 232,
      "profit_factor": 2.0213,
      "fitness": 97.6537,
      "dna": {
        "min_score": 1,
        "rsi_buy_threshold": 43.94949093022306,
        "rsi_sell_threshold": 95.0,
        "r2_min": 0.18844004641725007,
        "slope_min": 0.1310958271673457,
        "volume_ratio_min": 1.3940156662335323,
        "hold_days": 2,
        "stop_loss_pct": 9.14344997345663,
        "take_profit_pct": 13.716820818334982,
        "max_positions": 1,
        "dip_threshold_pct": 3.245390955647065,
        "r2_trend_min": 0.44760301814599607,
        "w_momentum": 0.0,
        "w_mean_reversion": 0.1126,
        "w_volume": 0.0469,
        "w_trend": 0.0,
        "w_pattern": 0.8405
      }
    },
    {
      "annual_return": 151.1188,
      "max_drawdown": 26.0561,
      "win_rate": 49.3506,
      "sharpe": 1.8769,
      "calmar": 5.7997,
      "total_trades": 231,
      "profit_factor": 1.5811,
      "fitness": 56.0372,
      "dna": {
        "min_score": 1,
        "rsi_buy_threshold": 28.00461972406915,
        "rsi_sell_threshold": 82.56582637984735,
        "r2_min": 0.18844004641725007,
        "slope_min": 0.1181665117410066,
        "volume_ratio_min": 1.1085149256972986,
        "hold_days": 2,
        "stop_loss_pct": 10.0,
        "take_profit_pct": 11.828091264866167,
        "max_positions": 1,
        "dip_threshold_pct": 3.245390955647065,
        "r2_trend_min": 0.5368854993009362,
        "w_momentum": 0.0101,
        "w_mean_reversion": 0.0716,
        "w_volume": 0.0397,
        "w_trend": 0.0112,
        "w_pattern": 0.8674
      }
    },
    {
      "annual_return": 165.9222,
      "max_drawdown": 36.064,
      "win_rate": 51.7241,
      "sharpe": 2.0106,
      "calmar": 4.6008,
      "total_trades": 232,
      "profit_factor": 1.89,
      "fitness": 46.3941,
      "dna": {
        "min_score": 1,
        "rsi_buy_threshold": 37.1085194272954,
        "rsi_sell_threshold": 95.0,
        "r2_min": 0.18844004641725007,
        "slope_min": 0.1310958271673457,
        "volume_ratio_min": 1.6655843170812408,
        "hold_days": 2,
        "stop_loss_pct": 9.14344997345663,
        "take_profit_pct": 13.716820818334982,
        "max_positions": 1,
        "dip_threshold_pct": 3.173171673995144,
        "r2_trend_min": 0.44760301814599607,
        "w_momentum": 0.0,
        "w_mean_reversion": 0.1401,
        "w_volume": 0.0583,
        "w_trend": 0.0099,
        "w_pattern": 0.7917
      }
    },
    {
      "annual_return": 103.8072,
      "max_drawdown": 23.1181,
      "win_rate": 54.5455,
      "sharpe": 1.8155,
      "calmar": 4.4903,
      "total_trades": 231,
      "profit_factor": 1.6503,
      "fitness": 45.205,
      "dna": {
        "min_score": 1,
        "rsi_buy_threshold": 28.00461972406915,
        "rsi_sell_threshold": 82.56582637984735,
        "r2_min": 0.18844004641725007,
        "slope_min": 0.10056497336528097,
        "volume_ratio_min": 1.6371905755245189,
        "hold_days": 2,
        "stop_loss_pct": 10.0,
        "take_profit_pct": 13.716820818334982,
        "max_positions": 1,
        "dip_threshold_pct": 3.173171673995144,
        "r2_trend_min": 0.3262129865605265,
        "w_momentum": 0.0,
        "w_mean_reversion": 0.0803,
        "w_volume": 0.0519,
        "w_trend": 0.0098,
        "w_pattern": 0.858
      }
    },
    {
      "annual_return": 116.5234,
      "max_drawdown": 30.5935,
      "win_rate": 50.431,
      "sharpe": 1.8465,
      "calmar": 3.8088,
      "total_trades": 232,
      "profit_factor": 1.7502,
      "fitness": 37.0365,
      "dna": {
        "min_score": 1,
        "rsi_buy_threshold": 44.878179812059535,
        "rsi_sell_threshold": 95.0,
        "r2_min": 0.2677062821314446,
        "slope_min": 0.1310958271673457,
        "volume_ratio_min": 1.5559442710713374,
        "hold_days": 2,
        "stop_loss_pct": 9.14344997345663,
        "take_profit_pct": 13.716820818334982,
        "max_positions": 1,
        "dip_threshold_pct": 3.5859976690397364,
        "r2_trend_min": 0.44760301814599607,
        "w_momentum": 0.0,
        "w_mean_reversion": 0.115,
        "w_volume": 0.0479,
        "w_trend": 0.0,
        "w_pattern": 0.8371
      }
    }
  ]
}