{
  "generation": 49,
  "timestamp": "2026-03-20T12:51:54",
  "results": [
    {
      "annual_return": 302.7566,
      "max_drawdown": 15.4412,
      "win_rate": 47.3684,
      "sharpe": 2.782,
      "calmar": 19.607,
      "total_trades": 57,
      "profit_factor": 1.4193,
      "fitness": 210.0272,
      "dna": {
        "min_score": 4,
        "rsi_buy_threshold": 30.143984306836696,
        "rsi_sell_threshold": 72.95506713324592,
        "r2_min": 0.5528211292710637,
        "slope_min": 0.9109251890791344,
        "volume_ratio_min": 1.4600010393092135,
        "hold_days": 1,
        "stop_loss_pct": 8.910819700526622,
        "take_profit_pct": 8.501805708679013,
        "max_positions": 1,
        "dip_threshold_pct": 12.769947330640674,
        "r2_trend_min": 0.25304048804502105,
        "w_momentum": 0.1039,
        "w_mean_reversion": 0.0777,
        "w_volume": 0.1645,
        "w_trend": 0.3478,
        "w_pattern": 0.3062
      }
    },
    {
      "annual_return": 435.7813,
      "max_drawdown": 30.881,
      "win_rate": 50.1075,
      "sharpe": 2.6331,
      "calmar": 14.1116,
      "total_trades": 465,
      "profit_factor": 1.4353,
      "fitness": 152.4957,
      "dna": {
        "min_score": 3,
        "rsi_buy_threshold": 35.21482191104066,
        "rsi_sell_threshold": 95.0,
        "r2_min": 0.7352190901300335,
        "slope_min": 1.0281496310060914,
        "volume_ratio_min": 1.3696203297019256,
        "hold_days": 1,
        "stop_loss_pct": 8.910819700526622,
        "take_profit_pct": 16.672638265750123,
        "max_positions": 1,
        "dip_threshold_pct": 12.988820828318675,
        "r2_trend_min": 0.447986351398128,
        "w_momentum": 0.0858,
        "w_mean_reversion": 0.1248,
        "w_volume": 0.1834,
        "w_trend": 0.3395,
        "w_pattern": 0.2665
      }
    },
    {
      "annual_return": 390.1442,
      "max_drawdown": 31.3021,
      "win_rate": 53.3333,
      "sharpe": 2.8987,
      "calmar": 12.4639,
      "total_trades": 150,
      "profit_factor": 1.5592,
      "fitness": 143.7933,
      "dna": {
        "min_score": 3,
        "rsi_buy_threshold": 30.631773798768144,
        "rsi_sell_threshold": 74.91177752578666,
        "r2_min": 0.5666551222298184,
        "slope_min": 0.8155000624951114,
        "volume_ratio_min": 1.4600010393092135,
        "hold_days": 1,
        "stop_loss_pct": 7.273097067092191,
        "take_profit_pct": 8.501805708679013,
        "max_positions": 1,
        "dip_threshold_pct": 12.769947330640674,
        "r2_trend_min": 0.25304048804502105,
        "w_momentum": 0.112,
        "w_mean_reversion": 0.1017,
        "w_volume": 0.1216,
        "w_trend": 0.395,
        "w_pattern": 0.2697
      }
    },
    {
      "annual_return": 318.2602,
      "max_drawdown": 37.8936,
      "win_rate": 50.9677,
      "sharpe": 2.4313,
      "calmar": 8.3988,
      "total_trades": 465,
      "profit_factor": 1.3698,
      "fitness": 89.117,
      "dna": {
        "min_score": 3,
        "rsi_buy_threshold": 32.97731074365326,
        "rsi_sell_threshold": 95.0,
        "r2_min": 0.45545464098034877,
        "slope_min": 0.6767941199103154,
        "volume_ratio_min": 1.2839120651655633,
        "hold_days": 1,
        "stop_loss_pct": 8.910819700526622,
        "take_profit_pct": 10.803135819877161,
        "max_positions": 1,
        "dip_threshold_pct": 10.532509769882711,
        "r2_trend_min": 0.36514298182291693,
        "w_momentum": 0.0823,
        "w_mean_reversion": 0.1416,
        "w_volume": 0.12,
        "w_trend": 0.3898,
        "w_pattern": 0.2662
      }
    },
    {
      "annual_return": 341.8114,
      "max_drawdown": 43.7739,
      "win_rate": 50.5376,
      "sharpe": 2.4471,
      "calmar": 7.8086,
      "total_trades": 465,
      "profit_factor": 1.2254,
      "fitness": 82.6789,
      "dna": {
        "min_score": 3,
        "rsi_buy_threshold": 30.631773798768144,
        "rsi_sell_threshold": 95.0,
        "r2_min": 0.5528211292710637,
        "slope_min": 0.7267992230862785,
        "volume_ratio_min": 1.4600010393092135,
        "hold_days": 1,
        "stop_loss_pct": 7.273097067092191,
        "take_profit_pct": 8.501805708679013,
        "max_positions": 1,
        "dip_threshold_pct": 12.769947330640674,
        "r2_trend_min": 0.25304048804502105,
        "w_momentum": 0.1409,
        "w_mean_reversion": 0.0867,
        "w_volume": 0.1676,
        "w_trend": 0.3914,
        "w_pattern": 0.2134
      }
    }
  ]
}