{
  "generation": 1049,
  "timestamp": "2026-03-20T21:14:58",
  "results": [
    {
      "annual_return": 229.7184,
      "max_drawdown": 21.124,
      "win_rate": 50.0,
      "sharpe": 2.6237,
      "calmar": 10.8748,
      "total_trades": 232,
      "profit_factor": 2.0237,
      "fitness": 117.2473,
      "dna": {
        "min_score": 1,
        "rsi_buy_threshold": 14.018252574232351,
        "rsi_sell_threshold": 95.0,
        "r2_min": 0.12370718267635251,
        "slope_min": 0.17005313702767957,
        "volume_ratio_min": 1.285657428363722,
        "hold_days": 2,
        "stop_loss_pct": 7.357136278077352,
        "take_profit_pct": 8.614759639007918,
        "max_positions": 1,
        "dip_threshold_pct": 22.43971563514007,
        "r2_trend_min": 0.6271141866764365,
        "w_momentum": 0.0033,
        "w_mean_reversion": 0.2641,
        "w_volume": 0.7195,
        "w_trend": 0.0131,
        "w_pattern": 0.0
      }
    },
    {
      "annual_return": 262.0482,
      "max_drawdown": 35.4277,
      "win_rate": 53.2468,
      "sharpe": 2.6162,
      "calmar": 7.3967,
      "total_trades": 231,
      "profit_factor": 1.7548,
      "fitness": 82.2152,
      "dna": {
        "min_score": 1,
        "rsi_buy_threshold": 11.403247207990788,
        "rsi_sell_threshold": 88.21271222144182,
        "r2_min": 0.12370718267635251,
        "slope_min": 0.23189425480069223,
        "volume_ratio_min": 1.4613080087758168,
        "hold_days": 2,
        "stop_loss_pct": 8.571738911665799,
        "take_profit_pct": 8.614759639007918,
        "max_positions": 1,
        "dip_threshold_pct": 18.874357659680413,
        "r2_trend_min": 0.6271141866764365,
        "w_momentum": 0.0106,
        "w_mean_reversion": 0.2162,
        "w_volume": 0.7547,
        "w_trend": 0.0102,
        "w_pattern": 0.0083
      }
    },
    {
      "annual_return": 191.9443,
      "max_drawdown": 28.8131,
      "win_rate": 51.7241,
      "sharpe": 2.2445,
      "calmar": 6.6617,
      "total_trades": 232,
      "profit_factor": 1.7828,
      "fitness": 69.4173,
      "dna": {
        "min_score": 1,
        "rsi_buy_threshold": 14.018252574232351,
        "rsi_sell_threshold": 69.35593432160461,
        "r2_min": 0.12370718267635251,
        "slope_min": 0.17005313702767957,
        "volume_ratio_min": 1.4613080087758168,
        "hold_days": 2,
        "stop_loss_pct": 10.0,
        "take_profit_pct": 8.614759639007918,
        "max_positions": 1,
        "dip_threshold_pct": 22.43971563514007,
        "r2_trend_min": 0.6271141866764365,
        "w_momentum": 0.0,
        "w_mean_reversion": 0.2882,
        "w_volume": 0.699,
        "w_trend": 0.0127,
        "w_pattern": 0.0
      }
    },
    {
      "annual_return": 179.7574,
      "max_drawdown": 26.8332,
      "win_rate": 49.1379,
      "sharpe": 2.0975,
      "calmar": 6.6991,
      "total_trades": 232,
      "profit_factor": 1.3385,
      "fitness": 66.659,
      "dna": {
        "min_score": 1,
        "rsi_buy_threshold": 14.018252574232351,
        "rsi_sell_threshold": 95.0,
        "r2_min": 0.1,
        "slope_min": 0.11693680930405768,
        "volume_ratio_min": 1.285657428363722,
        "hold_days": 2,
        "stop_loss_pct": 7.357136278077352,
        "take_profit_pct": 9.603314248345853,
        "max_positions": 1,
        "dip_threshold_pct": 22.43971563514007,
        "r2_trend_min": 0.6271141866764365,
        "w_momentum": 0.0,
        "w_mean_reversion": 0.2057,
        "w_volume": 0.782,
        "w_trend": 0.0123,
        "w_pattern": 0.0
      }
    },
    {
      "annual_return": 187.1729,
      "max_drawdown": 41.1364,
      "win_rate": 50.431,
      "sharpe": 2.2413,
      "calmar": 4.5501,
      "total_trades": 232,
      "profit_factor": 1.7793,
      "fitness": 46.7961,
      "dna": {
        "min_score": 1,
        "rsi_buy_threshold": 14.018252574232351,
        "rsi_sell_threshold": 67.37823717696025,
        "r2_min": 0.12370718267635251,
        "slope_min": 0.17005313702767957,
        "volume_ratio_min": 1.4613080087758168,
        "hold_days": 2,
        "stop_loss_pct": 8.76067904022291,
        "take_profit_pct": 8.614759639007918,
        "max_positions": 1,
        "dip_threshold_pct": 22.43971563514007,
        "r2_trend_min": 0.7735229222521882,
        "w_momentum": 0.0032,
        "w_mean_reversion": 0.293,
        "w_volume": 0.6912,
        "w_trend": 0.0126,
        "w_pattern": 0.0
      }
    }
  ]
}