{
  "generation": 99,
  "timestamp": "2026-03-22T08:07:39",
  "results": [
    {
      "annual_return": 344.197,
      "max_drawdown": 17.361,
      "win_rate": 56.7742,
      "sharpe": 2.6446,
      "calmar": 19.8259,
      "total_trades": 155,
      "profit_factor": 2.3695,
      "fitness": 228.3996,
      "dna": {
        "min_score": 4,
        "rsi_buy_threshold": 10.0,
        "rsi_sell_threshold": 75.91818052146596,
        "r2_min": 0.5451443745517546,
        "slope_min": 0.263564837670533,
        "volume_ratio_min": 0.5556334886314034,
        "hold_days": 3,
        "stop_loss_pct": 5.681643404344615,
        "take_profit_pct": 33.353010846430266,
        "max_positions": 1,
        "dip_threshold_pct": 24.353599301981394,
        "r2_trend_min": 0.31656530878542827,
        "w_momentum": 0.0099,
        "w_mean_reversion": 0.0126,
        "w_volume": 0.047,
        "w_trend": 0.0329,
        "w_pattern": 0.0702,
        "w_macd": 0.0053,
        "w_bollinger": 0.0507,
        "w_kdj": 0.1185,
        "w_obv": 0.0635,
        "w_support": 0.0218,
        "w_volume_profile": 0.0096,
        "w_pe": 0.0178,
        "w_pb": 0.0,
        "w_roe": 0.0151,
        "w_revenue_growth": 0.0409,
        "w_atr": 0.0,
        "w_adx": 0.0248,
        "w_roc": 0.0046,
        "w_williams_r": 0.0137,
        "w_cci": 0.009,
        "w_mfi": 0.0099,
        "w_vwap": 0.0552,
        "w_donchian": 0.0517,
        "w_ichimoku": 0.0,
        "w_elder_ray": 0.0255,
        "w_beta": 0.0179,
        "w_r_squared": 0.0098,
        "w_residual": 0.0155,
        "w_quantile_upper": 0.0166,
        "w_quantile_lower": 0.0093,
        "w_aroon": 0.0098,
        "w_price_volume_corr": 0.0,
        "w_revenue_yoy": 0.0081,
        "w_revenue_qoq": 0.0183,
        "w_profit_yoy": 0.0348,
        "w_profit_qoq": 0.0359,
        "w_ps": 0.0021,
        "w_peg": 0.0495,
        "w_gross_margin": 0.0253,
        "w_debt_ratio": 0.027,
        "w_cashflow": 0.0102
      }
    },
    {
      "annual_return": 176.3295,
      "max_drawdown": 22.4967,
      "win_rate": 52.9032,
      "sharpe": 2.0589,
      "calmar": 7.838,
      "total_trades": 155,
      "profit_factor": 1.6924,
      "fitness": 80.4851,
      "dna": {
        "min_score": 4,
        "rsi_buy_threshold": 10.0,
        "rsi_sell_threshold": 75.91818052146596,
        "r2_min": 0.5451443745517546,
        "slope_min": 0.263564837670533,
        "volume_ratio_min": 0.6412367375682251,
        "hold_days": 3,
        "stop_loss_pct": 5.681643404344615,
        "take_profit_pct": 33.353010846430266,
        "max_positions": 1,
        "dip_threshold_pct": 24.353599301981394,
        "r2_trend_min": 0.31656530878542827,
        "w_momentum": 0.0,
        "w_mean_reversion": 0.0132,
        "w_volume": 0.0492,
        "w_trend": 0.0344,
        "w_pattern": 0.0735,
        "w_macd": 0.0055,
        "w_bollinger": 0.0673,
        "w_kdj": 0.1017,
        "w_obv": 0.0665,
        "w_support": 0.0228,
        "w_volume_profile": 0.0205,
        "w_pe": 0.0186,
        "w_pb": 0.0,
        "w_roe": 0.0158,
        "w_revenue_growth": 0.0428,
        "w_atr": 0.0,
        "w_adx": 0.0155,
        "w_roc": 0.0048,
        "w_williams_r": 0.0143,
        "w_cci": 0.0,
        "w_mfi": 0.0104,
        "w_vwap": 0.0442,
        "w_donchian": 0.0541,
        "w_ichimoku": 0.0,
        "w_elder_ray": 0.0267,
        "w_beta": 0.0083,
        "w_r_squared": 0.0103,
        "w_residual": 0.0058,
        "w_quantile_upper": 0.0278,
        "w_quantile_lower": 0.0,
        "w_aroon": 0.0,
        "w_price_volume_corr": 0.0,
        "w_revenue_yoy": 0.0085,
        "w_revenue_qoq": 0.0192,
        "w_profit_yoy": 0.0364,
        "w_profit_qoq": 0.048,
        "w_ps": 0.0,
        "w_peg": 0.0371,
        "w_gross_margin": 0.0369,
        "w_debt_ratio": 0.0387,
        "w_cashflow": 0.0211
      }
    },
    {
      "annual_return": 177.2571,
      "max_drawdown": 24.2271,
      "win_rate": 57.4194,
      "sharpe": 2.1328,
      "calmar": 7.3165,
      "total_trades": 155,
      "profit_factor": 1.9613,
      "fitness": 79.0894,
      "dna": {
        "min_score": 4,
        "rsi_buy_threshold": 10.0,
        "rsi_sell_threshold": 95.0,
        "r2_min": 0.5146641534131342,
        "slope_min": 0.1803662626668546,
        "volume_ratio_min": 0.6021869969153371,
        "hold_days": 3,
        "stop_loss_pct": 5.471894211516708,
        "take_profit_pct": 36.26173850145214,
        "max_positions": 1,
        "dip_threshold_pct": 24.353599301981394,
        "r2_trend_min": 0.2949960068922871,
        "w_momentum": 0.0,
        "w_mean_reversion": 0.003,
        "w_volume": 0.0514,
        "w_trend": 0.0293,
        "w_pattern": 0.0835,
        "w_macd": 0.0058,
        "w_bollinger": 0.0739,
        "w_kdj": 0.0851,
        "w_obv": 0.0743,
        "w_support": 0.0221,
        "w_volume_profile": 0.0,
        "w_pe": 0.0302,
        "w_pb": 0.0109,
        "w_roe": 0.0272,
        "w_revenue_growth": 0.0573,
        "w_atr": 0.0384,
        "w_adx": 0.0351,
        "w_roc": 0.0,
        "w_williams_r": 0.0138,
        "w_cci": 0.0,
        "w_mfi": 0.0,
        "w_vwap": 0.0566,
        "w_donchian": 0.0392,
        "w_ichimoku": 0.0,
        "w_elder_ray": 0.0278,
        "w_beta": 0.0304,
        "w_r_squared": 0.0,
        "w_residual": 0.017,
        "w_quantile_upper": 0.0186,
        "w_quantile_lower": 0.0102,
        "w_aroon": 0.0108,
        "w_price_volume_corr": 0.0,
        "w_revenue_yoy": 0.0082,
        "w_revenue_qoq": 0.0,
        "w_profit_yoy": 0.0374,
        "w_profit_qoq": 0.0179,
        "w_ps": 0.0223,
        "w_peg": 0.0274,
        "w_gross_margin": 0.0168,
        "w_debt_ratio": 0.0173,
        "w_cashflow": 0.0008
      }
    },
    {
      "annual_return": 206.6056,
      "max_drawdown": 27.008,
      "win_rate": 50.3226,
      "sharpe": 2.1511,
      "calmar": 7.6498,
      "total_trades": 155,
      "profit_factor": 2.3469,
      "fitness": 77.6133,
      "dna": {
        "min_score": 4,
        "rsi_buy_threshold": 10.0,
        "rsi_sell_threshold": 57.667268950477094,
        "r2_min": 0.5451443745517546,
        "slope_min": 0.263564837670533,
        "volume_ratio_min": 0.5556334886314034,
        "hold_days": 3,
        "stop_loss_pct": 5.681643404344615,
        "take_profit_pct": 26.81228080989456,
        "max_positions": 1,
        "dip_threshold_pct": 24.353599301981394,
        "r2_trend_min": 0.31656530878542827,
        "w_momentum": 0.0103,
        "w_mean_reversion": 0.0131,
        "w_volume": 0.0358,
        "w_trend": 0.0342,
        "w_pattern": 0.0731,
        "w_macd": 0.0055,
        "w_bollinger": 0.0528,
        "w_kdj": 0.1233,
        "w_obv": 0.0804,
        "w_support": 0.0227,
        "w_volume_profile": 0.0,
        "w_pe": 0.0185,
        "w_pb": 0.0,
        "w_roe": 0.0157,
        "w_revenue_growth": 0.0426,
        "w_atr": 0.0,
        "w_adx": 0.0362,
        "w_roc": 0.0048,
        "w_williams_r": 0.0143,
        "w_cci": 0.0094,
        "w_mfi": 0.0103,
        "w_vwap": 0.0575,
        "w_donchian": 0.0434,
        "w_ichimoku": 0.0,
        "w_elder_ray": 0.0265,
        "w_beta": 0.0186,
        "w_r_squared": 0.0,
        "w_residual": 0.0057,
        "w_quantile_upper": 0.0173,
        "w_quantile_lower": 0.0097,
        "w_aroon": 0.0102,
        "w_price_volume_corr": 0.0,
        "w_revenue_yoy": 0.0084,
        "w_revenue_qoq": 0.019,
        "w_profit_yoy": 0.0362,
        "w_profit_qoq": 0.027,
        "w_ps": 0.0022,
        "w_peg": 0.0398,
        "w_gross_margin": 0.0263,
        "w_debt_ratio": 0.0385,
        "w_cashflow": 0.0106
      }
    },
    {
      "annual_return": 177.1083,
      "max_drawdown": 26.6204,
      "win_rate": 52.9032,
      "sharpe": 2.1882,
      "calmar": 6.6531,
      "total_trades": 155,
      "profit_factor": 2.0826,
      "fitness": 69.5695,
      "dna": {
        "min_score": 5,